0 verbose cli C:\Program Files\nodejs\node.exe C:\Program Files\nodejs\node_modules\npm\bin\npm-cli.js
1 info using npm@10.9.2
2 info using node@v22.17.0
3 silly config load:file:C:\Program Files\nodejs\node_modules\npm\npmrc
4 silly config load:file:C:\Users\sohar\OneDrive\Desktop\doodlepad\doodlepad\.npmrc
5 silly config load:file:C:\Users\sohar\.npmrc
6 silly config load:file:C:\Users\sohar\AppData\Roaming\npm\etc\npmrc
7 verbose title npm install
8 verbose argv "install"
9 verbose logfile logs-max:10 dir:C:\Users\sohar\OneDrive\Desktop\doodlepad\doodlepad\clear\_logs\2025-07-17T18_56_31_409Z-
10 verbose logfile C:\Users\sohar\OneDrive\Desktop\doodlepad\doodlepad\clear\_logs\2025-07-17T18_56_31_409Z-debug-0.log
11 silly logfile done cleaning log files
12 silly packumentCache heap:2197815296 maxSize:549453824 maxEntrySize:274726912
13 http fetch GET 200 https://registry.npmjs.org/npm 695ms
14 silly idealTree buildDeps
15 silly fetch manifest turbo-darwin-64@2.5.4
16 silly packumentCache full:https://registry.npmjs.org/turbo-darwin-64 cache-miss
17 http fetch GET 200 https://registry.npmjs.org/turbo-darwin-64 503ms (cache miss)
18 silly packumentCache full:https://registry.npmjs.org/turbo-darwin-64 set size:undefined disposed:false
19 silly fetch manifest turbo-darwin-arm64@2.5.4
20 silly packumentCache full:https://registry.npmjs.org/turbo-darwin-arm64 cache-miss
21 http fetch GET 200 https://registry.npmjs.org/turbo-darwin-arm64 1154ms (cache miss)
22 silly packumentCache full:https://registry.npmjs.org/turbo-darwin-arm64 set size:undefined disposed:false
23 silly fetch manifest turbo-linux-64@2.5.4
24 silly packumentCache full:https://registry.npmjs.org/turbo-linux-64 cache-miss
25 http fetch GET 200 https://registry.npmjs.org/turbo-linux-64 1094ms (cache miss)
26 silly packumentCache full:https://registry.npmjs.org/turbo-linux-64 set size:undefined disposed:false
27 silly fetch manifest turbo-linux-arm64@2.5.4
28 silly packumentCache full:https://registry.npmjs.org/turbo-linux-arm64 cache-miss
29 http fetch GET 200 https://registry.npmjs.org/turbo-linux-arm64 1257ms (cache miss)
30 silly packumentCache full:https://registry.npmjs.org/turbo-linux-arm64 set size:undefined disposed:false
31 silly fetch manifest turbo-windows-64@2.5.4
32 silly packumentCache full:https://registry.npmjs.org/turbo-windows-64 cache-miss
33 http fetch GET 200 https://registry.npmjs.org/turbo-windows-64 1072ms (cache miss)
34 silly packumentCache full:https://registry.npmjs.org/turbo-windows-64 set size:undefined disposed:false
35 silly fetch manifest turbo-windows-arm64@2.5.4
36 silly packumentCache full:https://registry.npmjs.org/turbo-windows-arm64 cache-miss
37 http fetch GET 200 https://registry.npmjs.org/turbo-windows-arm64 1245ms (cache miss)
38 silly packumentCache full:https://registry.npmjs.org/turbo-windows-arm64 set size:undefined disposed:false
39 silly placeDep ROOT turbo-darwin-64@2.5.4 OK for: turbo@2.5.4 want: 2.5.4
40 silly placeDep ROOT turbo-darwin-arm64@2.5.4 OK for: turbo@2.5.4 want: 2.5.4
41 silly placeDep ROOT turbo-linux-64@2.5.4 OK for: turbo@2.5.4 want: 2.5.4
42 silly placeDep ROOT turbo-linux-arm64@2.5.4 OK for: turbo@2.5.4 want: 2.5.4
43 silly placeDep ROOT turbo-windows-64@2.5.4 OK for: turbo@2.5.4 want: 2.5.4
44 silly placeDep ROOT turbo-windows-arm64@2.5.4 OK for: turbo@2.5.4 want: 2.5.4
45 silly fetch manifest @dprint/formatter@^0.4.1
46 silly packumentCache full:https://registry.npmjs.org/@dprint%2fformatter cache-miss
47 http fetch GET 200 https://registry.npmjs.org/@dprint%2fformatter 2475ms (cache miss)
48 silly packumentCache full:https://registry.npmjs.org/@dprint%2fformatter set size:undefined disposed:false
49 silly fetch manifest @dprint/typescript@0.93.3
50 silly packumentCache full:https://registry.npmjs.org/@dprint%2ftypescript cache-miss
51 http fetch GET 200 https://registry.npmjs.org/@dprint%2ftypescript 2318ms (cache miss)
52 silly packumentCache full:https://registry.npmjs.org/@dprint%2ftypescript set size:undefined disposed:false
53 silly fetch manifest @esfx/canceltoken@^1.0.0
54 silly packumentCache full:https://registry.npmjs.org/@esfx%2fcanceltoken cache-miss
55 http fetch GET 200 https://registry.npmjs.org/@esfx%2fcanceltoken 2351ms (cache miss)
56 silly packumentCache full:https://registry.npmjs.org/@esfx%2fcanceltoken set size:undefined disposed:false
57 silly fetch manifest @eslint/js@^9.17.0
58 silly packumentCache full:https://registry.npmjs.org/@eslint%2fjs cache-miss
59 http fetch GET 200 https://registry.npmjs.org/@eslint%2fjs 159ms (cache miss)
60 silly packumentCache full:https://registry.npmjs.org/@eslint%2fjs set size:undefined disposed:false
61 silly fetch manifest @octokit/rest@^21.0.2
62 silly packumentCache full:https://registry.npmjs.org/@octokit%2frest cache-miss
63 http fetch GET 200 https://registry.npmjs.org/@octokit%2frest 792ms (cache miss)
64 silly packumentCache full:https://registry.npmjs.org/@octokit%2frest set size:undefined disposed:false
65 silly fetch manifest @types/chai@^4.3.20
66 silly packumentCache full:https://registry.npmjs.org/@types%2fchai cache-miss
67 http fetch GET 200 https://registry.npmjs.org/@types%2fchai 518ms (cache miss)
68 silly packumentCache full:https://registry.npmjs.org/@types%2fchai set size:undefined disposed:false
69 silly fetch manifest @types/diff@^5.2.3
70 silly packumentCache full:https://registry.npmjs.org/@types%2fdiff cache-miss
71 http fetch GET 200 https://registry.npmjs.org/@types%2fdiff 446ms (cache miss)
72 silly packumentCache full:https://registry.npmjs.org/@types%2fdiff set size:undefined disposed:false
73 silly fetch manifest @types/minimist@^1.2.5
74 silly packumentCache full:https://registry.npmjs.org/@types%2fminimist cache-miss
75 http fetch GET 200 https://registry.npmjs.org/@types%2fminimist 501ms (cache miss)
76 silly packumentCache full:https://registry.npmjs.org/@types%2fminimist set size:undefined disposed:false
77 silly fetch manifest @types/mocha@^10.0.10
78 silly packumentCache full:https://registry.npmjs.org/@types%2fmocha cache-miss
79 http fetch GET 200 https://registry.npmjs.org/@types%2fmocha 422ms (cache miss)
80 silly packumentCache full:https://registry.npmjs.org/@types%2fmocha set size:undefined disposed:false
81 silly fetch manifest @types/ms@^0.7.34
82 silly packumentCache full:https://registry.npmjs.org/@types%2fms cache-miss
83 http fetch GET 200 https://registry.npmjs.org/@types%2fms 163ms (cache miss)
84 silly packumentCache full:https://registry.npmjs.org/@types%2fms set size:undefined disposed:false
85 silly fetch manifest @types/node@latest
86 silly packumentCache full:https://registry.npmjs.org/@types%2fnode cache-miss
87 http fetch GET 200 https://registry.npmjs.org/@types%2fnode 611ms (cache miss)
88 silly packumentCache full:https://registry.npmjs.org/@types%2fnode set size:undefined disposed:false
89 silly fetch manifest @types/source-map-support@^0.5.10
90 silly packumentCache full:https://registry.npmjs.org/@types%2fsource-map-support cache-miss
91 http fetch GET 200 https://registry.npmjs.org/@types%2fsource-map-support 432ms (cache miss)
92 silly packumentCache full:https://registry.npmjs.org/@types%2fsource-map-support set size:undefined disposed:false
93 silly fetch manifest @types/which@^3.0.4
94 silly packumentCache full:https://registry.npmjs.org/@types%2fwhich cache-miss
95 http fetch GET 200 https://registry.npmjs.org/@types%2fwhich 454ms (cache miss)
96 silly packumentCache full:https://registry.npmjs.org/@types%2fwhich set size:undefined disposed:false
97 silly fetch manifest @typescript-eslint/rule-tester@^8.18.1
98 silly packumentCache full:https://registry.npmjs.org/@typescript-eslint%2frule-tester cache-miss
99 http fetch GET 200 https://registry.npmjs.org/@typescript-eslint%2frule-tester 2547ms (cache miss)
100 silly packumentCache full:https://registry.npmjs.org/@typescript-eslint%2frule-tester set size:undefined disposed:false
101 silly fetch manifest azure-devops-node-api@^14.1.0
102 silly packumentCache full:https://registry.npmjs.org/azure-devops-node-api cache-miss
103 http fetch GET 200 https://registry.npmjs.org/azure-devops-node-api 395ms (cache miss)
104 silly packumentCache full:https://registry.npmjs.org/azure-devops-node-api set size:undefined disposed:false
105 silly fetch manifest c8@^10.1.3
106 silly packumentCache full:https://registry.npmjs.org/c8 cache-miss
107 http fetch GET 200 https://registry.npmjs.org/c8 526ms (cache miss)
108 silly packumentCache full:https://registry.npmjs.org/c8 set size:undefined disposed:false
109 silly fetch manifest chai@^4.5.0
110 silly packumentCache full:https://registry.npmjs.org/chai cache-miss
111 http fetch GET 200 https://registry.npmjs.org/chai 498ms (cache miss)
112 silly packumentCache full:https://registry.npmjs.org/chai set size:undefined disposed:false
113 silly fetch manifest chokidar@^3.6.0
114 silly packumentCache full:https://registry.npmjs.org/chokidar cache-miss
115 http fetch GET 200 https://registry.npmjs.org/chokidar 118ms (cache miss)
116 silly packumentCache full:https://registry.npmjs.org/chokidar set size:undefined disposed:false
117 silly fetch manifest diff@^5.2.0
118 silly packumentCache full:https://registry.npmjs.org/diff cache-miss
119 http fetch GET 200 https://registry.npmjs.org/diff 307ms (cache miss)
120 silly packumentCache full:https://registry.npmjs.org/diff set size:undefined disposed:false
121 silly fetch manifest dprint@^0.47.6
122 silly packumentCache full:https://registry.npmjs.org/dprint cache-miss
123 http fetch GET 200 https://registry.npmjs.org/dprint 1084ms (cache miss)
124 silly packumentCache full:https://registry.npmjs.org/dprint set size:undefined disposed:false
125 silly fetch manifest esbuild@^0.24.0
126 silly packumentCache full:https://registry.npmjs.org/esbuild cache-miss
127 http fetch GET 200 https://registry.npmjs.org/esbuild 153ms (cache miss)
128 silly packumentCache full:https://registry.npmjs.org/esbuild set size:undefined disposed:false
129 silly fetch manifest eslint-formatter-autolinkable-stylish@^1.4.0
130 silly packumentCache full:https://registry.npmjs.org/eslint-formatter-autolinkable-stylish cache-miss
131 http fetch GET 200 https://registry.npmjs.org/eslint-formatter-autolinkable-stylish 1033ms (cache miss)
132 silly packumentCache full:https://registry.npmjs.org/eslint-formatter-autolinkable-stylish set size:undefined disposed:false
133 silly fetch manifest eslint-plugin-regexp@^2.7.0
134 silly packumentCache full:https://registry.npmjs.org/eslint-plugin-regexp cache-miss
135 http fetch GET 200 https://registry.npmjs.org/eslint-plugin-regexp 1152ms (cache miss)
136 silly packumentCache full:https://registry.npmjs.org/eslint-plugin-regexp set size:undefined disposed:false
137 silly fetch manifest fast-xml-parser@^4.5.1
138 silly packumentCache full:https://registry.npmjs.org/fast-xml-parser cache-miss
139 http fetch GET 200 https://registry.npmjs.org/fast-xml-parser 248ms (cache miss)
140 silly packumentCache full:https://registry.npmjs.org/fast-xml-parser set size:undefined disposed:false
141 silly fetch manifest glob@^10.4.5
142 silly packumentCache full:https://registry.npmjs.org/glob cache-miss
143 http fetch GET 200 https://registry.npmjs.org/glob 174ms (cache miss)
144 silly packumentCache full:https://registry.npmjs.org/glob set size:undefined disposed:false
145 silly fetch manifest globals@^15.13.0
146 silly packumentCache full:https://registry.npmjs.org/globals cache-miss
147 http fetch GET 200 https://registry.npmjs.org/globals 122ms (cache miss)
148 silly packumentCache full:https://registry.npmjs.org/globals set size:undefined disposed:false
149 silly fetch manifest hereby@^1.10.0
150 silly packumentCache full:https://registry.npmjs.org/hereby cache-miss
151 http fetch GET 200 https://registry.npmjs.org/hereby 307ms (cache miss)
152 silly packumentCache full:https://registry.npmjs.org/hereby set size:undefined disposed:false
153 silly fetch manifest jsonc-parser@^3.3.1
154 silly packumentCache full:https://registry.npmjs.org/jsonc-parser cache-miss
155 http fetch GET 200 https://registry.npmjs.org/jsonc-parser 295ms (cache miss)
156 silly packumentCache full:https://registry.npmjs.org/jsonc-parser set size:undefined disposed:false
157 silly fetch manifest knip@^5.41.0
158 silly packumentCache full:https://registry.npmjs.org/knip cache-miss
159 http fetch GET 200 https://registry.npmjs.org/knip 1813ms (cache miss)
160 silly packumentCache full:https://registry.npmjs.org/knip set size:undefined disposed:false
161 silly fetch manifest mocha@^10.8.2
162 silly packumentCache full:https://registry.npmjs.org/mocha cache-miss
163 http fetch GET 200 https://registry.npmjs.org/mocha 664ms (cache miss)
164 silly packumentCache full:https://registry.npmjs.org/mocha set size:undefined disposed:false
165 silly fetch manifest mocha-fivemat-progress-reporter@^0.1.0
166 silly packumentCache full:https://registry.npmjs.org/mocha-fivemat-progress-reporter cache-miss
167 http fetch GET 200 https://registry.npmjs.org/mocha-fivemat-progress-reporter 1128ms (cache miss)
168 silly packumentCache full:https://registry.npmjs.org/mocha-fivemat-progress-reporter set size:undefined disposed:false
169 silly fetch manifest monocart-coverage-reports@^2.11.4
170 silly packumentCache full:https://registry.npmjs.org/monocart-coverage-reports cache-miss
171 http fetch GET 200 https://registry.npmjs.org/monocart-coverage-reports 1133ms (cache miss)
172 silly packumentCache full:https://registry.npmjs.org/monocart-coverage-reports set size:undefined disposed:false
173 silly fetch manifest playwright@^1.49.1
174 silly packumentCache full:https://registry.npmjs.org/playwright cache-miss
175 http fetch GET 200 https://registry.npmjs.org/playwright 794ms (cache miss)
176 silly packumentCache full:https://registry.npmjs.org/playwright set size:undefined disposed:false
177 silly fetch manifest source-map-support@^0.5.21
178 silly packumentCache full:https://registry.npmjs.org/source-map-support cache-miss
179 http fetch GET 200 https://registry.npmjs.org/source-map-support 90ms (cache miss)
180 silly packumentCache full:https://registry.npmjs.org/source-map-support set size:undefined disposed:false
181 silly fetch manifest which@^3.0.1
182 silly packumentCache full:https://registry.npmjs.org/which cache-miss
183 http fetch GET 200 https://registry.npmjs.org/which 137ms (cache miss)
184 silly packumentCache full:https://registry.npmjs.org/which set size:undefined disposed:false
185 silly placeDep ROOT @dprint/formatter@0.4.1 OK for: typescript@5.8.2 want: ^0.4.1
186 silly placeDep ROOT @dprint/typescript@0.93.3 OK for: typescript@5.8.2 want: 0.93.3
187 silly placeDep ROOT @esfx/canceltoken@1.0.0 OK for: typescript@5.8.2 want: ^1.0.0
188 silly placeDep node_modules/.pnpm @eslint/js@9.31.0 OK for: typescript@5.8.2 want: ^9.17.0
189 silly placeDep ROOT @octokit/rest@21.1.1 OK for: typescript@5.8.2 want: ^21.0.2
190 silly placeDep ROOT @types/chai@4.3.20 OK for: typescript@5.8.2 want: ^4.3.20
191 silly placeDep ROOT @types/diff@5.2.3 OK for: typescript@5.8.2 want: ^5.2.3
192 silly placeDep ROOT @types/minimist@1.2.5 OK for: typescript@5.8.2 want: ^1.2.5
193 silly placeDep ROOT @types/mocha@10.0.10 OK for: typescript@5.8.2 want: ^10.0.10
194 silly placeDep node_modules/.pnpm/typescript@5.8.2 @types/ms@0.7.34 OK for: typescript@5.8.2 want: ^0.7.34
195 silly placeDep node_modules/.pnpm/typescript@5.8.2 @types/node@24.0.14 OK for: typescript@5.8.2 want: latest
196 silly placeDep ROOT @types/source-map-support@0.5.10 OK for: typescript@5.8.2 want: ^0.5.10
197 silly placeDep ROOT @types/which@3.0.4 OK for: typescript@5.8.2 want: ^3.0.4
198 silly placeDep ROOT @typescript-eslint/rule-tester@8.37.0 OK for: typescript@5.8.2 want: ^8.18.1
199 silly placeDep ROOT azure-devops-node-api@14.1.0 OK for: typescript@5.8.2 want: ^14.1.0
200 silly placeDep ROOT c8@10.1.3 OK for: typescript@5.8.2 want: ^10.1.3
201 silly placeDep ROOT chai@4.5.0 OK for: typescript@5.8.2 want: ^4.5.0
202 silly placeDep ROOT chokidar@3.6.0 OK for: typescript@5.8.2 want: ^3.6.0
203 silly placeDep node_modules/.pnpm/typescript@5.8.2 diff@5.2.0 OK for: typescript@5.8.2 want: ^5.2.0
204 silly placeDep ROOT dprint@0.47.6 OK for: typescript@5.8.2 want: ^0.47.6
205 silly placeDep ROOT esbuild@0.24.2 OK for: typescript@5.8.2 want: ^0.24.0
206 silly placeDep ROOT eslint-formatter-autolinkable-stylish@1.4.0 OK for: typescript@5.8.2 want: ^1.4.0
207 silly placeDep ROOT eslint-plugin-regexp@2.9.0 OK for: typescript@5.8.2 want: ^2.7.0
208 silly placeDep ROOT fast-xml-parser@4.5.3 OK for: typescript@5.8.2 want: ^4.5.1
209 silly placeDep node_modules/.pnpm/typescript@5.8.2 glob@10.4.5 OK for: typescript@5.8.2 want: ^10.4.5
210 silly placeDep node_modules/.pnpm/typescript@5.8.2 globals@15.15.0 OK for: typescript@5.8.2 want: ^15.13.0
211 silly placeDep ROOT hereby@1.11.0 OK for: typescript@5.8.2 want: ^1.10.0
212 silly placeDep ROOT jsonc-parser@3.3.1 OK for: typescript@5.8.2 want: ^3.3.1
213 silly placeDep ROOT knip@5.61.3 OK for: typescript@5.8.2 want: ^5.41.0
214 silly placeDep ROOT mocha@10.8.2 OK for: typescript@5.8.2 want: ^10.8.2
215 silly placeDep ROOT mocha-fivemat-progress-reporter@0.1.0 OK for: typescript@5.8.2 want: ^0.1.0
216 silly placeDep ROOT monocart-coverage-reports@2.12.6 OK for: typescript@5.8.2 want: ^2.11.4
217 silly placeDep ROOT playwright@1.54.1 OK for: typescript@5.8.2 want: ^1.49.1
218 silly placeDep ROOT source-map-support@0.5.21 OK for: typescript@5.8.2 want: ^0.5.21
219 silly placeDep ROOT which@3.0.1 OK for: typescript@5.8.2 want: ^3.0.1
220 silly fetch manifest @esfx/cancelable@^1.0.0
221 silly packumentCache full:https://registry.npmjs.org/@esfx%2fcancelable cache-miss
222 silly fetch manifest @esfx/disposable@^1.0.0
223 silly packumentCache full:https://registry.npmjs.org/@esfx%2fdisposable cache-miss
224 silly fetch manifest tslib@^2.4.0
225 silly packumentCache full:https://registry.npmjs.org/tslib cache-miss
226 silly fetch manifest @octokit/core@^6.1.4
227 silly packumentCache full:https://registry.npmjs.org/@octokit%2fcore cache-miss
228 silly fetch manifest @octokit/plugin-request-log@^5.3.1
229 silly packumentCache full:https://registry.npmjs.org/@octokit%2fplugin-request-log cache-miss
230 silly fetch manifest @octokit/plugin-paginate-rest@^11.4.2
231 silly packumentCache full:https://registry.npmjs.org/@octokit%2fplugin-paginate-rest cache-miss
232 silly fetch manifest @octokit/plugin-rest-endpoint-methods@^13.3.0
233 silly packumentCache full:https://registry.npmjs.org/@octokit%2fplugin-rest-endpoint-methods cache-miss
234 silly fetch manifest undici-types@~7.8.0
235 silly packumentCache full:https://registry.npmjs.org/undici-types cache-miss
236 silly fetch manifest source-map@^0.6.0
237 silly packumentCache full:https://registry.npmjs.org/source-map cache-miss
238 silly fetch manifest ajv@^6.12.6
239 silly packumentCache full:https://registry.npmjs.org/ajv cache-miss
240 silly fetch manifest semver@^7.6.0
241 silly packumentCache full:https://registry.npmjs.org/semver cache-miss
242 http fetch GET 200 https://registry.npmjs.org/tslib 370ms (cache miss)
243 silly packumentCache full:https://registry.npmjs.org/tslib set size:undefined disposed:false
244 silly fetch manifest lodash.merge@4.6.2
245 silly packumentCache full:https://registry.npmjs.org/lodash.merge cache-miss
246 http fetch GET 200 https://registry.npmjs.org/undici-types 371ms (cache miss)
247 silly packumentCache full:https://registry.npmjs.org/undici-types set size:undefined disposed:false
248 silly fetch manifest @typescript-eslint/utils@8.37.0
249 silly packumentCache full:https://registry.npmjs.org/@typescript-eslint%2futils cache-miss
250 http fetch GET 200 https://registry.npmjs.org/source-map 644ms (cache miss)
251 silly packumentCache full:https://registry.npmjs.org/source-map set size:undefined disposed:false
252 silly fetch manifest @typescript-eslint/parser@8.37.0
253 silly packumentCache full:https://registry.npmjs.org/@typescript-eslint%2fparser cache-miss
254 http fetch GET 200 https://registry.npmjs.org/semver 766ms (cache miss)
255 silly packumentCache full:https://registry.npmjs.org/semver set size:undefined disposed:false
256 silly fetch manifest @typescript-eslint/typescript-estree@8.37.0
257 silly packumentCache full:https://registry.npmjs.org/@typescript-eslint%2ftypescript-estree cache-miss
258 http fetch GET 200 https://registry.npmjs.org/lodash.merge 474ms (cache miss)
259 silly packumentCache full:https://registry.npmjs.org/lodash.merge set size:undefined disposed:false
260 silly fetch manifest json-stable-stringify-without-jsonify@^1.0.1
261 silly packumentCache full:https://registry.npmjs.org/json-stable-stringify-without-jsonify cache-miss
262 http fetch GET 200 https://registry.npmjs.org/@octokit%2fplugin-request-log 884ms (cache miss)
263 silly packumentCache full:https://registry.npmjs.org/@octokit%2fplugin-request-log set size:undefined disposed:false
264 silly fetch manifest tunnel@0.0.6
265 silly packumentCache full:https://registry.npmjs.org/tunnel cache-miss
266 http fetch GET 200 https://registry.npmjs.org/@octokit%2fcore 983ms (cache miss)
267 silly packumentCache full:https://registry.npmjs.org/@octokit%2fcore set size:undefined disposed:false
268 silly fetch manifest typed-rest-client@2.1.0
269 silly packumentCache full:https://registry.npmjs.org/typed-rest-client cache-miss
270 http fetch GET 200 https://registry.npmjs.org/ajv 1000ms (cache miss)
271 silly packumentCache full:https://registry.npmjs.org/ajv set size:undefined disposed:false
272 silly fetch manifest @bcoe/v8-coverage@^1.0.1
273 silly packumentCache full:https://registry.npmjs.org/@bcoe%2fv8-coverage cache-miss
274 http fetch GET 200 https://registry.npmjs.org/@octokit%2fplugin-paginate-rest 1065ms (cache miss)
275 silly packumentCache full:https://registry.npmjs.org/@octokit%2fplugin-paginate-rest set size:undefined disposed:false
276 silly fetch manifest @istanbuljs/schema@^0.1.3
277 silly packumentCache full:https://registry.npmjs.org/@istanbuljs%2fschema cache-miss
278 http fetch GET 200 https://registry.npmjs.org/json-stable-stringify-without-jsonify 237ms (cache miss)
279 silly packumentCache full:https://registry.npmjs.org/json-stable-stringify-without-jsonify set size:undefined disposed:false
280 silly fetch manifest find-up@^5.0.0
281 silly packumentCache full:https://registry.npmjs.org/find-up cache-miss
282 http fetch GET 200 https://registry.npmjs.org/@octokit%2fplugin-rest-endpoint-methods 1126ms (cache miss)
283 silly packumentCache full:https://registry.npmjs.org/@octokit%2fplugin-rest-endpoint-methods set size:undefined disposed:false
284 silly fetch manifest foreground-child@^3.1.1
285 silly packumentCache full:https://registry.npmjs.org/foreground-child cache-miss
286 http fetch GET 200 https://registry.npmjs.org/tunnel 289ms (cache miss)
287 silly packumentCache full:https://registry.npmjs.org/tunnel set size:undefined disposed:false
288 silly fetch manifest istanbul-lib-coverage@^3.2.0
289 silly packumentCache full:https://registry.npmjs.org/istanbul-lib-coverage cache-miss
290 http fetch GET 200 https://registry.npmjs.org/typed-rest-client 200ms (cache miss)
291 silly packumentCache full:https://registry.npmjs.org/typed-rest-client set size:undefined disposed:false
292 silly fetch manifest istanbul-lib-report@^3.0.1
293 silly packumentCache full:https://registry.npmjs.org/istanbul-lib-report cache-miss
294 http fetch GET 200 https://registry.npmjs.org/@bcoe%2fv8-coverage 205ms (cache miss)
295 silly packumentCache full:https://registry.npmjs.org/@bcoe%2fv8-coverage set size:undefined disposed:false
296 silly fetch manifest istanbul-reports@^3.1.6
297 silly packumentCache full:https://registry.npmjs.org/istanbul-reports cache-miss
298 http fetch GET 200 https://registry.npmjs.org/@istanbuljs%2fschema 186ms (cache miss)
299 silly packumentCache full:https://registry.npmjs.org/@istanbuljs%2fschema set size:undefined disposed:false
300 silly fetch manifest test-exclude@^7.0.1
301 silly packumentCache full:https://registry.npmjs.org/test-exclude cache-miss
302 http fetch GET 200 https://registry.npmjs.org/find-up 187ms (cache miss)
303 silly packumentCache full:https://registry.npmjs.org/find-up set size:undefined disposed:false
304 silly fetch manifest v8-to-istanbul@^9.0.0
305 silly packumentCache full:https://registry.npmjs.org/v8-to-istanbul cache-miss
306 http fetch GET 200 https://registry.npmjs.org/foreground-child 161ms (cache miss)
307 silly packumentCache full:https://registry.npmjs.org/foreground-child set size:undefined disposed:false
308 silly fetch manifest yargs@^17.7.2
309 silly packumentCache full:https://registry.npmjs.org/yargs cache-miss
310 http fetch GET 200 https://registry.npmjs.org/istanbul-lib-coverage 157ms (cache miss)
311 silly packumentCache full:https://registry.npmjs.org/istanbul-lib-coverage set size:undefined disposed:false
312 silly fetch manifest yargs-parser@^21.1.1
313 silly packumentCache full:https://registry.npmjs.org/yargs-parser cache-miss
314 http fetch GET 200 https://registry.npmjs.org/istanbul-lib-report 151ms (cache miss)
315 silly packumentCache full:https://registry.npmjs.org/istanbul-lib-report set size:undefined disposed:false
316 silly fetch manifest loupe@^2.3.6
317 silly packumentCache full:https://registry.npmjs.org/loupe cache-miss
318 http fetch GET 200 https://registry.npmjs.org/@typescript-eslint%2futils 1252ms (cache miss)
319 silly packumentCache full:https://registry.npmjs.org/@typescript-eslint%2futils set size:undefined disposed:false
320 silly fetch manifest pathval@^1.1.1
321 silly packumentCache full:https://registry.npmjs.org/pathval cache-miss
322 http fetch GET 200 https://registry.npmjs.org/loupe 541ms (cache miss)
323 silly packumentCache full:https://registry.npmjs.org/loupe set size:undefined disposed:false
324 silly fetch manifest deep-eql@^4.1.3
325 silly packumentCache full:https://registry.npmjs.org/deep-eql cache-miss
326 http fetch GET 200 https://registry.npmjs.org/test-exclude 637ms (cache miss)
327 silly packumentCache full:https://registry.npmjs.org/test-exclude set size:undefined disposed:false
328 silly fetch manifest check-error@^1.0.3
329 silly packumentCache full:https://registry.npmjs.org/check-error cache-miss
330 http fetch GET 200 https://registry.npmjs.org/v8-to-istanbul 627ms (cache miss)
331 silly packumentCache full:https://registry.npmjs.org/v8-to-istanbul set size:undefined disposed:false
332 silly fetch manifest type-detect@^4.1.0
333 silly packumentCache full:https://registry.npmjs.org/type-detect cache-miss
334 http fetch GET 200 https://registry.npmjs.org/istanbul-reports 697ms (cache miss)
335 silly packumentCache full:https://registry.npmjs.org/istanbul-reports set size:undefined disposed:false
336 silly fetch manifest get-func-name@^2.0.2
337 silly packumentCache full:https://registry.npmjs.org/get-func-name cache-miss
338 http fetch GET 200 https://registry.npmjs.org/yargs-parser 617ms (cache miss)
339 silly packumentCache full:https://registry.npmjs.org/yargs-parser set size:undefined disposed:false
340 silly fetch manifest assertion-error@^1.1.0
341 silly packumentCache full:https://registry.npmjs.org/assertion-error cache-miss
342 http fetch GET 200 https://registry.npmjs.org/yargs 694ms (cache miss)
343 silly packumentCache full:https://registry.npmjs.org/yargs set size:undefined disposed:false
344 silly fetch manifest braces@~3.0.2
345 silly packumentCache full:https://registry.npmjs.org/braces cache-miss
346 http fetch GET 200 https://registry.npmjs.org/type-detect 141ms (cache miss)
347 silly packumentCache full:https://registry.npmjs.org/type-detect set size:undefined disposed:false
348 silly fetch manifest is-glob@~4.0.1
349 silly packumentCache full:https://registry.npmjs.org/is-glob cache-miss
350 http fetch GET 200 https://registry.npmjs.org/pathval 252ms (cache miss)
351 silly packumentCache full:https://registry.npmjs.org/pathval set size:undefined disposed:false
352 silly fetch manifest anymatch@~3.1.2
353 silly packumentCache full:https://registry.npmjs.org/anymatch cache-miss
354 http fetch GET 200 https://registry.npmjs.org/braces 117ms (cache miss)
355 silly packumentCache full:https://registry.npmjs.org/braces set size:undefined disposed:false
356 silly fetch manifest readdirp@~3.6.0
357 silly packumentCache full:https://registry.npmjs.org/readdirp cache-miss
358 http fetch GET 200 https://registry.npmjs.org/deep-eql 268ms (cache miss)
359 silly packumentCache full:https://registry.npmjs.org/deep-eql set size:undefined disposed:false
360 silly fetch manifest glob-parent@~5.1.2
361 silly packumentCache full:https://registry.npmjs.org/glob-parent cache-miss
362 http fetch GET 200 https://registry.npmjs.org/is-glob 159ms (cache miss)
363 silly packumentCache full:https://registry.npmjs.org/is-glob set size:undefined disposed:false
364 silly fetch manifest is-binary-path@~2.1.0
365 silly packumentCache full:https://registry.npmjs.org/is-binary-path cache-miss
366 http fetch GET 200 https://registry.npmjs.org/check-error 320ms (cache miss)
367 silly packumentCache full:https://registry.npmjs.org/check-error set size:undefined disposed:false
368 silly fetch manifest normalize-path@~3.0.0
369 silly packumentCache full:https://registry.npmjs.org/normalize-path cache-miss
370 http fetch GET 200 https://registry.npmjs.org/get-func-name 292ms (cache miss)
371 silly packumentCache full:https://registry.npmjs.org/get-func-name set size:undefined disposed:false
372 silly fetch manifest fsevents@~2.3.2
373 silly packumentCache full:https://registry.npmjs.org/fsevents cache-miss
374 http fetch GET 200 https://registry.npmjs.org/anymatch 184ms (cache miss)
375 silly packumentCache full:https://registry.npmjs.org/anymatch set size:undefined disposed:false
376 silly fetch manifest @dprint/win32-x64@0.47.6
377 silly packumentCache full:https://registry.npmjs.org/@dprint%2fwin32-x64 cache-miss
378 http fetch GET 200 https://registry.npmjs.org/assertion-error 353ms (cache miss)
379 silly packumentCache full:https://registry.npmjs.org/assertion-error set size:undefined disposed:false
380 silly fetch manifest @dprint/darwin-x64@0.47.6
381 silly packumentCache full:https://registry.npmjs.org/@dprint%2fdarwin-x64 cache-miss
382 http fetch GET 200 https://registry.npmjs.org/readdirp 178ms (cache miss)
383 silly packumentCache full:https://registry.npmjs.org/readdirp set size:undefined disposed:false
384 silly fetch manifest @dprint/win32-arm64@0.47.6
385 silly packumentCache full:https://registry.npmjs.org/@dprint%2fwin32-arm64 cache-miss
386 http fetch GET 200 https://registry.npmjs.org/glob-parent 184ms (cache miss)
387 silly packumentCache full:https://registry.npmjs.org/glob-parent set size:undefined disposed:false
388 silly fetch manifest @dprint/darwin-arm64@0.47.6
389 silly packumentCache full:https://registry.npmjs.org/@dprint%2fdarwin-arm64 cache-miss
390 http fetch GET 200 https://registry.npmjs.org/is-binary-path 149ms (cache miss)
391 silly packumentCache full:https://registry.npmjs.org/is-binary-path set size:undefined disposed:false
392 silly fetch manifest @dprint/linux-x64-musl@0.47.6
393 silly packumentCache full:https://registry.npmjs.org/@dprint%2flinux-x64-musl cache-miss
394 http fetch GET 200 https://registry.npmjs.org/normalize-path 149ms (cache miss)
395 silly packumentCache full:https://registry.npmjs.org/normalize-path set size:undefined disposed:false
396 silly fetch manifest @dprint/linux-x64-glibc@0.47.6
397 silly packumentCache full:https://registry.npmjs.org/@dprint%2flinux-x64-glibc cache-miss
398 http fetch GET 200 https://registry.npmjs.org/fsevents 164ms (cache miss)
399 silly packumentCache full:https://registry.npmjs.org/fsevents set size:undefined disposed:false
400 silly fetch manifest @dprint/linux-arm64-musl@0.47.6
401 silly packumentCache full:https://registry.npmjs.org/@dprint%2flinux-arm64-musl cache-miss
402 http fetch GET 200 https://registry.npmjs.org/@esfx%2fcancelable 2433ms (cache miss)
403 silly packumentCache full:https://registry.npmjs.org/@esfx%2fcancelable set size:undefined disposed:false
404 silly fetch manifest @dprint/linux-arm64-glibc@0.47.6
405 silly packumentCache full:https://registry.npmjs.org/@dprint%2flinux-arm64-glibc cache-miss
406 http fetch GET 200 https://registry.npmjs.org/@typescript-eslint%2fparser 1765ms (cache miss)
407 silly packumentCache full:https://registry.npmjs.org/@typescript-eslint%2fparser set size:undefined disposed:false
408 silly fetch manifest @dprint/linux-riscv64-glibc@0.47.6
409 silly packumentCache full:https://registry.npmjs.org/@dprint%2flinux-riscv64-glibc cache-miss
410 http fetch GET 200 https://registry.npmjs.org/@esfx%2fdisposable 2704ms (cache miss)
411 silly packumentCache full:https://registry.npmjs.org/@esfx%2fdisposable set size:undefined disposed:false
412 silly fetch manifest @esbuild/aix-ppc64@0.24.2
413 silly packumentCache full:https://registry.npmjs.org/@esbuild%2faix-ppc64 cache-miss
414 http fetch GET 200 https://registry.npmjs.org/@typescript-eslint%2ftypescript-estree 1917ms (cache miss)
415 silly packumentCache full:https://registry.npmjs.org/@typescript-eslint%2ftypescript-estree set size:undefined disposed:false
416 silly fetch manifest @esbuild/linux-arm@0.24.2
417 silly packumentCache full:https://registry.npmjs.org/@esbuild%2flinux-arm cache-miss
418 http fetch GET 200 https://registry.npmjs.org/@esbuild%2faix-ppc64 332ms (cache miss)
419 silly packumentCache full:https://registry.npmjs.org/@esbuild%2faix-ppc64 set size:undefined disposed:false
420 silly fetch manifest @esbuild/linux-x64@0.24.2
421 silly packumentCache full:https://registry.npmjs.org/@esbuild%2flinux-x64 cache-miss
422 http fetch GET 200 https://registry.npmjs.org/@esbuild%2flinux-arm 485ms (cache miss)
423 silly packumentCache full:https://registry.npmjs.org/@esbuild%2flinux-arm set size:undefined disposed:false
424 silly fetch manifest @esbuild/sunos-x64@0.24.2
425 silly packumentCache full:https://registry.npmjs.org/@esbuild%2fsunos-x64 cache-miss
426 http fetch GET 200 https://registry.npmjs.org/@esbuild%2flinux-x64 465ms (cache miss)
427 silly packumentCache full:https://registry.npmjs.org/@esbuild%2flinux-x64 set size:undefined disposed:false
428 silly fetch manifest @esbuild/win32-x64@0.24.2
429 silly packumentCache full:https://registry.npmjs.org/@esbuild%2fwin32-x64 cache-miss
430 http fetch GET 200 https://registry.npmjs.org/@esbuild%2fwin32-x64 261ms (cache miss)
431 silly packumentCache full:https://registry.npmjs.org/@esbuild%2fwin32-x64 set size:undefined disposed:false
432 silly fetch manifest @esbuild/darwin-x64@0.24.2
433 silly packumentCache full:https://registry.npmjs.org/@esbuild%2fdarwin-x64 cache-miss
434 http fetch GET 200 https://registry.npmjs.org/@esbuild%2fsunos-x64 289ms (cache miss)
435 silly packumentCache full:https://registry.npmjs.org/@esbuild%2fsunos-x64 set size:undefined disposed:false
436 silly fetch manifest @esbuild/linux-ia32@0.24.2
437 silly packumentCache full:https://registry.npmjs.org/@esbuild%2flinux-ia32 cache-miss
438 http fetch GET 200 https://registry.npmjs.org/@esbuild%2fdarwin-x64 295ms (cache miss)
439 silly packumentCache full:https://registry.npmjs.org/@esbuild%2fdarwin-x64 set size:undefined disposed:false
440 silly fetch manifest @esbuild/netbsd-x64@0.24.2
441 silly packumentCache full:https://registry.npmjs.org/@esbuild%2fnetbsd-x64 cache-miss
442 http fetch GET 200 https://registry.npmjs.org/@esbuild%2flinux-ia32 282ms (cache miss)
443 silly packumentCache full:https://registry.npmjs.org/@esbuild%2flinux-ia32 set size:undefined disposed:false
444 silly fetch manifest @esbuild/win32-ia32@0.24.2
445 silly packumentCache full:https://registry.npmjs.org/@esbuild%2fwin32-ia32 cache-miss
446 http fetch GET 200 https://registry.npmjs.org/@esbuild%2fnetbsd-x64 258ms (cache miss)
447 silly packumentCache full:https://registry.npmjs.org/@esbuild%2fnetbsd-x64 set size:undefined disposed:false
448 silly fetch manifest @esbuild/android-arm@0.24.2
449 silly packumentCache full:https://registry.npmjs.org/@esbuild%2fandroid-arm cache-miss
450 http fetch GET 200 https://registry.npmjs.org/@esbuild%2fwin32-ia32 278ms (cache miss)
451 silly packumentCache full:https://registry.npmjs.org/@esbuild%2fwin32-ia32 set size:undefined disposed:false
452 silly fetch manifest @esbuild/android-x64@0.24.2
453 silly packumentCache full:https://registry.npmjs.org/@esbuild%2fandroid-x64 cache-miss
454 http fetch GET 200 https://registry.npmjs.org/@dprint%2fdarwin-x64 2078ms (cache miss)
455 silly packumentCache full:https://registry.npmjs.org/@dprint%2fdarwin-x64 set size:undefined disposed:false
456 silly fetch manifest @esbuild/freebsd-x64@0.24.2
457 silly packumentCache full:https://registry.npmjs.org/@esbuild%2ffreebsd-x64 cache-miss
458 http fetch GET 200 https://registry.npmjs.org/@esbuild%2ffreebsd-x64 105ms (cache miss)
459 silly packumentCache full:https://registry.npmjs.org/@esbuild%2ffreebsd-x64 set size:undefined disposed:false
460 silly fetch manifest @esbuild/linux-arm64@0.24.2
461 silly packumentCache full:https://registry.npmjs.org/@esbuild%2flinux-arm64 cache-miss
462 http fetch GET 200 https://registry.npmjs.org/@dprint%2fwin32-x64 2300ms (cache miss)
463 silly packumentCache full:https://registry.npmjs.org/@dprint%2fwin32-x64 set size:undefined disposed:false
464 silly fetch manifest @esbuild/linux-ppc64@0.24.2
465 silly packumentCache full:https://registry.npmjs.org/@esbuild%2flinux-ppc64 cache-miss
466 http fetch GET 200 https://registry.npmjs.org/@dprint%2fwin32-arm64 2281ms (cache miss)
467 silly packumentCache full:https://registry.npmjs.org/@dprint%2fwin32-arm64 set size:undefined disposed:false
468 silly fetch manifest @esbuild/linux-s390x@0.24.2
469 silly packumentCache full:https://registry.npmjs.org/@esbuild%2flinux-s390x cache-miss
470 http fetch GET 200 https://registry.npmjs.org/@esbuild%2flinux-arm64 117ms (cache miss)
471 silly packumentCache full:https://registry.npmjs.org/@esbuild%2flinux-arm64 set size:undefined disposed:false
472 silly fetch manifest @esbuild/openbsd-x64@0.24.2
473 silly packumentCache full:https://registry.npmjs.org/@esbuild%2fopenbsd-x64 cache-miss
474 http fetch GET 200 https://registry.npmjs.org/@esbuild%2fandroid-arm 299ms (cache miss)
475 silly packumentCache full:https://registry.npmjs.org/@esbuild%2fandroid-arm set size:undefined disposed:false
476 silly fetch manifest @esbuild/win32-arm64@0.24.2
477 silly packumentCache full:https://registry.npmjs.org/@esbuild%2fwin32-arm64 cache-miss
478 http fetch GET 200 https://registry.npmjs.org/@esbuild%2fandroid-x64 286ms (cache miss)
479 silly packumentCache full:https://registry.npmjs.org/@esbuild%2fandroid-x64 set size:undefined disposed:false
480 silly fetch manifest @esbuild/darwin-arm64@0.24.2
481 silly packumentCache full:https://registry.npmjs.org/@esbuild%2fdarwin-arm64 cache-miss
482 http fetch GET 200 https://registry.npmjs.org/@dprint%2fdarwin-arm64 2310ms (cache miss)
483 silly packumentCache full:https://registry.npmjs.org/@dprint%2fdarwin-arm64 set size:undefined disposed:false
484 silly fetch manifest @esbuild/netbsd-arm64@0.24.2
485 silly packumentCache full:https://registry.npmjs.org/@esbuild%2fnetbsd-arm64 cache-miss
486 http fetch GET 200 https://registry.npmjs.org/@dprint%2flinux-x64-glibc 2313ms (cache miss)
487 silly packumentCache full:https://registry.npmjs.org/@dprint%2flinux-x64-glibc set size:undefined disposed:false
488 silly fetch manifest @esbuild/android-arm64@0.24.2
489 silly packumentCache full:https://registry.npmjs.org/@esbuild%2fandroid-arm64 cache-miss
490 http fetch GET 200 https://registry.npmjs.org/@dprint%2flinux-x64-musl 2335ms (cache miss)
491 silly packumentCache full:https://registry.npmjs.org/@dprint%2flinux-x64-musl set size:undefined disposed:false
492 silly fetch manifest @esbuild/freebsd-arm64@0.24.2
493 silly packumentCache full:https://registry.npmjs.org/@esbuild%2ffreebsd-arm64 cache-miss
494 http fetch GET 200 https://registry.npmjs.org/@dprint%2flinux-riscv64-glibc 2099ms (cache miss)
495 silly packumentCache full:https://registry.npmjs.org/@dprint%2flinux-riscv64-glibc set size:undefined disposed:false
496 silly fetch manifest @esbuild/linux-loong64@0.24.2
497 silly packumentCache full:https://registry.npmjs.org/@esbuild%2flinux-loong64 cache-miss
498 http fetch GET 200 https://registry.npmjs.org/@dprint%2flinux-arm64-glibc 2345ms (cache miss)
499 silly packumentCache full:https://registry.npmjs.org/@dprint%2flinux-arm64-glibc set size:undefined disposed:false
500 silly fetch manifest @esbuild/linux-riscv64@0.24.2
501 silly packumentCache full:https://registry.npmjs.org/@esbuild%2flinux-riscv64 cache-miss
502 http fetch GET 200 https://registry.npmjs.org/@dprint%2flinux-arm64-musl 2376ms (cache miss)
503 silly packumentCache full:https://registry.npmjs.org/@dprint%2flinux-arm64-musl set size:undefined disposed:false
504 silly fetch manifest @esbuild/openbsd-arm64@0.24.2
505 silly packumentCache full:https://registry.npmjs.org/@esbuild%2fopenbsd-arm64 cache-miss
506 http fetch GET 200 https://registry.npmjs.org/@esbuild%2flinux-ppc64 278ms (cache miss)
507 silly packumentCache full:https://registry.npmjs.org/@esbuild%2flinux-ppc64 set size:undefined disposed:false
508 silly fetch manifest @esbuild/linux-mips64el@0.24.2
509 silly packumentCache full:https://registry.npmjs.org/@esbuild%2flinux-mips64el cache-miss
510 http fetch GET 200 https://registry.npmjs.org/@esbuild%2fnetbsd-arm64 266ms (cache miss)
511 silly packumentCache full:https://registry.npmjs.org/@esbuild%2fnetbsd-arm64 set size:undefined disposed:false
512 silly fetch manifest chalk@^4.1.2
513 silly packumentCache full:https://registry.npmjs.org/chalk cache-miss
514 http fetch GET 200 https://registry.npmjs.org/@esbuild%2flinux-loong64 180ms (cache miss)
515 silly packumentCache full:https://registry.npmjs.org/@esbuild%2flinux-loong64 set size:undefined disposed:false
516 silly fetch manifest plur@^4.0.0
517 silly packumentCache full:https://registry.npmjs.org/plur cache-miss
518 http fetch GET 200 https://registry.npmjs.org/@esbuild%2flinux-s390x 334ms (cache miss)
519 silly packumentCache full:https://registry.npmjs.org/@esbuild%2flinux-s390x set size:undefined disposed:false
520 silly fetch manifest @eslint-community/eslint-utils@^4.2.0
521 silly packumentCache full:https://registry.npmjs.org/@eslint-community%2feslint-utils cache-miss
522 http fetch GET 200 https://registry.npmjs.org/@esbuild%2fwin32-arm64 323ms (cache miss)
523 silly packumentCache full:https://registry.npmjs.org/@esbuild%2fwin32-arm64 set size:undefined disposed:false
524 silly fetch manifest @eslint-community/regexpp@^4.11.0
525 silly packumentCache full:https://registry.npmjs.org/@eslint-community%2fregexpp cache-miss
526 http fetch GET 200 https://registry.npmjs.org/@esbuild%2fdarwin-arm64 319ms (cache miss)
527 silly packumentCache full:https://registry.npmjs.org/@esbuild%2fdarwin-arm64 set size:undefined disposed:false
528 silly fetch manifest comment-parser@^1.4.0
529 silly packumentCache full:https://registry.npmjs.org/comment-parser cache-miss
530 http fetch GET 200 https://registry.npmjs.org/@esbuild%2fopenbsd-x64 349ms (cache miss)
531 silly packumentCache full:https://registry.npmjs.org/@esbuild%2fopenbsd-x64 set size:undefined disposed:false
532 silly fetch manifest jsdoc-type-pratt-parser@^4.0.0
533 silly packumentCache full:https://registry.npmjs.org/jsdoc-type-pratt-parser cache-miss
534 http fetch GET 200 https://registry.npmjs.org/@esbuild%2fandroid-arm64 301ms (cache miss)
535 silly packumentCache full:https://registry.npmjs.org/@esbuild%2fandroid-arm64 set size:undefined disposed:false
536 silly fetch manifest refa@^0.12.1
537 silly packumentCache full:https://registry.npmjs.org/refa cache-miss
538 http fetch GET 200 https://registry.npmjs.org/@esbuild%2ffreebsd-arm64 346ms (cache miss)
539 silly packumentCache full:https://registry.npmjs.org/@esbuild%2ffreebsd-arm64 set size:undefined disposed:false
540 silly fetch manifest regexp-ast-analysis@^0.7.1
541 silly packumentCache full:https://registry.npmjs.org/regexp-ast-analysis cache-miss
542 http fetch GET 200 https://registry.npmjs.org/@esbuild%2fopenbsd-arm64 277ms (cache miss)
543 silly packumentCache full:https://registry.npmjs.org/@esbuild%2fopenbsd-arm64 set size:undefined disposed:false
544 silly fetch manifest scslre@^0.3.0
545 silly packumentCache full:https://registry.npmjs.org/scslre cache-miss
546 http fetch GET 200 https://registry.npmjs.org/@esbuild%2flinux-riscv64 294ms (cache miss)
547 silly packumentCache full:https://registry.npmjs.org/@esbuild%2flinux-riscv64 set size:undefined disposed:false
548 silly fetch manifest strnum@^1.1.1
549 silly packumentCache full:https://registry.npmjs.org/strnum cache-miss
550 http fetch GET 200 https://registry.npmjs.org/@esbuild%2flinux-mips64el 254ms (cache miss)
551 silly packumentCache full:https://registry.npmjs.org/@esbuild%2flinux-mips64el set size:undefined disposed:false
552 silly fetch manifest minipass@^7.1.2
553 silly packumentCache full:https://registry.npmjs.org/minipass cache-miss
554 http fetch GET 200 https://registry.npmjs.org/@eslint-community%2feslint-utils 160ms (cache miss)
555 silly packumentCache full:https://registry.npmjs.org/@eslint-community%2feslint-utils set size:undefined disposed:false
556 silly fetch manifest jackspeak@^3.1.2
557 silly packumentCache full:https://registry.npmjs.org/jackspeak cache-miss
558 http fetch GET 200 https://registry.npmjs.org/chalk 183ms (cache miss)
559 silly packumentCache full:https://registry.npmjs.org/chalk set size:undefined disposed:false
560 silly fetch manifest minimatch@^9.0.4
561 silly packumentCache full:https://registry.npmjs.org/minimatch cache-miss
562 http fetch GET 200 https://registry.npmjs.org/@eslint-community%2fregexpp 176ms (cache miss)
563 silly packumentCache full:https://registry.npmjs.org/@eslint-community%2fregexpp set size:undefined disposed:false
564 silly fetch manifest path-scurry@^1.11.1
565 silly packumentCache full:https://registry.npmjs.org/path-scurry cache-miss
566 http fetch GET 200 https://registry.npmjs.org/jsdoc-type-pratt-parser 182ms (cache miss)
567 silly packumentCache full:https://registry.npmjs.org/jsdoc-type-pratt-parser set size:undefined disposed:false
568 silly fetch manifest foreground-child@^3.1.0
569 silly packumentCache full:https://registry.npmjs.org/foreground-child cache-miss
570 http cache https://registry.npmjs.org/foreground-child 23ms (cache hit)
571 silly packumentCache full:https://registry.npmjs.org/foreground-child set size:59344 disposed:false
572 silly fetch manifest package-json-from-dist@^1.0.0
573 silly packumentCache full:https://registry.npmjs.org/package-json-from-dist cache-miss
574 http fetch GET 200 https://registry.npmjs.org/jackspeak 124ms (cache miss)
575 silly packumentCache full:https://registry.npmjs.org/jackspeak set size:undefined disposed:false
576 silly fetch manifest command-line-usage@^6.1.3
577 silly packumentCache full:https://registry.npmjs.org/command-line-usage cache-miss
578 http fetch GET 200 https://registry.npmjs.org/path-scurry 111ms (cache miss)
579 silly packumentCache full:https://registry.npmjs.org/path-scurry set size:undefined disposed:false
580 silly fetch manifest fastest-levenshtein@^1.0.16
581 silly packumentCache full:https://registry.npmjs.org/fastest-levenshtein cache-miss
582 http fetch GET 200 https://registry.npmjs.org/plur 313ms (cache miss)
583 silly packumentCache full:https://registry.npmjs.org/plur set size:undefined disposed:false
584 silly fetch manifest minimist@^1.2.8
585 silly packumentCache full:https://registry.npmjs.org/minimist cache-miss
586 http fetch GET 200 https://registry.npmjs.org/minipass 174ms (cache miss)
587 silly packumentCache full:https://registry.npmjs.org/minipass set size:undefined disposed:false
588 silly fetch manifest picocolors@^1.1.0
589 silly packumentCache full:https://registry.npmjs.org/picocolors cache-miss
590 http fetch GET 200 https://registry.npmjs.org/comment-parser 308ms (cache miss)
591 silly packumentCache full:https://registry.npmjs.org/comment-parser set size:undefined disposed:false
592 silly fetch manifest pretty-ms@^8.0.0
593 silly packumentCache full:https://registry.npmjs.org/pretty-ms cache-miss
594 http fetch GET 200 https://registry.npmjs.org/strnum 244ms (cache miss)
595 silly packumentCache full:https://registry.npmjs.org/strnum set size:undefined disposed:false
596 silly fetch manifest @nodelib/fs.walk@^1.2.3
597 silly packumentCache full:https://registry.npmjs.org/@nodelib%2ffs.walk cache-miss
598 http fetch GET 200 https://registry.npmjs.org/package-json-from-dist 128ms (cache miss)
599 silly packumentCache full:https://registry.npmjs.org/package-json-from-dist set size:undefined disposed:false
600 silly fetch manifest fast-glob@^3.3.3
601 silly packumentCache full:https://registry.npmjs.org/fast-glob cache-miss
602 http fetch GET 200 https://registry.npmjs.org/minimist 97ms (cache miss)
603 silly packumentCache full:https://registry.npmjs.org/minimist set size:undefined disposed:false
604 silly fetch manifest formatly@^0.2.4
605 silly packumentCache full:https://registry.npmjs.org/formatly cache-miss
606 http fetch GET 200 https://registry.npmjs.org/command-line-usage 118ms (cache miss)
607 silly packumentCache full:https://registry.npmjs.org/command-line-usage set size:undefined disposed:false
608 silly fetch manifest jiti@^2.4.2
609 silly packumentCache full:https://registry.npmjs.org/jiti cache-miss
610 http fetch GET 200 https://registry.npmjs.org/picocolors 106ms (cache miss)
611 silly packumentCache full:https://registry.npmjs.org/picocolors set size:undefined disposed:false
612 silly fetch manifest js-yaml@^4.1.0
613 silly packumentCache full:https://registry.npmjs.org/js-yaml cache-miss
614 http fetch GET 200 https://registry.npmjs.org/fast-glob 119ms (cache miss)
615 silly packumentCache full:https://registry.npmjs.org/fast-glob set size:undefined disposed:false
616 silly fetch manifest oxc-resolver@^11.1.0
617 silly packumentCache full:https://registry.npmjs.org/oxc-resolver cache-miss
618 http fetch GET 200 https://registry.npmjs.org/minimatch 400ms (cache miss)
619 silly packumentCache full:https://registry.npmjs.org/minimatch set size:undefined disposed:false
620 silly fetch manifest picocolors@^1.1.1
621 silly packumentCache full:https://registry.npmjs.org/picocolors cache-miss
622 http fetch GET 200 https://registry.npmjs.org/@nodelib%2ffs.walk 230ms (cache miss)
623 silly packumentCache full:https://registry.npmjs.org/@nodelib%2ffs.walk set size:undefined disposed:false
624 silly fetch manifest picomatch@^4.0.1
625 silly packumentCache full:https://registry.npmjs.org/picomatch cache-miss
626 http fetch GET 200 https://registry.npmjs.org/js-yaml 167ms (cache miss)
627 silly packumentCache full:https://registry.npmjs.org/js-yaml set size:undefined disposed:false
628 silly fetch manifest smol-toml@^1.3.4
629 silly packumentCache full:https://registry.npmjs.org/smol-toml cache-miss
630 http cache https://registry.npmjs.org/picocolors 34ms (cache hit)
631 silly packumentCache full:https://registry.npmjs.org/picocolors set size:16648 disposed:false
632 silly fetch manifest strip-json-comments@5.0.2
633 silly packumentCache full:https://registry.npmjs.org/strip-json-comments cache-miss
634 http fetch GET 200 https://registry.npmjs.org/pretty-ms 289ms (cache miss)
635 silly packumentCache full:https://registry.npmjs.org/pretty-ms set size:undefined disposed:false
636 silly fetch manifest zod@^3.22.4
637 silly packumentCache full:https://registry.npmjs.org/zod cache-miss
638 http fetch GET 200 https://registry.npmjs.org/jiti 213ms (cache miss)
639 silly packumentCache full:https://registry.npmjs.org/jiti set size:undefined disposed:false
640 silly fetch manifest zod-validation-error@^3.0.3
641 silly packumentCache full:https://registry.npmjs.org/zod-validation-error cache-miss
642 http fetch GET 200 https://registry.npmjs.org/picomatch 106ms (cache miss)
643 silly packumentCache full:https://registry.npmjs.org/picomatch set size:undefined disposed:false
644 silly fetch manifest he@^1.2.0
645 silly packumentCache full:https://registry.npmjs.org/he cache-miss
646 http fetch GET 200 https://registry.npmjs.org/strip-json-comments 119ms (cache miss)
647 silly packumentCache full:https://registry.npmjs.org/strip-json-comments set size:undefined disposed:false
648 silly fetch manifest ms@^2.1.3
649 silly packumentCache full:https://registry.npmjs.org/ms cache-miss
650 http fetch GET 200 https://registry.npmjs.org/he 124ms (cache miss)
651 silly packumentCache full:https://registry.npmjs.org/he set size:undefined disposed:false
652 silly fetch manifest glob@^8.1.0
653 silly packumentCache full:https://registry.npmjs.org/glob cache-miss
654 http fetch GET 200 https://registry.npmjs.org/ms 109ms (cache miss)
655 silly packumentCache full:https://registry.npmjs.org/ms set size:undefined disposed:false
656 silly fetch manifest debug@^4.3.5
657 silly packumentCache full:https://registry.npmjs.org/debug cache-miss
658 http cache https://registry.npmjs.org/glob 29ms (cache hit)
659 silly packumentCache full:https://registry.npmjs.org/glob set size:408718 disposed:false
660 silly fetch manifest yargs@^16.2.0
661 silly packumentCache full:https://registry.npmjs.org/yargs cache-miss
662 http fetch GET 200 https://registry.npmjs.org/smol-toml 277ms (cache miss)
663 silly packumentCache full:https://registry.npmjs.org/smol-toml set size:undefined disposed:false
664 silly fetch manifest minimatch@^5.1.6
665 silly packumentCache full:https://registry.npmjs.org/minimatch cache-miss
666 http cache https://registry.npmjs.org/yargs 26ms (cache hit)
667 silly packumentCache full:https://registry.npmjs.org/yargs set size:743056 disposed:false
668 silly fetch manifest workerpool@^6.5.1
669 silly packumentCache full:https://registry.npmjs.org/workerpool cache-miss
670 http cache https://registry.npmjs.org/minimatch 43ms (cache hit)
671 silly packumentCache full:https://registry.npmjs.org/minimatch set size:298903 disposed:false
672 silly fetch manifest ansi-colors@^4.1.3
673 silly packumentCache full:https://registry.npmjs.org/ansi-colors cache-miss
674 http fetch GET 200 https://registry.npmjs.org/zod 317ms (cache miss)
675 silly packumentCache full:https://registry.npmjs.org/zod set size:undefined disposed:false
676 silly fetch manifest log-symbols@^4.1.0
677 silly packumentCache full:https://registry.npmjs.org/log-symbols cache-miss
678 http fetch GET 200 https://registry.npmjs.org/zod-validation-error 370ms (cache miss)
679 silly packumentCache full:https://registry.npmjs.org/zod-validation-error set size:undefined disposed:false
680 silly fetch manifest yargs-parser@^20.2.9
681 silly packumentCache full:https://registry.npmjs.org/yargs-parser cache-miss
682 http cache https://registry.npmjs.org/yargs-parser 18ms (cache hit)
683 silly packumentCache full:https://registry.npmjs.org/yargs-parser set size:238630 disposed:false
684 silly fetch manifest browser-stdout@^1.3.1
685 silly packumentCache full:https://registry.npmjs.org/browser-stdout cache-miss
686 http fetch GET 200 https://registry.npmjs.org/debug 188ms (cache miss)
687 silly packumentCache full:https://registry.npmjs.org/debug set size:undefined disposed:false
688 silly fetch manifest supports-color@^8.1.1
689 silly packumentCache full:https://registry.npmjs.org/supports-color cache-miss
690 http fetch GET 200 https://registry.npmjs.org/ansi-colors 140ms (cache miss)
691 silly packumentCache full:https://registry.npmjs.org/ansi-colors set size:undefined disposed:false
692 silly fetch manifest yargs-unparser@^2.0.0
693 silly packumentCache full:https://registry.npmjs.org/yargs-unparser cache-miss
694 http fetch GET 200 https://registry.npmjs.org/log-symbols 145ms (cache miss)
695 silly packumentCache full:https://registry.npmjs.org/log-symbols set size:undefined disposed:false
696 silly fetch manifest strip-json-comments@^3.1.1
697 silly packumentCache full:https://registry.npmjs.org/strip-json-comments cache-miss
698 http fetch GET 200 https://registry.npmjs.org/scslre 1047ms (cache miss)
699 silly packumentCache full:https://registry.npmjs.org/scslre set size:undefined disposed:false
700 silly fetch manifest escape-string-regexp@^4.0.0
701 silly packumentCache full:https://registry.npmjs.org/escape-string-regexp cache-miss
702 http fetch GET 200 https://registry.npmjs.org/refa 1110ms (cache miss)
703 silly packumentCache full:https://registry.npmjs.org/refa set size:undefined disposed:false
704 silly fetch manifest serialize-javascript@^6.0.2
705 silly packumentCache full:https://registry.npmjs.org/serialize-javascript cache-miss
706 http fetch GET 200 https://registry.npmjs.org/supports-color 117ms (cache miss)
707 silly packumentCache full:https://registry.npmjs.org/supports-color set size:undefined disposed:false
708 silly fetch manifest acorn@^8.14.1
709 silly packumentCache full:https://registry.npmjs.org/acorn cache-miss
710 http cache https://registry.npmjs.org/strip-json-comments 36ms (cache hit)
711 silly packumentCache full:https://registry.npmjs.org/strip-json-comments set size:41580 disposed:false
712 silly fetch manifest acorn-loose@^8.5.0
713 silly packumentCache full:https://registry.npmjs.org/acorn-loose cache-miss
714 http fetch GET 200 https://registry.npmjs.org/yargs-unparser 130ms (cache miss)
715 silly packumentCache full:https://registry.npmjs.org/yargs-unparser set size:undefined disposed:false
716 silly fetch manifest acorn-walk@^8.3.4
717 silly packumentCache full:https://registry.npmjs.org/acorn-walk cache-miss
718 http fetch GET 200 https://registry.npmjs.org/workerpool 292ms (cache miss)
719 silly packumentCache full:https://registry.npmjs.org/workerpool set size:undefined disposed:false
720 silly fetch manifest commander@^13.1.0
721 silly packumentCache full:https://registry.npmjs.org/commander cache-miss
722 http fetch GET 200 https://registry.npmjs.org/regexp-ast-analysis 1133ms (cache miss)
723 silly packumentCache full:https://registry.npmjs.org/regexp-ast-analysis set size:undefined disposed:false
724 silly fetch manifest console-grid@^2.2.3
725 silly packumentCache full:https://registry.npmjs.org/console-grid cache-miss
726 http fetch GET 200 https://registry.npmjs.org/browser-stdout 221ms (cache miss)
727 silly packumentCache full:https://registry.npmjs.org/browser-stdout set size:undefined disposed:false
728 silly fetch manifest eight-colors@^1.3.1
729 silly packumentCache full:https://registry.npmjs.org/eight-colors cache-miss
730 http fetch GET 200 https://registry.npmjs.org/serialize-javascript 118ms (cache miss)
731 silly packumentCache full:https://registry.npmjs.org/serialize-javascript set size:undefined disposed:false
732 silly fetch manifest foreground-child@^3.3.1
733 silly packumentCache full:https://registry.npmjs.org/foreground-child cache-hit
734 silly fetch manifest istanbul-lib-coverage@^3.2.2
735 silly packumentCache full:https://registry.npmjs.org/istanbul-lib-coverage cache-miss
736 http cache https://registry.npmjs.org/istanbul-lib-coverage 8ms (cache hit)
737 silly packumentCache full:https://registry.npmjs.org/istanbul-lib-coverage set size:75651 disposed:false
738 silly fetch manifest istanbul-reports@^3.1.7
739 silly packumentCache full:https://registry.npmjs.org/istanbul-reports cache-miss
740 http fetch GET 200 https://registry.npmjs.org/escape-string-regexp 137ms (cache miss)
741 silly packumentCache full:https://registry.npmjs.org/escape-string-regexp set size:undefined disposed:false
742 silly fetch manifest lz-utils@^2.1.0
743 silly packumentCache full:https://registry.npmjs.org/lz-utils cache-miss
744 http cache https://registry.npmjs.org/istanbul-reports 32ms (cache hit)
745 silly packumentCache full:https://registry.npmjs.org/istanbul-reports set size:156415 disposed:false
746 silly fetch manifest monocart-locator@^1.0.2
747 silly packumentCache full:https://registry.npmjs.org/monocart-locator cache-miss
748 http fetch GET 200 https://registry.npmjs.org/acorn-walk 128ms (cache miss)
749 silly packumentCache full:https://registry.npmjs.org/acorn-walk set size:undefined disposed:false
750 silly fetch manifest playwright-core@1.54.1
751 silly packumentCache full:https://registry.npmjs.org/playwright-core cache-miss
752 http fetch GET 200 https://registry.npmjs.org/acorn 185ms (cache miss)
753 silly packumentCache full:https://registry.npmjs.org/acorn set size:undefined disposed:false
754 silly fetch manifest fsevents@2.3.2
755 silly packumentCache full:https://registry.npmjs.org/fsevents cache-miss
756 http fetch GET 200 https://registry.npmjs.org/commander 146ms (cache miss)
757 silly packumentCache full:https://registry.npmjs.org/commander set size:undefined disposed:false
758 silly fetch manifest buffer-from@^1.0.0
759 silly packumentCache full:https://registry.npmjs.org/buffer-from cache-miss
760 http fetch GET 200 https://registry.npmjs.org/fastest-levenshtein 1085ms (cache miss)
761 silly packumentCache full:https://registry.npmjs.org/fastest-levenshtein set size:undefined disposed:false
762 silly fetch manifest isexe@^2.0.0
763 silly packumentCache full:https://registry.npmjs.org/isexe cache-miss
764 http cache https://registry.npmjs.org/fsevents 30ms (cache hit)
765 silly packumentCache full:https://registry.npmjs.org/fsevents set size:182472 disposed:false
766 http fetch GET 200 https://registry.npmjs.org/formatly 1011ms (cache miss)
767 silly packumentCache full:https://registry.npmjs.org/formatly set size:undefined disposed:false
768 http fetch GET 200 https://registry.npmjs.org/oxc-resolver 955ms (cache miss)
769 silly packumentCache full:https://registry.npmjs.org/oxc-resolver set size:undefined disposed:false
770 http fetch GET 200 https://registry.npmjs.org/acorn-loose 288ms (cache miss)
771 silly packumentCache full:https://registry.npmjs.org/acorn-loose set size:undefined disposed:false
772 http fetch GET 200 https://registry.npmjs.org/buffer-from 104ms (cache miss)
773 silly packumentCache full:https://registry.npmjs.org/buffer-from set size:undefined disposed:false
774 http fetch GET 200 https://registry.npmjs.org/isexe 95ms (cache miss)
775 silly packumentCache full:https://registry.npmjs.org/isexe set size:undefined disposed:false
776 http fetch GET 200 https://registry.npmjs.org/eight-colors 1073ms (cache miss)
777 silly packumentCache full:https://registry.npmjs.org/eight-colors set size:undefined disposed:false
778 http fetch GET 200 https://registry.npmjs.org/playwright-core 1034ms (cache miss)
779 silly packumentCache full:https://registry.npmjs.org/playwright-core set size:undefined disposed:false
780 http fetch GET 200 https://registry.npmjs.org/lz-utils 1343ms (cache miss)
781 silly packumentCache full:https://registry.npmjs.org/lz-utils set size:undefined disposed:false
782 http fetch GET 200 https://registry.npmjs.org/monocart-locator 1322ms (cache miss)
783 silly packumentCache full:https://registry.npmjs.org/monocart-locator set size:undefined disposed:false
784 http fetch GET 200 https://registry.npmjs.org/console-grid 1423ms (cache miss)
785 silly packumentCache full:https://registry.npmjs.org/console-grid set size:undefined disposed:false
786 silly fetch manifest @axe-core/webdriverjs@^4.9.0
787 silly packumentCache full:https://registry.npmjs.org/@axe-core%2fwebdriverjs cache-miss
788 http fetch GET 200 https://registry.npmjs.org/@axe-core%2fwebdriverjs 2348ms (cache miss)
789 silly packumentCache full:https://registry.npmjs.org/@axe-core%2fwebdriverjs set size:undefined disposed:false
790 silly fetch manifest @babel/core@^7.20.12
791 silly packumentCache full:https://registry.npmjs.org/@babel%2fcore cache-miss
792 http fetch GET 200 https://registry.npmjs.org/@babel%2fcore 179ms (cache miss)
793 silly packumentCache full:https://registry.npmjs.org/@babel%2fcore set size:undefined disposed:false
794 silly fetch manifest @babel/plugin-proposal-object-rest-spread@^7.20.7
795 silly packumentCache full:https://registry.npmjs.org/@babel%2fplugin-proposal-object-rest-spread cache-miss
796 http fetch GET 200 https://registry.npmjs.org/@babel%2fplugin-proposal-object-rest-spread 167ms (cache miss)
797 silly packumentCache full:https://registry.npmjs.org/@babel%2fplugin-proposal-object-rest-spread set size:undefined disposed:false
798 silly fetch manifest @babel/preset-env@^7.20.2
799 silly packumentCache full:https://registry.npmjs.org/@babel%2fpreset-env cache-miss
800 http fetch GET 200 https://registry.npmjs.org/@babel%2fpreset-env 217ms (cache miss)
801 silly packumentCache full:https://registry.npmjs.org/@babel%2fpreset-env set size:undefined disposed:false
802 silly fetch manifest @babel/runtime-corejs3@^7.20.7
803 silly packumentCache full:https://registry.npmjs.org/@babel%2fruntime-corejs3 cache-miss
804 http fetch GET 200 https://registry.npmjs.org/@babel%2fruntime-corejs3 513ms (cache miss)
805 silly packumentCache full:https://registry.npmjs.org/@babel%2fruntime-corejs3 set size:undefined disposed:false
806 silly fetch manifest @deque/dot@^1.1.5
807 silly packumentCache full:https://registry.npmjs.org/@deque%2fdot cache-miss
808 http fetch GET 200 https://registry.npmjs.org/@deque%2fdot 2229ms (cache miss)
809 silly packumentCache full:https://registry.npmjs.org/@deque%2fdot set size:undefined disposed:false
810 silly fetch manifest @types/node@^4.9.5
811 silly packumentCache full:https://registry.npmjs.org/@types%2fnode cache-miss
812 http cache https://registry.npmjs.org/@types%2fnode 57ms (cache hit)
813 silly packumentCache full:https://registry.npmjs.org/@types%2fnode set size:10434236 disposed:false
814 silly fetch manifest aria-practices@github:w3c/aria-practices#ce0336bd82d7d3651abcbde86af644197ddbc629
815 http fetch GET 200 https://codeload.github.com/w3c/aria-practices/tar.gz/ce0336bd82d7d3651abcbde86af644197ddbc629 7210ms (cache miss)
816 silly fetch manifest browser-driver-manager@1.0.4
817 silly packumentCache full:https://registry.npmjs.org/browser-driver-manager cache-miss
818 http fetch GET 200 https://registry.npmjs.org/browser-driver-manager 240ms (cache miss)
819 silly packumentCache full:https://registry.npmjs.org/browser-driver-manager set size:undefined disposed:false
820 silly fetch manifest chromedriver@latest
821 silly packumentCache full:https://registry.npmjs.org/chromedriver cache-miss
822 http fetch GET 200 https://registry.npmjs.org/chromedriver 1587ms (cache miss)
823 silly packumentCache full:https://registry.npmjs.org/chromedriver set size:undefined disposed:false
824 silly fetch manifest clean-jsdoc-theme@^4.2.17
825 silly packumentCache full:https://registry.npmjs.org/clean-jsdoc-theme cache-miss
826 http fetch GET 200 https://registry.npmjs.org/clean-jsdoc-theme 246ms (cache miss)
827 silly packumentCache full:https://registry.npmjs.org/clean-jsdoc-theme set size:undefined disposed:false
828 silly fetch manifest clone@^2.1.2
829 silly packumentCache full:https://registry.npmjs.org/clone cache-miss
830 http fetch GET 200 https://registry.npmjs.org/clone 117ms (cache miss)
831 silly packumentCache full:https://registry.npmjs.org/clone set size:undefined disposed:false
832 silly fetch manifest colorjs.io@0.4.3
833 silly packumentCache full:https://registry.npmjs.org/colorjs.io cache-miss
834 http fetch GET 200 https://registry.npmjs.org/colorjs.io 226ms (cache miss)
835 silly packumentCache full:https://registry.npmjs.org/colorjs.io set size:undefined disposed:false
836 silly fetch manifest conventional-commits-parser@^5.0.0
837 silly packumentCache full:https://registry.npmjs.org/conventional-commits-parser cache-miss
838 http fetch GET 200 https://registry.npmjs.org/conventional-commits-parser 226ms (cache miss)
839 silly packumentCache full:https://registry.npmjs.org/conventional-commits-parser set size:undefined disposed:false
840 silly fetch manifest core-js@^3.27.1
841 silly packumentCache full:https://registry.npmjs.org/core-js cache-miss
842 http fetch GET 200 https://registry.npmjs.org/core-js 130ms (cache miss)
843 silly packumentCache full:https://registry.npmjs.org/core-js set size:undefined disposed:false
844 silly fetch manifest css-selector-parser@^1.4.1
845 silly packumentCache full:https://registry.npmjs.org/css-selector-parser cache-miss
846 http fetch GET 200 https://registry.npmjs.org/css-selector-parser 126ms (cache miss)
847 silly packumentCache full:https://registry.npmjs.org/css-selector-parser set size:undefined disposed:false
848 silly fetch manifest emoji-regex@^10.2.1
849 silly packumentCache full:https://registry.npmjs.org/emoji-regex cache-miss
850 http fetch GET 200 https://registry.npmjs.org/emoji-regex 80ms (cache miss)
851 silly packumentCache full:https://registry.npmjs.org/emoji-regex set size:undefined disposed:false
852 silly fetch manifest es6-promise@^4.2.8
853 silly packumentCache full:https://registry.npmjs.org/es6-promise cache-miss
854 http fetch GET 200 https://registry.npmjs.org/es6-promise 124ms (cache miss)
855 silly packumentCache full:https://registry.npmjs.org/es6-promise set size:undefined disposed:false
856 silly fetch manifest esbuild@^0.10.x
857 silly packumentCache full:https://registry.npmjs.org/esbuild cache-miss
858 http cache https://registry.npmjs.org/esbuild 19ms (cache hit)
859 silly packumentCache full:https://registry.npmjs.org/esbuild set size:1215665 disposed:false
860 silly fetch manifest eslint-config-prettier@^9.1.0
861 silly packumentCache full:https://registry.npmjs.org/eslint-config-prettier cache-miss
862 http fetch GET 200 https://registry.npmjs.org/eslint-config-prettier 252ms (cache miss)
863 silly packumentCache full:https://registry.npmjs.org/eslint-config-prettier set size:undefined disposed:false
864 silly fetch manifest eslint-plugin-mocha-no-only@^1.2.0
865 silly packumentCache full:https://registry.npmjs.org/eslint-plugin-mocha-no-only cache-miss
866 http fetch GET 200 https://registry.npmjs.org/eslint-plugin-mocha-no-only 239ms (cache miss)
867 silly packumentCache full:https://registry.npmjs.org/eslint-plugin-mocha-no-only set size:undefined disposed:false
868 silly fetch manifest glob@^10.3.10
869 silly packumentCache full:https://registry.npmjs.org/glob cache-hit
870 silly fetch manifest globals@^15.2.0
871 silly packumentCache full:https://registry.npmjs.org/globals cache-miss
872 http cache https://registry.npmjs.org/globals 21ms (cache hit)
873 silly packumentCache full:https://registry.npmjs.org/globals set size:283323 disposed:false
874 silly fetch manifest grunt@^1.5.3
875 silly packumentCache full:https://registry.npmjs.org/grunt cache-miss
876 http fetch GET 200 https://registry.npmjs.org/grunt 225ms (cache miss)
877 silly packumentCache full:https://registry.npmjs.org/grunt set size:undefined disposed:false
878 silly fetch manifest grunt-babel@^8.0.0
879 silly packumentCache full:https://registry.npmjs.org/grunt-babel cache-miss
880 http fetch GET 200 https://registry.npmjs.org/grunt-babel 328ms (cache miss)
881 silly packumentCache full:https://registry.npmjs.org/grunt-babel set size:undefined disposed:false
882 silly fetch manifest grunt-bytesize@^0.2.0
883 silly packumentCache full:https://registry.npmjs.org/grunt-bytesize cache-miss
884 http fetch GET 200 https://registry.npmjs.org/grunt-bytesize 377ms (cache miss)
885 silly packumentCache full:https://registry.npmjs.org/grunt-bytesize set size:undefined disposed:false
886 silly fetch manifest grunt-contrib-clean@^2.0.1
887 silly packumentCache full:https://registry.npmjs.org/grunt-contrib-clean cache-miss
888 http fetch GET 200 https://registry.npmjs.org/grunt-contrib-clean 375ms (cache miss)
889 silly packumentCache full:https://registry.npmjs.org/grunt-contrib-clean set size:undefined disposed:false
890 silly fetch manifest grunt-contrib-concat@^2.1.0
891 silly packumentCache full:https://registry.npmjs.org/grunt-contrib-concat cache-miss
892 http fetch GET 200 https://registry.npmjs.org/grunt-contrib-concat 433ms (cache miss)
893 silly packumentCache full:https://registry.npmjs.org/grunt-contrib-concat set size:undefined disposed:false
894 silly fetch manifest grunt-contrib-uglify@^5.2.2
895 silly packumentCache full:https://registry.npmjs.org/grunt-contrib-uglify cache-miss
896 http fetch GET 200 https://registry.npmjs.org/grunt-contrib-uglify 245ms (cache miss)
897 silly packumentCache full:https://registry.npmjs.org/grunt-contrib-uglify set size:undefined disposed:false
898 silly fetch manifest grunt-contrib-watch@^1.1.0
899 silly packumentCache full:https://registry.npmjs.org/grunt-contrib-watch cache-miss
900 http fetch GET 200 https://registry.npmjs.org/grunt-contrib-watch 941ms (cache miss)
901 silly packumentCache full:https://registry.npmjs.org/grunt-contrib-watch set size:undefined disposed:false
902 silly fetch manifest html-entities@^2.4.0
903 silly packumentCache full:https://registry.npmjs.org/html-entities cache-miss
904 http fetch GET 200 https://registry.npmjs.org/html-entities 101ms (cache miss)
905 silly packumentCache full:https://registry.npmjs.org/html-entities set size:undefined disposed:false
906 silly fetch manifest http-server@^14.1.1
907 silly packumentCache full:https://registry.npmjs.org/http-server cache-miss
908 http fetch GET 200 https://registry.npmjs.org/http-server 163ms (cache miss)
909 silly packumentCache full:https://registry.npmjs.org/http-server set size:undefined disposed:false
910 silly fetch manifest husky@^9.0.7
911 silly packumentCache full:https://registry.npmjs.org/husky cache-miss
912 http fetch GET 200 https://registry.npmjs.org/husky 247ms (cache miss)
913 silly packumentCache full:https://registry.npmjs.org/husky set size:undefined disposed:false
914 silly fetch manifest jquery@^3.6.3
915 silly packumentCache full:https://registry.npmjs.org/jquery cache-miss
916 http fetch GET 200 https://registry.npmjs.org/jquery 237ms (cache miss)
917 silly packumentCache full:https://registry.npmjs.org/jquery set size:undefined disposed:false
918 silly fetch manifest jsdoc@^4.0.2
919 silly packumentCache full:https://registry.npmjs.org/jsdoc cache-miss
920 http fetch GET 200 https://registry.npmjs.org/jsdoc 259ms (cache miss)
921 silly packumentCache full:https://registry.npmjs.org/jsdoc set size:undefined disposed:false
922 silly fetch manifest jsdom@^25.0.1
923 silly packumentCache full:https://registry.npmjs.org/jsdom cache-miss
924 http fetch GET 200 https://registry.npmjs.org/jsdom 160ms (cache miss)
925 silly packumentCache full:https://registry.npmjs.org/jsdom set size:undefined disposed:false
926 silly fetch manifest karma@^6.4.1
927 silly packumentCache full:https://registry.npmjs.org/karma cache-miss
928 http fetch GET 200 https://registry.npmjs.org/karma 536ms (cache miss)
929 silly packumentCache full:https://registry.npmjs.org/karma set size:undefined disposed:false
930 silly fetch manifest karma-chai@^0.1.0
931 silly packumentCache full:https://registry.npmjs.org/karma-chai cache-miss
932 http fetch GET 200 https://registry.npmjs.org/karma-chai 264ms (cache miss)
933 silly packumentCache full:https://registry.npmjs.org/karma-chai set size:undefined disposed:false
934 silly fetch manifest karma-chrome-launcher@^3.1.1
935 silly packumentCache full:https://registry.npmjs.org/karma-chrome-launcher cache-miss
936 http fetch GET 200 https://registry.npmjs.org/karma-chrome-launcher 233ms (cache miss)
937 silly packumentCache full:https://registry.npmjs.org/karma-chrome-launcher set size:undefined disposed:false
938 silly fetch manifest karma-firefox-launcher@^2.1.2
939 silly packumentCache full:https://registry.npmjs.org/karma-firefox-launcher cache-miss
940 http fetch GET 200 https://registry.npmjs.org/karma-firefox-launcher 249ms (cache miss)
941 silly packumentCache full:https://registry.npmjs.org/karma-firefox-launcher set size:undefined disposed:false
942 silly fetch manifest karma-ie-launcher@^1.0.0
943 silly packumentCache full:https://registry.npmjs.org/karma-ie-launcher cache-miss
944 http fetch GET 200 https://registry.npmjs.org/karma-ie-launcher 139ms (cache miss)
945 silly packumentCache full:https://registry.npmjs.org/karma-ie-launcher set size:undefined disposed:false
946 silly fetch manifest karma-mocha@^2.0.1
947 silly packumentCache full:https://registry.npmjs.org/karma-mocha cache-miss
948 http fetch GET 200 https://registry.npmjs.org/karma-mocha 237ms (cache miss)
949 silly packumentCache full:https://registry.npmjs.org/karma-mocha set size:undefined disposed:false
950 silly fetch manifest karma-sinon@^1.0.5
951 silly packumentCache full:https://registry.npmjs.org/karma-sinon cache-miss
952 http fetch GET 200 https://registry.npmjs.org/karma-sinon 132ms (cache miss)
953 silly packumentCache full:https://registry.npmjs.org/karma-sinon set size:undefined disposed:false
954 silly fetch manifest karma-spec-reporter@^0.0.36
955 silly packumentCache full:https://registry.npmjs.org/karma-spec-reporter cache-miss
956 http fetch GET 200 https://registry.npmjs.org/karma-spec-reporter 1052ms (cache miss)
957 silly packumentCache full:https://registry.npmjs.org/karma-spec-reporter set size:undefined disposed:false
958 silly fetch manifest lint-staged@^15.0.2
959 silly packumentCache full:https://registry.npmjs.org/lint-staged cache-miss
960 http fetch GET 200 https://registry.npmjs.org/lint-staged 261ms (cache miss)
961 silly packumentCache full:https://registry.npmjs.org/lint-staged set size:undefined disposed:false
962 silly fetch manifest memoizee@^0.4.15
963 silly packumentCache full:https://registry.npmjs.org/memoizee cache-miss
964 http fetch GET 200 https://registry.npmjs.org/memoizee 223ms (cache miss)
965 silly packumentCache full:https://registry.npmjs.org/memoizee set size:undefined disposed:false
966 silly fetch manifest node-notifier@^10.0.1
967 silly packumentCache full:https://registry.npmjs.org/node-notifier cache-miss
968 http fetch GET 200 https://registry.npmjs.org/node-notifier 115ms (cache miss)
969 silly packumentCache full:https://registry.npmjs.org/node-notifier set size:undefined disposed:false
970 silly fetch manifest npm-run-all@^4.1.5
971 silly packumentCache full:https://registry.npmjs.org/npm-run-all cache-miss
972 http fetch GET 200 https://registry.npmjs.org/npm-run-all 246ms (cache miss)
973 silly packumentCache full:https://registry.npmjs.org/npm-run-all set size:undefined disposed:false
974 silly fetch manifest outdent@^0.8.0
975 silly packumentCache full:https://registry.npmjs.org/outdent cache-miss
976 http fetch GET 200 https://registry.npmjs.org/outdent 266ms (cache miss)
977 silly packumentCache full:https://registry.npmjs.org/outdent set size:undefined disposed:false
978 silly fetch manifest patch-package@^8.0.0
979 silly packumentCache full:https://registry.npmjs.org/patch-package cache-miss
980 http fetch GET 200 https://registry.npmjs.org/patch-package 241ms (cache miss)
981 silly packumentCache full:https://registry.npmjs.org/patch-package set size:undefined disposed:false
982 silly fetch manifest revalidator@^0.3.1
983 silly packumentCache full:https://registry.npmjs.org/revalidator cache-miss
984 http fetch GET 200 https://registry.npmjs.org/revalidator 97ms (cache miss)
985 silly packumentCache full:https://registry.npmjs.org/revalidator set size:undefined disposed:false
986 silly fetch manifest selenium-webdriver@^4.7.1
987 silly packumentCache full:https://registry.npmjs.org/selenium-webdriver cache-miss
988 http fetch GET 200 https://registry.npmjs.org/selenium-webdriver 223ms (cache miss)
989 silly packumentCache full:https://registry.npmjs.org/selenium-webdriver set size:undefined disposed:false
990 silly fetch manifest serve-handler@^6.1.5
991 silly packumentCache full:https://registry.npmjs.org/serve-handler cache-miss
992 http fetch GET 200 https://registry.npmjs.org/serve-handler 361ms (cache miss)
993 silly packumentCache full:https://registry.npmjs.org/serve-handler set size:undefined disposed:false
994 silly fetch manifest sinon@^19.0.2
995 silly packumentCache full:https://registry.npmjs.org/sinon cache-miss
996 http fetch GET 200 https://registry.npmjs.org/sinon 275ms (cache miss)
997 silly packumentCache full:https://registry.npmjs.org/sinon set size:undefined disposed:false
998 silly fetch manifest sri-toolbox@^0.2.0
999 silly packumentCache full:https://registry.npmjs.org/sri-toolbox cache-miss
1000 http fetch GET 200 https://registry.npmjs.org/sri-toolbox 259ms (cache miss)
1001 silly packumentCache full:https://registry.npmjs.org/sri-toolbox set size:undefined disposed:false
1002 silly fetch manifest standard-version@^9.5.0
1003 silly packumentCache full:https://registry.npmjs.org/standard-version cache-miss
1004 http fetch GET 200 https://registry.npmjs.org/standard-version 1313ms (cache miss)
1005 silly packumentCache full:https://registry.npmjs.org/standard-version set size:undefined disposed:false
1006 silly fetch manifest start-server-and-test@^2.0.1
1007 silly packumentCache full:https://registry.npmjs.org/start-server-and-test cache-miss
1008 http fetch GET 200 https://registry.npmjs.org/start-server-and-test 258ms (cache miss)
1009 silly packumentCache full:https://registry.npmjs.org/start-server-and-test set size:undefined disposed:false
1010 silly fetch manifest typedarray@^0.0.7
1011 silly packumentCache full:https://registry.npmjs.org/typedarray cache-miss
1012 http fetch GET 200 https://registry.npmjs.org/typedarray 228ms (cache miss)
1013 silly packumentCache full:https://registry.npmjs.org/typedarray set size:undefined disposed:false
1014 silly fetch manifest wcag-act-rules@github:w3c/wcag-act-rules#dc90495a5533d326b300ee5a9487afdfc6d493c0
1015 http fetch GET 200 https://codeload.github.com/w3c/wcag-act-rules/tar.gz/dc90495a5533d326b300ee5a9487afdfc6d493c0 57826ms (cache miss)
1016 silly packumentCache heap:2197815296 maxSize:549453824 maxEntrySize:274726912
1017 silly fetch manifest weakmap-polyfill@^2.0.4
1018 silly packumentCache full:https://registry.npmjs.org/weakmap-polyfill cache-miss
1019 http fetch GET 200 https://registry.npmjs.org/weakmap-polyfill 1078ms (cache miss)
1020 silly packumentCache full:https://registry.npmjs.org/weakmap-polyfill set size:undefined disposed:false
1021 silly placeDep ROOT @axe-core/webdriverjs@4.10.2 OK for: axe-core@4.10.3 want: ^4.9.0
1022 silly placeDep ROOT @babel/core@7.28.0 OK for: axe-core@4.10.3 want: ^7.20.12
1023 silly placeDep ROOT @babel/plugin-proposal-object-rest-spread@7.20.7 OK for: axe-core@4.10.3 want: ^7.20.7
1024 silly placeDep ROOT @babel/preset-env@7.28.0 OK for: axe-core@4.10.3 want: ^7.20.2
1025 silly placeDep node_modules/.pnpm/axe-core@4.10.3/node_modules/axe-core @babel/runtime-corejs3@7.28.0 OK for: axe-core@4.10.3 want: ^7.20.7
1026 silly placeDep ROOT @deque/dot@1.1.5 OK for: axe-core@4.10.3 want: ^1.1.5
1027 silly placeDep node_modules/.pnpm/axe-core@4.10.3/node_modules/axe-core @types/node@4.9.5 OK for: axe-core@4.10.3 want: ^4.9.5
1028 silly placeDep node_modules/.pnpm/axe-core@4.10.3/node_modules/axe-core aria-practices@ OK for: axe-core@4.10.3 want: github:w3c/aria-practices#ce0336bd82d7d3651abcbde86af644197ddbc629
1029 silly placeDep ROOT browser-driver-manager@1.0.4 OK for: axe-core@4.10.3 want: 1.0.4
1030 silly placeDep ROOT chromedriver@138.0.3 OK for: axe-core@4.10.3 want: latest
1031 silly placeDep ROOT clean-jsdoc-theme@4.3.0 OK for: axe-core@4.10.3 want: ^4.2.17
1032 silly placeDep ROOT clone@2.1.2 OK for: axe-core@4.10.3 want: ^2.1.2
1033 silly placeDep ROOT colorjs.io@0.4.3 OK for: axe-core@4.10.3 want: 0.4.3
1034 silly placeDep ROOT conventional-commits-parser@5.0.0 OK for: axe-core@4.10.3 want: ^5.0.0
1035 silly placeDep ROOT core-js@3.44.0 OK for: axe-core@4.10.3 want: ^3.27.1
1036 silly placeDep ROOT css-selector-parser@1.4.1 OK for: axe-core@4.10.3 want: ^1.4.1
1037 silly placeDep ROOT emoji-regex@10.4.0 OK for: axe-core@4.10.3 want: ^10.2.1
1038 silly placeDep ROOT es6-promise@4.2.8 OK for: axe-core@4.10.3 want: ^4.2.8
1039 silly placeDep node_modules/.pnpm/axe-core@4.10.3/node_modules/axe-core esbuild@0.10.2 OK for: axe-core@4.10.3 want: ^0.10.x
1040 silly placeDep node_modules/.pnpm/axe-core@4.10.3/node_modules/axe-core eslint-config-prettier@9.1.0 OK for: axe-core@4.10.3 want: ^9.1.0
1041 silly placeDep ROOT eslint-plugin-mocha-no-only@1.2.0 OK for: axe-core@4.10.3 want: ^1.2.0
1042 silly placeDep node_modules/.pnpm/axe-core@4.10.3/node_modules/axe-core glob@10.4.5 OK for: axe-core@4.10.3 want: ^10.3.10
1043 silly placeDep node_modules/.pnpm/axe-core@4.10.3/node_modules/axe-core globals@15.15.0 OK for: axe-core@4.10.3 want: ^15.2.0
1044 silly placeDep ROOT grunt@1.6.1 OK for: axe-core@4.10.3 want: ^1.5.3
1045 silly placeDep ROOT grunt-babel@8.0.0 OK for: axe-core@4.10.3 want: ^8.0.0
1046 silly placeDep ROOT grunt-bytesize@0.2.0 OK for: axe-core@4.10.3 want: ^0.2.0
1047 silly placeDep ROOT grunt-contrib-clean@2.0.1 OK for: axe-core@4.10.3 want: ^2.0.1
1048 silly placeDep ROOT grunt-contrib-concat@2.1.0 OK for: axe-core@4.10.3 want: ^2.1.0
1049 silly placeDep ROOT grunt-contrib-uglify@5.2.2 OK for: axe-core@4.10.3 want: ^5.2.2
1050 silly placeDep ROOT grunt-contrib-watch@1.1.0 OK for: axe-core@4.10.3 want: ^1.1.0
1051 silly placeDep ROOT html-entities@2.6.0 OK for: axe-core@4.10.3 want: ^2.4.0
1052 silly placeDep ROOT http-server@14.1.1 OK for: axe-core@4.10.3 want: ^14.1.1
1053 silly placeDep ROOT husky@9.1.7 OK for: axe-core@4.10.3 want: ^9.0.7
1054 silly placeDep ROOT jquery@3.7.1 OK for: axe-core@4.10.3 want: ^3.6.3
1055 silly placeDep ROOT jsdoc@4.0.4 OK for: axe-core@4.10.3 want: ^4.0.2
1056 silly placeDep ROOT jsdom@25.0.1 OK for: axe-core@4.10.3 want: ^25.0.1
1057 silly placeDep ROOT karma@6.4.4 OK for: axe-core@4.10.3 want: ^6.4.1
1058 silly placeDep ROOT karma-chai@0.1.0 OK for: axe-core@4.10.3 want: ^0.1.0
1059 silly placeDep ROOT karma-chrome-launcher@3.2.0 OK for: axe-core@4.10.3 want: ^3.1.1
1060 silly placeDep ROOT karma-firefox-launcher@2.1.3 OK for: axe-core@4.10.3 want: ^2.1.2
1061 silly placeDep ROOT karma-ie-launcher@1.0.0 OK for: axe-core@4.10.3 want: ^1.0.0
1062 silly placeDep ROOT karma-mocha@2.0.1 OK for: axe-core@4.10.3 want: ^2.0.1
1063 silly placeDep ROOT karma-sinon@1.0.5 OK for: axe-core@4.10.3 want: ^1.0.5
1064 silly placeDep ROOT karma-spec-reporter@0.0.36 OK for: axe-core@4.10.3 want: ^0.0.36
1065 silly placeDep ROOT lint-staged@15.5.2 OK for: axe-core@4.10.3 want: ^15.0.2
1066 silly placeDep ROOT memoizee@0.4.17 OK for: axe-core@4.10.3 want: ^0.4.15
1067 silly placeDep ROOT node-notifier@10.0.1 OK for: axe-core@4.10.3 want: ^10.0.1
1068 silly placeDep ROOT npm-run-all@4.1.5 OK for: axe-core@4.10.3 want: ^4.1.5
1069 silly placeDep ROOT outdent@0.8.0 OK for: axe-core@4.10.3 want: ^0.8.0
1070 silly placeDep ROOT patch-package@8.0.0 OK for: axe-core@4.10.3 want: ^8.0.0
1071 silly placeDep ROOT revalidator@0.3.1 OK for: axe-core@4.10.3 want: ^0.3.1
1072 silly placeDep ROOT selenium-webdriver@4.34.0 OK for: axe-core@4.10.3 want: ^4.7.1
1073 silly placeDep ROOT serve-handler@6.1.6 OK for: axe-core@4.10.3 want: ^6.1.5
1074 silly placeDep ROOT sinon@19.0.5 OK for: axe-core@4.10.3 want: ^19.0.2
1075 silly placeDep ROOT sri-toolbox@0.2.0 OK for: axe-core@4.10.3 want: ^0.2.0
1076 silly placeDep ROOT standard-version@9.5.0 OK for: axe-core@4.10.3 want: ^9.5.0
1077 silly placeDep ROOT start-server-and-test@2.0.12 OK for: axe-core@4.10.3 want: ^2.0.1
1078 silly placeDep ROOT typedarray@0.0.7 OK for: axe-core@4.10.3 want: ^0.0.7
1079 silly placeDep ROOT wcag-act-rules@ OK for: axe-core@4.10.3 want: github:w3c/wcag-act-rules#dc90495a5533d326b300ee5a9487afdfc6d493c0
1080 silly placeDep ROOT weakmap-polyfill@2.0.4 OK for: axe-core@4.10.3 want: ^2.0.4
1081 silly fetch manifest axe-core@~4.10.3
1082 silly packumentCache full:https://registry.npmjs.org/axe-core cache-miss
1083 silly fetch manifest debug@^4.1.0
1084 silly packumentCache full:https://registry.npmjs.org/debug cache-miss
1085 silly fetch manifest json5@^2.2.3
1086 silly packumentCache full:https://registry.npmjs.org/json5 cache-miss
1087 silly fetch manifest semver@^6.3.1
1088 silly packumentCache full:https://registry.npmjs.org/semver cache-miss
1089 silly fetch manifest gensync@^1.0.0-beta.2
1090 silly packumentCache full:https://registry.npmjs.org/gensync cache-miss
1091 silly fetch manifest @babel/types@^7.28.0
1092 silly packumentCache full:https://registry.npmjs.org/@babel%2ftypes cache-miss
1093 silly fetch manifest @babel/parser@^7.28.0
1094 silly packumentCache full:https://registry.npmjs.org/@babel%2fparser cache-miss
1095 silly fetch manifest @babel/helpers@^7.27.6
1096 silly packumentCache full:https://registry.npmjs.org/@babel%2fhelpers cache-miss
1097 silly fetch manifest @babel/template@^7.27.2
1098 silly packumentCache full:https://registry.npmjs.org/@babel%2ftemplate cache-miss
1099 silly fetch manifest @babel/traverse@^7.28.0
1100 silly packumentCache full:https://registry.npmjs.org/@babel%2ftraverse cache-miss
1101 silly fetch manifest @babel/generator@^7.28.0
1102 silly packumentCache full:https://registry.npmjs.org/@babel%2fgenerator cache-miss
1103 http cache https://registry.npmjs.org/semver 138ms (cache hit)
1104 silly packumentCache full:https://registry.npmjs.org/semver set size:224186 disposed:false
1105 silly fetch manifest @babel/code-frame@^7.27.1
1106 silly packumentCache full:https://registry.npmjs.org/@babel%2fcode-frame cache-miss
1107 http cache https://registry.npmjs.org/debug 176ms (cache hit)
1108 silly packumentCache full:https://registry.npmjs.org/debug set size:193521 disposed:false
1109 silly fetch manifest convert-source-map@^2.0.0
1110 silly packumentCache full:https://registry.npmjs.org/convert-source-map cache-miss
1111 http fetch GET 200 https://registry.npmjs.org/gensync 637ms (cache miss)
1112 silly packumentCache full:https://registry.npmjs.org/gensync set size:undefined disposed:false
1113 silly fetch manifest @ampproject/remapping@^2.2.0
1114 silly packumentCache full:https://registry.npmjs.org/@ampproject%2fremapping cache-miss
1115 http fetch GET 200 https://registry.npmjs.org/json5 720ms (cache miss)
1116 silly packumentCache full:https://registry.npmjs.org/json5 set size:undefined disposed:false
1117 silly fetch manifest @babel/helper-module-transforms@^7.27.3
1118 silly packumentCache full:https://registry.npmjs.org/@babel%2fhelper-module-transforms cache-miss
1119 http fetch GET 200 https://registry.npmjs.org/convert-source-map 573ms (cache miss)
1120 silly packumentCache full:https://registry.npmjs.org/convert-source-map set size:undefined disposed:false
1121 silly fetch manifest @babel/helper-compilation-targets@^7.27.2
1122 silly packumentCache full:https://registry.npmjs.org/@babel%2fhelper-compilation-targets cache-miss
1123 http fetch GET 200 https://registry.npmjs.org/@babel%2ftemplate 888ms (cache miss)
1124 silly packumentCache full:https://registry.npmjs.org/@babel%2ftemplate set size:undefined disposed:false
1125 silly fetch manifest @babel/compat-data@^7.20.5
1126 silly packumentCache full:https://registry.npmjs.org/@babel%2fcompat-data cache-miss
1127 http fetch GET 200 https://registry.npmjs.org/@babel%2fcode-frame 789ms (cache miss)
1128 silly packumentCache full:https://registry.npmjs.org/@babel%2fcode-frame set size:undefined disposed:false
1129 silly fetch manifest @babel/helper-compilation-targets@^7.20.7
1130 silly packumentCache full:https://registry.npmjs.org/@babel%2fhelper-compilation-targets cache-miss
1131 http fetch GET 200 https://registry.npmjs.org/@babel%2fhelpers 1048ms (cache miss)
1132 silly packumentCache full:https://registry.npmjs.org/@babel%2fhelpers set size:undefined disposed:false
1133 silly fetch manifest @babel/helper-plugin-utils@^7.20.2
1134 silly packumentCache full:https://registry.npmjs.org/@babel%2fhelper-plugin-utils cache-miss
1135 http fetch GET 200 https://registry.npmjs.org/@babel%2ftraverse 1134ms (cache miss)
1136 silly packumentCache full:https://registry.npmjs.org/@babel%2ftraverse set size:undefined disposed:false
1137 silly fetch manifest @babel/plugin-syntax-object-rest-spread@^7.8.3
1138 silly packumentCache full:https://registry.npmjs.org/@babel%2fplugin-syntax-object-rest-spread cache-miss
1139 http fetch GET 200 https://registry.npmjs.org/@babel%2ftypes 1167ms (cache miss)
1140 silly packumentCache full:https://registry.npmjs.org/@babel%2ftypes set size:undefined disposed:false
1141 silly fetch manifest @babel/plugin-transform-parameters@^7.20.7
1142 silly packumentCache full:https://registry.npmjs.org/@babel%2fplugin-transform-parameters cache-miss
1143 http fetch GET 200 https://registry.npmjs.org/@babel%2fgenerator 1248ms (cache miss)
1144 silly packumentCache full:https://registry.npmjs.org/@babel%2fgenerator set size:undefined disposed:false
1145 silly fetch manifest core-js-compat@^3.43.0
1146 silly packumentCache full:https://registry.npmjs.org/core-js-compat cache-miss
1147 http fetch GET 200 https://registry.npmjs.org/@ampproject%2fremapping 799ms (cache miss)
1148 silly packumentCache full:https://registry.npmjs.org/@ampproject%2fremapping set size:undefined disposed:false
1149 silly fetch manifest @babel/compat-data@^7.28.0
1150 silly packumentCache full:https://registry.npmjs.org/@babel%2fcompat-data cache-miss
1151 http fetch GET 200 https://registry.npmjs.org/@babel%2fparser 1484ms (cache miss)
1152 silly packumentCache full:https://registry.npmjs.org/@babel%2fparser set size:undefined disposed:false
1153 silly fetch manifest @babel/preset-modules@0.1.6-no-external-plugins
1154 silly packumentCache full:https://registry.npmjs.org/@babel%2fpreset-modules cache-miss
1155 http fetch GET 200 https://registry.npmjs.org/@babel%2fhelper-compilation-targets 797ms (cache miss)
1156 silly packumentCache full:https://registry.npmjs.org/@babel%2fhelper-compilation-targets set size:undefined disposed:false
1157 silly fetch manifest @babel/helper-plugin-utils@^7.27.1
1158 silly packumentCache full:https://registry.npmjs.org/@babel%2fhelper-plugin-utils cache-miss
1159 http fetch GET 200 https://registry.npmjs.org/@babel%2fhelper-compilation-targets 672ms (cache miss)
1160 silly packumentCache full:https://registry.npmjs.org/@babel%2fhelper-compilation-targets set size:undefined disposed:false
1161 silly fetch manifest babel-plugin-polyfill-corejs2@^0.4.14
1162 silly packumentCache full:https://registry.npmjs.org/babel-plugin-polyfill-corejs2 cache-miss
1163 http fetch GET 200 https://registry.npmjs.org/@babel%2fhelper-module-transforms 926ms (cache miss)
1164 silly packumentCache full:https://registry.npmjs.org/@babel%2fhelper-module-transforms set size:undefined disposed:false
1165 silly fetch manifest babel-plugin-polyfill-corejs3@^0.13.0
1166 silly packumentCache full:https://registry.npmjs.org/babel-plugin-polyfill-corejs3 cache-miss
1167 http fetch GET 200 https://registry.npmjs.org/@babel%2fhelper-plugin-utils 608ms (cache miss)
1168 silly packumentCache full:https://registry.npmjs.org/@babel%2fhelper-plugin-utils set size:undefined disposed:false
1169 silly fetch manifest @babel/helper-validator-option@^7.27.1
1170 silly packumentCache full:https://registry.npmjs.org/@babel%2fhelper-validator-option cache-miss
1171 http fetch GET 200 https://registry.npmjs.org/@babel%2fplugin-syntax-object-rest-spread 579ms (cache miss)
1172 silly packumentCache full:https://registry.npmjs.org/@babel%2fplugin-syntax-object-rest-spread set size:undefined disposed:false
1173 silly fetch manifest @babel/plugin-transform-for-of@^7.27.1
1174 silly packumentCache full:https://registry.npmjs.org/@babel%2fplugin-transform-for-of cache-miss
1175 http fetch GET 200 https://registry.npmjs.org/@babel%2fcompat-data 824ms (cache miss)
1176 silly packumentCache full:https://registry.npmjs.org/@babel%2fcompat-data set size:undefined disposed:false
1177 silly fetch manifest @babel/plugin-transform-spread@^7.27.1
1178 silly packumentCache full:https://registry.npmjs.org/@babel%2fplugin-transform-spread cache-miss
1179 http fetch GET 200 https://registry.npmjs.org/@babel%2fplugin-transform-parameters 585ms (cache miss)
1180 silly packumentCache full:https://registry.npmjs.org/@babel%2fplugin-transform-parameters set size:undefined disposed:false
1181 silly fetch manifest @babel/plugin-transform-classes@^7.28.0
1182 silly packumentCache full:https://registry.npmjs.org/@babel%2fplugin-transform-classes cache-miss
1183 http fetch GET 200 https://registry.npmjs.org/@babel%2fpreset-modules 257ms (cache miss)
1184 silly packumentCache full:https://registry.npmjs.org/@babel%2fpreset-modules set size:undefined disposed:false
1185 silly fetch manifest @babel/plugin-transform-literals@^7.27.1
1186 silly packumentCache full:https://registry.npmjs.org/@babel%2fplugin-transform-literals cache-miss
1187 http fetch GET 200 https://registry.npmjs.org/core-js-compat 500ms (cache miss)
1188 silly packumentCache full:https://registry.npmjs.org/core-js-compat set size:undefined disposed:false
1189 silly fetch manifest babel-plugin-polyfill-regenerator@^0.6.5
1190 silly packumentCache full:https://registry.npmjs.org/babel-plugin-polyfill-regenerator cache-miss
1191 http fetch GET 200 https://registry.npmjs.org/@babel%2fcompat-data 385ms (cache miss)
1192 silly packumentCache full:https://registry.npmjs.org/@babel%2fcompat-data set size:undefined disposed:false
1193 silly fetch manifest @babel/plugin-transform-new-target@^7.27.1
1194 silly packumentCache full:https://registry.npmjs.org/@babel%2fplugin-transform-new-target cache-miss
1195 http fetch GET 200 https://registry.npmjs.org/babel-plugin-polyfill-corejs2 205ms (cache miss)
1196 silly packumentCache full:https://registry.npmjs.org/babel-plugin-polyfill-corejs2 set size:undefined disposed:false
1197 silly fetch manifest @babel/plugin-transform-parameters@^7.27.7
1198 silly packumentCache full:https://registry.npmjs.org/@babel%2fplugin-transform-parameters cache-miss
1199 http fetch GET 200 https://registry.npmjs.org/@babel%2fhelper-plugin-utils 259ms (cache miss)
1200 silly packumentCache full:https://registry.npmjs.org/@babel%2fhelper-plugin-utils set size:undefined disposed:false
1201 silly fetch manifest @babel/plugin-transform-modules-amd@^7.27.1
1202 silly packumentCache full:https://registry.npmjs.org/@babel%2fplugin-transform-modules-amd cache-miss
1203 http cache https://registry.npmjs.org/@babel%2fplugin-transform-parameters 164ms (cache hit)
1204 silly packumentCache full:https://registry.npmjs.org/@babel%2fplugin-transform-parameters set size:256981 disposed:false
1205 silly fetch manifest @babel/plugin-transform-modules-umd@^7.27.1
1206 silly packumentCache full:https://registry.npmjs.org/@babel%2fplugin-transform-modules-umd cache-miss
1207 http fetch GET 200 https://registry.npmjs.org/babel-plugin-polyfill-corejs3 355ms (cache miss)
1208 silly packumentCache full:https://registry.npmjs.org/babel-plugin-polyfill-corejs3 set size:undefined disposed:false
1209 silly fetch manifest @babel/plugin-transform-regenerator@^7.28.0
1210 silly packumentCache full:https://registry.npmjs.org/@babel%2fplugin-transform-regenerator cache-miss
1211 http fetch GET 200 https://registry.npmjs.org/babel-plugin-polyfill-regenerator 287ms (cache miss)
1212 silly packumentCache full:https://registry.npmjs.org/babel-plugin-polyfill-regenerator set size:undefined disposed:false
1213 silly fetch manifest @babel/plugin-transform-dotall-regex@^7.27.1
1214 silly packumentCache full:https://registry.npmjs.org/@babel%2fplugin-transform-dotall-regex cache-miss
1215 http fetch GET 200 https://registry.npmjs.org/@babel%2fplugin-transform-spread 445ms (cache miss)
1216 silly packumentCache full:https://registry.npmjs.org/@babel%2fplugin-transform-spread set size:undefined disposed:false
1217 silly fetch manifest @babel/plugin-transform-json-strings@^7.27.1
1218 silly packumentCache full:https://registry.npmjs.org/@babel%2fplugin-transform-json-strings cache-miss
1219 http fetch GET 200 https://registry.npmjs.org/@babel%2fplugin-transform-for-of 473ms (cache miss)
1220 silly packumentCache full:https://registry.npmjs.org/@babel%2fplugin-transform-for-of set size:undefined disposed:false
1221 silly fetch manifest @babel/plugin-transform-object-super@^7.27.1
1222 silly packumentCache full:https://registry.npmjs.org/@babel%2fplugin-transform-object-super cache-miss
1223 http fetch GET 200 https://registry.npmjs.org/@babel%2fhelper-validator-option 553ms (cache miss)
1224 silly packumentCache full:https://registry.npmjs.org/@babel%2fhelper-validator-option set size:undefined disposed:false
1225 silly fetch manifest @babel/plugin-transform-sticky-regex@^7.27.1
1226 silly packumentCache full:https://registry.npmjs.org/@babel%2fplugin-transform-sticky-regex cache-miss
1227 http fetch GET 200 https://registry.npmjs.org/@babel%2fplugin-transform-literals 424ms (cache miss)
1228 silly packumentCache full:https://registry.npmjs.org/@babel%2fplugin-transform-literals set size:undefined disposed:false
1229 silly fetch manifest @babel/plugin-transform-block-scoping@^7.28.0
1230 silly packumentCache full:https://registry.npmjs.org/@babel%2fplugin-transform-block-scoping cache-miss
1231 http fetch GET 200 https://registry.npmjs.org/@babel%2fplugin-transform-classes 492ms (cache miss)
1232 silly packumentCache full:https://registry.npmjs.org/@babel%2fplugin-transform-classes set size:undefined disposed:false
1233 silly fetch manifest @babel/plugin-transform-destructuring@^7.28.0
1234 silly packumentCache full:https://registry.npmjs.org/@babel%2fplugin-transform-destructuring cache-miss
1235 http fetch GET 200 https://registry.npmjs.org/@babel%2fplugin-transform-new-target 482ms (cache miss)
1236 silly packumentCache full:https://registry.npmjs.org/@babel%2fplugin-transform-new-target set size:undefined disposed:false
1237 silly fetch manifest @babel/plugin-transform-function-name@^7.27.1
1238 silly packumentCache full:https://registry.npmjs.org/@babel%2fplugin-transform-function-name cache-miss
1239 http fetch GET 200 https://registry.npmjs.org/@babel%2fplugin-transform-modules-amd 483ms (cache miss)
1240 silly packumentCache full:https://registry.npmjs.org/@babel%2fplugin-transform-modules-amd set size:undefined disposed:false
1241 silly fetch manifest @babel/plugin-transform-typeof-symbol@^7.27.1
1242 silly packumentCache full:https://registry.npmjs.org/@babel%2fplugin-transform-typeof-symbol cache-miss
1243 http fetch GET 200 https://registry.npmjs.org/@babel%2fplugin-transform-modules-umd 364ms (cache miss)
1244 silly packumentCache full:https://registry.npmjs.org/@babel%2fplugin-transform-modules-umd set size:undefined disposed:false
1245 silly fetch manifest @babel/plugin-transform-unicode-regex@^7.27.1
1246 silly packumentCache full:https://registry.npmjs.org/@babel%2fplugin-transform-unicode-regex cache-miss
1247 http fetch GET 200 https://registry.npmjs.org/@babel%2fplugin-transform-regenerator 363ms (cache miss)
1248 silly packumentCache full:https://registry.npmjs.org/@babel%2fplugin-transform-regenerator set size:undefined disposed:false
1249 silly fetch manifest @babel/plugin-syntax-import-assertions@^7.27.1
1250 silly packumentCache full:https://registry.npmjs.org/@babel%2fplugin-syntax-import-assertions cache-miss
1251 http fetch GET 200 https://registry.npmjs.org/@babel%2fplugin-transform-json-strings 218ms (cache miss)
1252 silly packumentCache full:https://registry.npmjs.org/@babel%2fplugin-transform-json-strings set size:undefined disposed:false
1253 silly fetch manifest @babel/plugin-syntax-import-attributes@^7.27.1
1254 silly packumentCache full:https://registry.npmjs.org/@babel%2fplugin-syntax-import-attributes cache-miss
1255 http fetch GET 200 https://registry.npmjs.org/@babel%2fplugin-transform-dotall-regex 300ms (cache miss)
1256 silly packumentCache full:https://registry.npmjs.org/@babel%2fplugin-transform-dotall-regex set size:undefined disposed:false
1257 silly fetch manifest @babel/plugin-transform-duplicate-keys@^7.27.1
1258 silly packumentCache full:https://registry.npmjs.org/@babel%2fplugin-transform-duplicate-keys cache-miss
1259 http fetch GET 200 https://registry.npmjs.org/@babel%2fplugin-transform-object-super 226ms (cache miss)
1260 silly packumentCache full:https://registry.npmjs.org/@babel%2fplugin-transform-object-super set size:undefined disposed:false
1261 silly fetch manifest @babel/plugin-transform-dynamic-import@^7.27.1
1262 silly packumentCache full:https://registry.npmjs.org/@babel%2fplugin-transform-dynamic-import cache-miss
1263 http fetch GET 200 https://registry.npmjs.org/@babel%2fplugin-transform-sticky-regex 226ms (cache miss)
1264 silly packumentCache full:https://registry.npmjs.org/@babel%2fplugin-transform-sticky-regex set size:undefined disposed:false
1265 silly fetch manifest @babel/plugin-transform-reserved-words@^7.27.1
1266 silly packumentCache full:https://registry.npmjs.org/@babel%2fplugin-transform-reserved-words cache-miss
1267 http fetch GET 200 https://registry.npmjs.org/@babel%2fplugin-transform-destructuring 207ms (cache miss)
1268 silly packumentCache full:https://registry.npmjs.org/@babel%2fplugin-transform-destructuring set size:undefined disposed:false
1269 silly fetch manifest @babel/plugin-syntax-unicode-sets-regex@^7.18.6
1270 silly packumentCache full:https://registry.npmjs.org/@babel%2fplugin-syntax-unicode-sets-regex cache-miss
1271 http fetch GET 200 https://registry.npmjs.org/@babel%2fplugin-transform-block-scoping 243ms (cache miss)
1272 silly packumentCache full:https://registry.npmjs.org/@babel%2fplugin-transform-block-scoping set size:undefined disposed:false
1273 silly fetch manifest @babel/plugin-transform-arrow-functions@^7.27.1
1274 silly packumentCache full:https://registry.npmjs.org/@babel%2fplugin-transform-arrow-functions cache-miss
1275 http fetch GET 200 https://registry.npmjs.org/@babel%2fplugin-transform-typeof-symbol 193ms (cache miss)
1276 silly packumentCache full:https://registry.npmjs.org/@babel%2fplugin-transform-typeof-symbol set size:undefined disposed:false
1277 silly fetch manifest @babel/plugin-transform-private-methods@^7.27.1
1278 silly packumentCache full:https://registry.npmjs.org/@babel%2fplugin-transform-private-methods cache-miss
1279 http fetch GET 200 https://registry.npmjs.org/@babel%2fplugin-transform-unicode-regex 165ms (cache miss)
1280 silly packumentCache full:https://registry.npmjs.org/@babel%2fplugin-transform-unicode-regex set size:undefined disposed:false
1281 silly fetch manifest @babel/plugin-transform-unicode-escapes@^7.27.1
1282 silly packumentCache full:https://registry.npmjs.org/@babel%2fplugin-transform-unicode-escapes cache-miss
1283 http fetch GET 200 https://registry.npmjs.org/@babel%2fplugin-syntax-import-assertions 157ms (cache miss)
1284 silly packumentCache full:https://registry.npmjs.org/@babel%2fplugin-syntax-import-assertions set size:undefined disposed:false
1285 silly fetch manifest @babel/plugin-transform-class-properties@^7.27.1
1286 silly packumentCache full:https://registry.npmjs.org/@babel%2fplugin-transform-class-properties cache-miss
1287 http fetch GET 200 https://registry.npmjs.org/@babel%2fplugin-syntax-import-attributes 153ms (cache miss)
1288 silly packumentCache full:https://registry.npmjs.org/@babel%2fplugin-syntax-import-attributes set size:undefined disposed:false
1289 silly fetch manifest @babel/plugin-transform-modules-commonjs@^7.27.1
1290 silly packumentCache full:https://registry.npmjs.org/@babel%2fplugin-transform-modules-commonjs cache-miss
1291 http fetch GET 200 https://registry.npmjs.org/@babel%2fplugin-transform-function-name 268ms (cache miss)
1292 silly packumentCache full:https://registry.npmjs.org/@babel%2fplugin-transform-function-name set size:undefined disposed:false
1293 silly fetch manifest @babel/plugin-transform-modules-systemjs@^7.27.1
1294 silly packumentCache full:https://registry.npmjs.org/@babel%2fplugin-transform-modules-systemjs cache-miss
1295 http fetch GET 200 https://registry.npmjs.org/@babel%2fplugin-syntax-unicode-sets-regex 116ms (cache miss)
1296 silly packumentCache full:https://registry.npmjs.org/@babel%2fplugin-syntax-unicode-sets-regex set size:undefined disposed:false
1297 silly fetch manifest @babel/plugin-transform-regexp-modifiers@^7.27.1
1298 silly packumentCache full:https://registry.npmjs.org/@babel%2fplugin-transform-regexp-modifiers cache-miss
1299 http fetch GET 200 https://registry.npmjs.org/@babel%2fplugin-transform-dynamic-import 163ms (cache miss)
1300 silly packumentCache full:https://registry.npmjs.org/@babel%2fplugin-transform-dynamic-import set size:undefined disposed:false
1301 silly fetch manifest @babel/plugin-transform-numeric-separator@^7.27.1
1302 silly packumentCache full:https://registry.npmjs.org/@babel%2fplugin-transform-numeric-separator cache-miss
1303 http fetch GET 200 https://registry.npmjs.org/@babel%2fplugin-transform-duplicate-keys 192ms (cache miss)
1304 silly packumentCache full:https://registry.npmjs.org/@babel%2fplugin-transform-duplicate-keys set size:undefined disposed:false
1305 silly fetch manifest @babel/plugin-transform-optional-chaining@^7.27.1
1306 silly packumentCache full:https://registry.npmjs.org/@babel%2fplugin-transform-optional-chaining cache-miss
1307 http fetch GET 200 https://registry.npmjs.org/@babel%2fplugin-transform-reserved-words 166ms (cache miss)
1308 silly packumentCache full:https://registry.npmjs.org/@babel%2fplugin-transform-reserved-words set size:undefined disposed:false
1309 silly fetch manifest @babel/plugin-transform-property-literals@^7.27.1
1310 silly packumentCache full:https://registry.npmjs.org/@babel%2fplugin-transform-property-literals cache-miss
1311 http fetch GET 200 https://registry.npmjs.org/@babel%2fplugin-transform-private-methods 130ms (cache miss)
1312 silly packumentCache full:https://registry.npmjs.org/@babel%2fplugin-transform-private-methods set size:undefined disposed:false
1313 silly fetch manifest @babel/plugin-transform-template-literals@^7.27.1
1314 silly packumentCache full:https://registry.npmjs.org/@babel%2fplugin-transform-template-literals cache-miss
1315 http fetch GET 200 https://registry.npmjs.org/@babel%2fplugin-transform-unicode-escapes 130ms (cache miss)
1316 silly packumentCache full:https://registry.npmjs.org/@babel%2fplugin-transform-unicode-escapes set size:undefined disposed:false
1317 silly fetch manifest @babel/plugin-transform-async-to-generator@^7.27.1
1318 silly packumentCache full:https://registry.npmjs.org/@babel%2fplugin-transform-async-to-generator cache-miss
1319 http fetch GET 200 https://registry.npmjs.org/@babel%2fplugin-transform-class-properties 135ms (cache miss)
1320 silly packumentCache full:https://registry.npmjs.org/@babel%2fplugin-transform-class-properties set size:undefined disposed:false
1321 silly fetch manifest @babel/plugin-transform-class-static-block@^7.27.1
1322 silly packumentCache full:https://registry.npmjs.org/@babel%2fplugin-transform-class-static-block cache-miss
1323 http fetch GET 200 https://registry.npmjs.org/@babel%2fplugin-transform-arrow-functions 209ms (cache miss)
1324 silly packumentCache full:https://registry.npmjs.org/@babel%2fplugin-transform-arrow-functions set size:undefined disposed:false
1325 silly fetch manifest @babel/plugin-transform-object-rest-spread@^7.28.0
1326 silly packumentCache full:https://registry.npmjs.org/@babel%2fplugin-transform-object-rest-spread cache-miss
1327 http fetch GET 200 https://registry.npmjs.org/@babel%2fplugin-transform-modules-commonjs 161ms (cache miss)
1328 silly packumentCache full:https://registry.npmjs.org/@babel%2fplugin-transform-modules-commonjs set size:undefined disposed:false
1329 silly fetch manifest @babel/plugin-transform-unicode-sets-regex@^7.27.1
1330 silly packumentCache full:https://registry.npmjs.org/@babel%2fplugin-transform-unicode-sets-regex cache-miss
1331 http fetch GET 200 https://registry.npmjs.org/@babel%2fplugin-transform-numeric-separator 146ms (cache miss)
1332 silly packumentCache full:https://registry.npmjs.org/@babel%2fplugin-transform-numeric-separator set size:undefined disposed:false
1333 silly fetch manifest @babel/plugin-transform-computed-properties@^7.27.1
1334 silly packumentCache full:https://registry.npmjs.org/@babel%2fplugin-transform-computed-properties cache-miss
1335 http fetch GET 200 https://registry.npmjs.org/@babel%2fplugin-transform-optional-chaining 146ms (cache miss)
1336 silly packumentCache full:https://registry.npmjs.org/@babel%2fplugin-transform-optional-chaining set size:undefined disposed:false
1337 silly fetch manifest @babel/plugin-transform-shorthand-properties@^7.27.1
1338 silly packumentCache full:https://registry.npmjs.org/@babel%2fplugin-transform-shorthand-properties cache-miss
1339 http fetch GET 200 https://registry.npmjs.org/@babel%2fplugin-transform-modules-systemjs 176ms (cache miss)
1340 silly packumentCache full:https://registry.npmjs.org/@babel%2fplugin-transform-modules-systemjs set size:undefined disposed:false
1341 silly fetch manifest @babel/plugin-transform-export-namespace-from@^7.27.1
1342 silly packumentCache full:https://registry.npmjs.org/@babel%2fplugin-transform-export-namespace-from cache-miss
1343 http fetch GET 200 https://registry.npmjs.org/@babel%2fplugin-transform-property-literals 154ms (cache miss)
1344 silly packumentCache full:https://registry.npmjs.org/@babel%2fplugin-transform-property-literals set size:undefined disposed:false
1345 silly fetch manifest @babel/plugin-transform-block-scoped-functions@^7.27.1
1346 silly packumentCache full:https://registry.npmjs.org/@babel%2fplugin-transform-block-scoped-functions cache-miss
1347 http fetch GET 200 https://registry.npmjs.org/@babel%2fplugin-transform-regexp-modifiers 212ms (cache miss)
1348 silly packumentCache full:https://registry.npmjs.org/@babel%2fplugin-transform-regexp-modifiers set size:undefined disposed:false
1349 silly fetch manifest @babel/plugin-transform-optional-catch-binding@^7.27.1
1350 silly packumentCache full:https://registry.npmjs.org/@babel%2fplugin-transform-optional-catch-binding cache-miss
1351 http fetch GET 200 https://registry.npmjs.org/@babel%2fplugin-transform-class-static-block 129ms (cache miss)
1352 silly packumentCache full:https://registry.npmjs.org/@babel%2fplugin-transform-class-static-block set size:undefined disposed:false
1353 silly fetch manifest @babel/plugin-transform-unicode-property-regex@^7.27.1
1354 silly packumentCache full:https://registry.npmjs.org/@babel%2fplugin-transform-unicode-property-regex cache-miss
1355 http fetch GET 200 https://registry.npmjs.org/@babel%2fplugin-transform-template-literals 164ms (cache miss)
1356 silly packumentCache full:https://registry.npmjs.org/@babel%2fplugin-transform-template-literals set size:undefined disposed:false
1357 silly fetch manifest @babel/plugin-transform-exponentiation-operator@^7.27.1
1358 silly packumentCache full:https://registry.npmjs.org/@babel%2fplugin-transform-exponentiation-operator cache-miss
1359 http fetch GET 200 https://registry.npmjs.org/@babel%2fplugin-transform-async-to-generator 151ms (cache miss)
1360 silly packumentCache full:https://registry.npmjs.org/@babel%2fplugin-transform-async-to-generator set size:undefined disposed:false
1361 silly fetch manifest @babel/plugin-proposal-private-property-in-object@7.21.0-placeholder-for-preset-env.2
1362 silly packumentCache full:https://registry.npmjs.org/@babel%2fplugin-proposal-private-property-in-object cache-miss
1363 http fetch GET 200 https://registry.npmjs.org/@babel%2fplugin-transform-unicode-sets-regex 130ms (cache miss)
1364 silly packumentCache full:https://registry.npmjs.org/@babel%2fplugin-transform-unicode-sets-regex set size:undefined disposed:false
1365 silly fetch manifest @babel/plugin-transform-async-generator-functions@^7.28.0
1366 silly packumentCache full:https://registry.npmjs.org/@babel%2fplugin-transform-async-generator-functions cache-miss
1367 http fetch GET 200 https://registry.npmjs.org/@babel%2fplugin-transform-object-rest-spread 158ms (cache miss)
1368 silly packumentCache full:https://registry.npmjs.org/@babel%2fplugin-transform-object-rest-spread set size:undefined disposed:false
1369 silly fetch manifest @babel/plugin-transform-member-expression-literals@^7.27.1
1370 silly packumentCache full:https://registry.npmjs.org/@babel%2fplugin-transform-member-expression-literals cache-miss
1371 http fetch GET 200 https://registry.npmjs.org/@babel%2fplugin-transform-export-namespace-from 169ms (cache miss)
1372 silly packumentCache full:https://registry.npmjs.org/@babel%2fplugin-transform-export-namespace-from set size:undefined disposed:false
1373 silly fetch manifest @babel/plugin-transform-private-property-in-object@^7.27.1
1374 silly packumentCache full:https://registry.npmjs.org/@babel%2fplugin-transform-private-property-in-object cache-miss
1375 http fetch GET 200 https://registry.npmjs.org/@babel%2fplugin-transform-block-scoped-functions 183ms (cache miss)
1376 silly packumentCache full:https://registry.npmjs.org/@babel%2fplugin-transform-block-scoped-functions set size:undefined disposed:false
1377 silly fetch manifest @babel/plugin-transform-nullish-coalescing-operator@^7.27.1
1378 silly packumentCache full:https://registry.npmjs.org/@babel%2fplugin-transform-nullish-coalescing-operator cache-miss
1379 http fetch GET 200 https://registry.npmjs.org/@babel%2fplugin-transform-shorthand-properties 213ms (cache miss)
1380 silly packumentCache full:https://registry.npmjs.org/@babel%2fplugin-transform-shorthand-properties set size:undefined disposed:false
1381 silly fetch manifest @babel/plugin-transform-explicit-resource-management@^7.28.0
1382 silly packumentCache full:https://registry.npmjs.org/@babel%2fplugin-transform-explicit-resource-management cache-miss
1383 http fetch GET 200 https://registry.npmjs.org/@babel%2fplugin-transform-computed-properties 232ms (cache miss)
1384 silly packumentCache full:https://registry.npmjs.org/@babel%2fplugin-transform-computed-properties set size:undefined disposed:false
1385 silly fetch manifest @babel/plugin-transform-logical-assignment-operators@^7.27.1
1386 silly packumentCache full:https://registry.npmjs.org/@babel%2fplugin-transform-logical-assignment-operators cache-miss
1387 http fetch GET 200 https://registry.npmjs.org/@babel%2fplugin-transform-optional-catch-binding 186ms (cache miss)
1388 silly packumentCache full:https://registry.npmjs.org/@babel%2fplugin-transform-optional-catch-binding set size:undefined disposed:false
1389 silly fetch manifest @babel/plugin-transform-named-capturing-groups-regex@^7.27.1
1390 silly packumentCache full:https://registry.npmjs.org/@babel%2fplugin-transform-named-capturing-groups-regex cache-miss
1391 http fetch GET 200 https://registry.npmjs.org/@babel%2fplugin-transform-unicode-property-regex 185ms (cache miss)
1392 silly packumentCache full:https://registry.npmjs.org/@babel%2fplugin-transform-unicode-property-regex set size:undefined disposed:false
1393 silly fetch manifest @babel/plugin-bugfix-firefox-class-in-computed-class-key@^7.27.1
1394 silly packumentCache full:https://registry.npmjs.org/@babel%2fplugin-bugfix-firefox-class-in-computed-class-key cache-miss
1395 http fetch GET 200 https://registry.npmjs.org/@babel%2fplugin-proposal-private-property-in-object 179ms (cache miss)
1396 silly packumentCache full:https://registry.npmjs.org/@babel%2fplugin-proposal-private-property-in-object set size:undefined disposed:false
1397 silly fetch manifest @babel/plugin-bugfix-safari-class-field-initializer-scope@^7.27.1
1398 silly packumentCache full:https://registry.npmjs.org/@babel%2fplugin-bugfix-safari-class-field-initializer-scope cache-miss
1399 http fetch GET 200 https://registry.npmjs.org/@babel%2fplugin-transform-exponentiation-operator 193ms (cache miss)
1400 silly packumentCache full:https://registry.npmjs.org/@babel%2fplugin-transform-exponentiation-operator set size:undefined disposed:false
1401 silly fetch manifest @babel/plugin-bugfix-v8-static-class-fields-redefine-readonly@^7.27.1
1402 silly packumentCache full:https://registry.npmjs.org/@babel%2fplugin-bugfix-v8-static-class-fields-redefine-readonly cache-miss
1403 http fetch GET 200 https://registry.npmjs.org/@babel%2fplugin-transform-async-generator-functions 175ms (cache miss)
1404 silly packumentCache full:https://registry.npmjs.org/@babel%2fplugin-transform-async-generator-functions set size:undefined disposed:false
1405 silly fetch manifest @babel/plugin-bugfix-v8-spread-parameters-in-optional-chaining@^7.27.1
1406 silly packumentCache full:https://registry.npmjs.org/@babel%2fplugin-bugfix-v8-spread-parameters-in-optional-chaining cache-miss
1407 http fetch GET 200 https://registry.npmjs.org/@babel%2fplugin-transform-member-expression-literals 180ms (cache miss)
1408 silly packumentCache full:https://registry.npmjs.org/@babel%2fplugin-transform-member-expression-literals set size:undefined disposed:false
1409 silly fetch manifest @babel/plugin-transform-duplicate-named-capturing-groups-regex@^7.27.1
1410 silly packumentCache full:https://registry.npmjs.org/@babel%2fplugin-transform-duplicate-named-capturing-groups-regex cache-miss
1411 http fetch GET 200 https://registry.npmjs.org/@babel%2fplugin-transform-explicit-resource-management 102ms (cache miss)
1412 silly packumentCache full:https://registry.npmjs.org/@babel%2fplugin-transform-explicit-resource-management set size:undefined disposed:false
1413 silly fetch manifest @babel/plugin-bugfix-safari-id-destructuring-collision-in-function-expression@^7.27.1
1414 silly packumentCache full:https://registry.npmjs.org/@babel%2fplugin-bugfix-safari-id-destructuring-collision-in-function-expression cache-miss
1415 http fetch GET 200 https://registry.npmjs.org/@babel%2fplugin-transform-logical-assignment-operators 104ms (cache miss)
1416 silly packumentCache full:https://registry.npmjs.org/@babel%2fplugin-transform-logical-assignment-operators set size:undefined disposed:false
1417 silly fetch manifest core-js-pure@^3.43.0
1418 silly packumentCache full:https://registry.npmjs.org/core-js-pure cache-miss
1419 http fetch GET 200 https://registry.npmjs.org/@babel%2fplugin-transform-nullish-coalescing-operator 124ms (cache miss)
1420 silly packumentCache full:https://registry.npmjs.org/@babel%2fplugin-transform-nullish-coalescing-operator set size:undefined disposed:false
1421 silly fetch manifest chalk@^5.0.0
1422 silly packumentCache full:https://registry.npmjs.org/chalk cache-miss
1423 http fetch GET 200 https://registry.npmjs.org/@babel%2fplugin-transform-private-property-in-object 240ms (cache miss)
1424 silly packumentCache full:https://registry.npmjs.org/@babel%2fplugin-transform-private-property-in-object set size:undefined disposed:false
1425 silly fetch manifest node-fetch@^3.2.0
1426 silly packumentCache full:https://registry.npmjs.org/node-fetch cache-miss
1427 http fetch GET 200 https://registry.npmjs.org/axe-core 3218ms (cache miss)
1428 silly packumentCache full:https://registry.npmjs.org/axe-core set size:undefined disposed:false
1429 silly fetch manifest @testim/chrome-version@^1.1.4
1430 silly packumentCache full:https://registry.npmjs.org/@testim%2fchrome-version cache-miss
1431 http cache https://registry.npmjs.org/chalk 214ms (cache hit)
1432 silly packumentCache full:https://registry.npmjs.org/chalk set size:122561 disposed:false
1433 silly fetch manifest axios@^1.7.4
1434 silly packumentCache full:https://registry.npmjs.org/axios cache-miss
1435 http fetch GET 200 https://registry.npmjs.org/@babel%2fplugin-transform-duplicate-named-capturing-groups-regex 312ms (cache miss)
1436 silly packumentCache full:https://registry.npmjs.org/@babel%2fplugin-transform-duplicate-named-capturing-groups-regex set size:undefined disposed:false
1437 silly fetch manifest compare-versions@^6.1.0
1438 silly packumentCache full:https://registry.npmjs.org/compare-versions cache-miss
1439 http fetch GET 200 https://registry.npmjs.org/@babel%2fplugin-bugfix-v8-static-class-fields-redefine-readonly 334ms (cache miss)
1440 silly packumentCache full:https://registry.npmjs.org/@babel%2fplugin-bugfix-v8-static-class-fields-redefine-readonly set size:undefined disposed:false
1441 silly fetch manifest extract-zip@^2.0.1
1442 silly packumentCache full:https://registry.npmjs.org/extract-zip cache-miss
1443 http fetch GET 200 https://registry.npmjs.org/@babel%2fplugin-bugfix-safari-class-field-initializer-scope 348ms (cache miss)
1444 silly packumentCache full:https://registry.npmjs.org/@babel%2fplugin-bugfix-safari-class-field-initializer-scope set size:undefined disposed:false
1445 silly fetch manifest proxy-agent@^6.4.0
1446 silly packumentCache full:https://registry.npmjs.org/proxy-agent cache-miss
1447 http fetch GET 200 https://registry.npmjs.org/@babel%2fplugin-bugfix-firefox-class-in-computed-class-key 368ms (cache miss)
1448 silly packumentCache full:https://registry.npmjs.org/@babel%2fplugin-bugfix-firefox-class-in-computed-class-key set size:undefined disposed:false
1449 silly fetch manifest proxy-from-env@^1.1.0
1450 silly packumentCache full:https://registry.npmjs.org/proxy-from-env cache-miss
1451 http fetch GET 200 https://registry.npmjs.org/@babel%2fplugin-bugfix-v8-spread-parameters-in-optional-chaining 347ms (cache miss)
1452 silly packumentCache full:https://registry.npmjs.org/@babel%2fplugin-bugfix-v8-spread-parameters-in-optional-chaining set size:undefined disposed:false
1453 silly fetch manifest tcp-port-used@^1.0.2
1454 silly packumentCache full:https://registry.npmjs.org/tcp-port-used cache-miss
1455 http fetch GET 200 https://registry.npmjs.org/@babel%2fplugin-transform-named-capturing-groups-regex 404ms (cache miss)
1456 silly packumentCache full:https://registry.npmjs.org/@babel%2fplugin-transform-named-capturing-groups-regex set size:undefined disposed:false
1457 silly fetch manifest @jsdoc/salty@^0.2.4
1458 silly packumentCache full:https://registry.npmjs.org/@jsdoc%2fsalty cache-miss
1459 http fetch GET 200 https://registry.npmjs.org/@babel%2fplugin-bugfix-safari-id-destructuring-collision-in-function-expression 328ms (cache miss)
1460 silly packumentCache full:https://registry.npmjs.org/@babel%2fplugin-bugfix-safari-id-destructuring-collision-in-function-expression set size:undefined disposed:false
1461 silly fetch manifest fs-extra@^10.1.0
1462 silly packumentCache full:https://registry.npmjs.org/fs-extra cache-miss
1463 http fetch GET 200 https://registry.npmjs.org/core-js-pure 340ms (cache miss)
1464 silly packumentCache full:https://registry.npmjs.org/core-js-pure set size:undefined disposed:false
1465 silly fetch manifest html-minifier-terser@^7.2.0
1466 silly packumentCache full:https://registry.npmjs.org/html-minifier-terser cache-miss
1467 http fetch GET 200 https://registry.npmjs.org/proxy-from-env 90ms (cache miss)
1468 silly packumentCache full:https://registry.npmjs.org/proxy-from-env set size:undefined disposed:false
1469 silly fetch manifest klaw-sync@^6.0.0
1470 silly packumentCache full:https://registry.npmjs.org/klaw-sync cache-miss
1471 http fetch GET 200 https://registry.npmjs.org/proxy-agent 111ms (cache miss)
1472 silly packumentCache full:https://registry.npmjs.org/proxy-agent set size:undefined disposed:false
1473 silly fetch manifest lodash@^4.17.21
1474 silly packumentCache full:https://registry.npmjs.org/lodash cache-miss
1475 http fetch GET 200 https://registry.npmjs.org/node-fetch 296ms (cache miss)
1476 silly packumentCache full:https://registry.npmjs.org/node-fetch set size:undefined disposed:false
1477 silly fetch manifest showdown@^2.1.0
1478 silly packumentCache full:https://registry.npmjs.org/showdown cache-miss
1479 http fetch GET 200 https://registry.npmjs.org/axios 195ms (cache miss)
1480 silly packumentCache full:https://registry.npmjs.org/axios set size:undefined disposed:false
1481 silly fetch manifest meow@^12.0.1
1482 silly packumentCache full:https://registry.npmjs.org/meow cache-miss
1483 http fetch GET 200 https://registry.npmjs.org/tcp-port-used 153ms (cache miss)
1484 silly packumentCache full:https://registry.npmjs.org/tcp-port-used set size:undefined disposed:false
1485 silly fetch manifest split2@^4.0.0
1486 silly packumentCache full:https://registry.npmjs.org/split2 cache-miss
1487 http fetch GET 200 https://registry.npmjs.org/html-minifier-terser 149ms (cache miss)
1488 silly packumentCache full:https://registry.npmjs.org/html-minifier-terser set size:undefined disposed:false
1489 silly fetch manifest JSONStream@^1.3.5
1490 silly packumentCache full:https://registry.npmjs.org/JSONStream cache-miss
1491 http fetch GET 200 https://registry.npmjs.org/extract-zip 235ms (cache miss)
1492 silly packumentCache full:https://registry.npmjs.org/extract-zip set size:undefined disposed:false
1493 silly fetch manifest is-text-path@^2.0.0
1494 silly packumentCache full:https://registry.npmjs.org/is-text-path cache-miss
1495 http fetch GET 200 https://registry.npmjs.org/compare-versions 246ms (cache miss)
1496 silly packumentCache full:https://registry.npmjs.org/compare-versions set size:undefined disposed:false
1497 silly fetch manifest requireindex@~1.1.0
1498 silly packumentCache full:https://registry.npmjs.org/requireindex cache-miss
1499 http fetch GET 200 https://registry.npmjs.org/lodash 138ms (cache miss)
1500 silly packumentCache full:https://registry.npmjs.org/lodash set size:undefined disposed:false
1501 silly fetch manifest exit@~0.1.2
1502 silly packumentCache full:https://registry.npmjs.org/exit cache-miss
1503 http fetch GET 200 https://registry.npmjs.org/split2 94ms (cache miss)
1504 silly packumentCache full:https://registry.npmjs.org/split2 set size:undefined disposed:false
1505 silly fetch manifest glob@~7.1.6
1506 silly packumentCache full:https://registry.npmjs.org/glob cache-hit
1507 silly fetch manifest nopt@~3.0.6
1508 silly packumentCache full:https://registry.npmjs.org/nopt cache-miss
1509 http fetch GET 200 https://registry.npmjs.org/fs-extra 245ms (cache miss)
1510 silly packumentCache full:https://registry.npmjs.org/fs-extra set size:undefined disposed:false
1511 silly fetch manifest js-yaml@~3.14.0
1512 silly packumentCache full:https://registry.npmjs.org/js-yaml cache-miss
1513 http fetch GET 200 https://registry.npmjs.org/exit 73ms (cache miss)
1514 silly packumentCache full:https://registry.npmjs.org/exit set size:undefined disposed:false
1515 silly fetch manifest grunt-cli@~1.4.3
1516 silly packumentCache full:https://registry.npmjs.org/grunt-cli cache-miss
1517 http cache https://registry.npmjs.org/js-yaml 44ms (cache hit)
1518 silly packumentCache full:https://registry.npmjs.org/js-yaml set size:145975 disposed:false
1519 silly fetch manifest minimatch@~3.0.4
1520 silly packumentCache full:https://registry.npmjs.org/minimatch cache-hit
1521 silly fetch manifest dateformat@~4.6.2
1522 silly packumentCache full:https://registry.npmjs.org/dateformat cache-miss
1523 http fetch GET 200 https://registry.npmjs.org/nopt 191ms (cache miss)
1524 silly packumentCache full:https://registry.npmjs.org/nopt set size:undefined disposed:false
1525 silly fetch manifest iconv-lite@~0.6.3
1526 silly packumentCache full:https://registry.npmjs.org/iconv-lite cache-miss
1527 http fetch GET 200 https://registry.npmjs.org/is-text-path 246ms (cache miss)
1528 silly packumentCache full:https://registry.npmjs.org/is-text-path set size:undefined disposed:false
1529 silly fetch manifest findup-sync@~5.0.0
1530 silly packumentCache full:https://registry.npmjs.org/findup-sync cache-miss
1531 http fetch GET 200 https://registry.npmjs.org/JSONStream 270ms (cache miss)
1532 silly packumentCache full:https://registry.npmjs.org/JSONStream set size:undefined disposed:false
1533 silly fetch manifest eventemitter2@~0.4.13
1534 silly packumentCache full:https://registry.npmjs.org/eventemitter2 cache-miss
1535 http fetch GET 200 https://registry.npmjs.org/meow 337ms (cache miss)
1536 silly packumentCache full:https://registry.npmjs.org/meow set size:undefined disposed:false
1537 silly fetch manifest grunt-legacy-log@~3.0.0
1538 silly packumentCache full:https://registry.npmjs.org/grunt-legacy-log cache-miss
1539 http fetch GET 200 https://registry.npmjs.org/@jsdoc%2fsalty 523ms (cache miss)
1540 silly packumentCache full:https://registry.npmjs.org/@jsdoc%2fsalty set size:undefined disposed:false
1541 silly fetch manifest grunt-legacy-util@~2.0.1
1542 silly packumentCache full:https://registry.npmjs.org/grunt-legacy-util cache-miss
1543 http fetch GET 200 https://registry.npmjs.org/grunt-cli 236ms (cache miss)
1544 silly packumentCache full:https://registry.npmjs.org/grunt-cli set size:undefined disposed:false
1545 silly fetch manifest grunt-known-options@~2.0.0
1546 silly packumentCache full:https://registry.npmjs.org/grunt-known-options cache-miss
1547 http fetch GET 200 https://registry.npmjs.org/iconv-lite 120ms (cache miss)
1548 silly packumentCache full:https://registry.npmjs.org/iconv-lite set size:undefined disposed:false
1549 silly fetch manifest bytesize@~0.2.0
1550 silly packumentCache full:https://registry.npmjs.org/bytesize cache-miss
1551 http fetch GET 200 https://registry.npmjs.org/dateformat 250ms (cache miss)
1552 silly packumentCache full:https://registry.npmjs.org/dateformat set size:undefined disposed:false
1553 silly fetch manifest async@^3.2.3
1554 silly packumentCache full:https://registry.npmjs.org/async cache-miss
1555 http fetch GET 200 https://registry.npmjs.org/findup-sync 130ms (cache miss)
1556 silly packumentCache full:https://registry.npmjs.org/findup-sync set size:undefined disposed:false
1557 silly fetch manifest rimraf@^2.6.2
1558 silly packumentCache full:https://registry.npmjs.org/rimraf cache-miss
1559 http fetch GET 200 https://registry.npmjs.org/eventemitter2 138ms (cache miss)
1560 silly packumentCache full:https://registry.npmjs.org/eventemitter2 set size:undefined disposed:false
1561 silly fetch manifest source-map@^0.5.3
1562 silly packumentCache full:https://registry.npmjs.org/source-map cache-miss
1563 http cache https://registry.npmjs.org/source-map 17ms (cache hit)
1564 silly packumentCache full:https://registry.npmjs.org/source-map set size:243370 disposed:false
1565 silly fetch manifest maxmin@^3.0.0
1566 silly packumentCache full:https://registry.npmjs.org/maxmin cache-miss
1567 http fetch GET 200 https://registry.npmjs.org/grunt-legacy-util 296ms (cache miss)
1568 silly packumentCache full:https://registry.npmjs.org/grunt-legacy-util set size:undefined disposed:false
1569 silly fetch manifest uri-path@^1.0.0
1570 silly packumentCache full:https://registry.npmjs.org/uri-path cache-miss
1571 http fetch GET 200 https://registry.npmjs.org/grunt-known-options 293ms (cache miss)
1572 silly packumentCache full:https://registry.npmjs.org/grunt-known-options set size:undefined disposed:false
1573 silly fetch manifest uglify-js@^3.16.1
1574 silly packumentCache full:https://registry.npmjs.org/uglify-js cache-miss
1575 http fetch GET 200 https://registry.npmjs.org/grunt-legacy-log 359ms (cache miss)
1576 silly packumentCache full:https://registry.npmjs.org/grunt-legacy-log set size:undefined disposed:false
1577 silly fetch manifest gaze@^1.1.0
1578 silly packumentCache full:https://registry.npmjs.org/gaze cache-miss
1579 http fetch GET 200 https://registry.npmjs.org/rimraf 258ms (cache miss)
1580 silly packumentCache full:https://registry.npmjs.org/rimraf set size:undefined disposed:false
1581 silly fetch manifest async@^2.6.0
1582 silly packumentCache full:https://registry.npmjs.org/async cache-miss
1583 http fetch GET 200 https://registry.npmjs.org/async 280ms (cache miss)
1584 silly packumentCache full:https://registry.npmjs.org/async set size:undefined disposed:false
1585 silly fetch manifest lodash@^4.17.10
1586 silly packumentCache full:https://registry.npmjs.org/lodash cache-miss
1587 http cache https://registry.npmjs.org/lodash 15ms (cache hit)
1588 silly packumentCache full:https://registry.npmjs.org/lodash set size:242413 disposed:false
1589 silly fetch manifest tiny-lr@^1.1.1
1590 silly packumentCache full:https://registry.npmjs.org/tiny-lr cache-miss
1591 http fetch GET 200 https://registry.npmjs.org/async 100ms (cache miss)
1592 silly packumentCache full:https://registry.npmjs.org/async set size:undefined disposed:false
1593 silly fetch manifest mime@^1.6.0
1594 silly packumentCache full:https://registry.npmjs.org/mime cache-miss
1595 http fetch GET 200 https://registry.npmjs.org/uglify-js 134ms (cache miss)
1596 silly packumentCache full:https://registry.npmjs.org/uglify-js set size:undefined disposed:false
1597 silly fetch manifest union@~0.5.0
1598 silly packumentCache full:https://registry.npmjs.org/union cache-miss
1599 http fetch GET 200 https://registry.npmjs.org/gaze 202ms (cache miss)
1600 silly packumentCache full:https://registry.npmjs.org/gaze set size:undefined disposed:false
1601 silly fetch manifest corser@^2.0.1
1602 silly packumentCache full:https://registry.npmjs.org/corser cache-miss
1603 http fetch GET 200 https://registry.npmjs.org/klaw-sync 1031ms (cache miss)
1604 silly packumentCache full:https://registry.npmjs.org/klaw-sync set size:undefined disposed:false
1605 silly fetch manifest opener@^1.5.1
1606 silly packumentCache full:https://registry.npmjs.org/opener cache-miss
1607 http fetch GET 200 https://registry.npmjs.org/showdown 1059ms (cache miss)
1608 silly packumentCache full:https://registry.npmjs.org/showdown set size:undefined disposed:false
1609 silly fetch manifest minimist@^1.2.6
1610 silly packumentCache full:https://registry.npmjs.org/minimist cache-miss
1611 http fetch GET 200 https://registry.npmjs.org/mime 218ms (cache miss)
1612 silly packumentCache full:https://registry.npmjs.org/mime set size:undefined disposed:false
1613 silly fetch manifest url-join@^4.0.1
1614 silly packumentCache full:https://registry.npmjs.org/url-join cache-miss
1615 http cache https://registry.npmjs.org/minimist 24ms (cache hit)
1616 silly packumentCache full:https://registry.npmjs.org/minimist set size:77097 disposed:false
1617 silly fetch manifest basic-auth@^2.0.1
1618 silly packumentCache full:https://registry.npmjs.org/basic-auth cache-miss
1619 http fetch GET 200 https://registry.npmjs.org/requireindex 1007ms (cache miss)
1620 silly packumentCache full:https://registry.npmjs.org/requireindex set size:undefined disposed:false
1621 silly fetch manifest http-proxy@^1.18.1
1622 silly packumentCache full:https://registry.npmjs.org/http-proxy cache-miss
1623 http fetch GET 200 https://registry.npmjs.org/basic-auth 89ms (cache miss)
1624 silly packumentCache full:https://registry.npmjs.org/basic-auth set size:undefined disposed:false
1625 silly fetch manifest portfinder@^1.0.28
1626 silly packumentCache full:https://registry.npmjs.org/portfinder cache-miss
1627 http fetch GET 200 https://registry.npmjs.org/url-join 160ms (cache miss)
1628 silly packumentCache full:https://registry.npmjs.org/url-join set size:undefined disposed:false
1629 silly fetch manifest secure-compare@3.0.1
1630 silly packumentCache full:https://registry.npmjs.org/secure-compare cache-miss
1631 http fetch GET 200 https://registry.npmjs.org/opener 261ms (cache miss)
1632 silly packumentCache full:https://registry.npmjs.org/opener set size:undefined disposed:false
1633 silly fetch manifest html-encoding-sniffer@^3.0.0
1634 silly packumentCache full:https://registry.npmjs.org/html-encoding-sniffer cache-miss
1635 http fetch GET 200 https://registry.npmjs.org/corser 319ms (cache miss)
1636 silly packumentCache full:https://registry.npmjs.org/corser set size:undefined disposed:false
1637 silly fetch manifest klaw@^3.0.0
1638 silly packumentCache full:https://registry.npmjs.org/klaw cache-miss
1639 http fetch GET 200 https://registry.npmjs.org/http-proxy 166ms (cache miss)
1640 silly packumentCache full:https://registry.npmjs.org/http-proxy set size:undefined disposed:false
1641 silly fetch manifest marked@^4.0.10
1642 silly packumentCache full:https://registry.npmjs.org/marked cache-miss
1643 http fetch GET 200 https://registry.npmjs.org/portfinder 107ms (cache miss)
1644 silly packumentCache full:https://registry.npmjs.org/portfinder set size:undefined disposed:false
1645 silly fetch manifest mkdirp@^1.0.4
1646 silly packumentCache full:https://registry.npmjs.org/mkdirp cache-miss
1647 http fetch GET 200 https://registry.npmjs.org/html-encoding-sniffer 85ms (cache miss)
1648 silly packumentCache full:https://registry.npmjs.org/html-encoding-sniffer set size:undefined disposed:false
1649 silly fetch manifest bluebird@^3.7.2
1650 silly packumentCache full:https://registry.npmjs.org/bluebird cache-miss
1651 http fetch GET 200 https://registry.npmjs.org/marked 100ms (cache miss)
1652 silly packumentCache full:https://registry.npmjs.org/marked set size:undefined disposed:false
1653 silly fetch manifest catharsis@^0.9.0
1654 silly packumentCache full:https://registry.npmjs.org/catharsis cache-miss
1655 http fetch GET 200 https://registry.npmjs.org/mkdirp 119ms (cache miss)
1656 silly packumentCache full:https://registry.npmjs.org/mkdirp set size:undefined disposed:false
1657 silly fetch manifest requizzle@^0.2.3
1658 silly packumentCache full:https://registry.npmjs.org/requizzle cache-miss
1659 http fetch GET 200 https://registry.npmjs.org/bluebird 90ms (cache miss)
1660 silly packumentCache full:https://registry.npmjs.org/bluebird set size:undefined disposed:false
1661 silly fetch manifest underscore@~1.13.2
1662 silly packumentCache full:https://registry.npmjs.org/underscore cache-miss
1663 http fetch GET 200 https://registry.npmjs.org/secure-compare 222ms (cache miss)
1664 silly packumentCache full:https://registry.npmjs.org/secure-compare set size:undefined disposed:false
1665 silly fetch manifest markdown-it@^14.1.0
1666 silly packumentCache full:https://registry.npmjs.org/markdown-it cache-miss
1667 http fetch GET 200 https://registry.npmjs.org/klaw 222ms (cache miss)
1668 silly packumentCache full:https://registry.npmjs.org/klaw set size:undefined disposed:false
1669 silly fetch manifest @jsdoc/salty@^0.2.1
1670 silly packumentCache full:https://registry.npmjs.org/@jsdoc%2fsalty cache-miss
1671 http cache https://registry.npmjs.org/@jsdoc%2fsalty 9ms (cache hit)
1672 silly packumentCache full:https://registry.npmjs.org/@jsdoc%2fsalty set size:26841 disposed:false
1673 silly fetch manifest js2xmlparser@^4.0.2
1674 silly packumentCache full:https://registry.npmjs.org/js2xmlparser cache-miss
1675 http fetch GET 200 https://registry.npmjs.org/bytesize 1068ms (cache miss)
1676 silly packumentCache full:https://registry.npmjs.org/bytesize set size:undefined disposed:false
1677 silly fetch manifest @babel/parser@^7.20.15
1678 silly packumentCache full:https://registry.npmjs.org/@babel%2fparser cache-miss
1679 http fetch GET 200 https://registry.npmjs.org/underscore 101ms (cache miss)
1680 silly packumentCache full:https://registry.npmjs.org/underscore set size:undefined disposed:false
1681 silly fetch manifest @types/markdown-it@^14.1.1
1682 silly packumentCache full:https://registry.npmjs.org/@types%2fmarkdown-it cache-miss
1683 http cache https://registry.npmjs.org/@babel%2fparser 68ms (cache hit)
1684 silly packumentCache full:https://registry.npmjs.org/@babel%2fparser set size:691741 disposed:false
1685 silly fetch manifest markdown-it-anchor@^8.6.7
1686 silly packumentCache full:https://registry.npmjs.org/markdown-it-anchor cache-miss
1687 http fetch GET 200 https://registry.npmjs.org/markdown-it 157ms (cache miss)
1688 silly packumentCache full:https://registry.npmjs.org/markdown-it set size:undefined disposed:false
1689 silly fetch manifest strip-json-comments@^3.1.0
1690 silly packumentCache full:https://registry.npmjs.org/strip-json-comments cache-hit
1691 silly fetch manifest escape-string-regexp@^2.0.0
1692 silly packumentCache full:https://registry.npmjs.org/escape-string-regexp cache-miss
1693 http fetch GET 200 https://registry.npmjs.org/maxmin 1115ms (cache miss)
1694 silly packumentCache full:https://registry.npmjs.org/maxmin set size:undefined disposed:false
1695 silly fetch manifest ws@^8.18.0
1696 silly packumentCache full:https://registry.npmjs.org/ws cache-miss
1697 http fetch GET 200 https://registry.npmjs.org/catharsis 261ms (cache miss)
1698 silly packumentCache full:https://registry.npmjs.org/catharsis set size:undefined disposed:false
1699 silly fetch manifest saxes@^6.0.0
1700 silly packumentCache full:https://registry.npmjs.org/saxes cache-miss
1701 http fetch GET 200 https://registry.npmjs.org/requizzle 251ms (cache miss)
1702 silly packumentCache full:https://registry.npmjs.org/requizzle set size:undefined disposed:false
1703 silly fetch manifest nwsapi@^2.2.12
1704 silly packumentCache full:https://registry.npmjs.org/nwsapi cache-miss
1705 http cache https://registry.npmjs.org/escape-string-regexp 36ms (cache hit)
1706 silly packumentCache full:https://registry.npmjs.org/escape-string-regexp set size:22244 disposed:false
1707 silly fetch manifest parse5@^7.1.2
1708 silly packumentCache full:https://registry.npmjs.org/parse5 cache-miss
1709 http fetch GET 200 https://registry.npmjs.org/uri-path 959ms (cache miss)
1710 silly packumentCache full:https://registry.npmjs.org/uri-path set size:undefined disposed:false
1711 silly fetch manifest cssstyle@^4.1.0
1712 silly packumentCache full:https://registry.npmjs.org/cssstyle cache-miss
1713 http fetch GET 200 https://registry.npmjs.org/js2xmlparser 217ms (cache miss)
1714 silly packumentCache full:https://registry.npmjs.org/js2xmlparser set size:undefined disposed:false
1715 silly fetch manifest data-urls@^5.0.0
1716 silly packumentCache full:https://registry.npmjs.org/data-urls cache-miss
1717 http fetch GET 200 https://registry.npmjs.org/ws 135ms (cache miss)
1718 silly packumentCache full:https://registry.npmjs.org/ws set size:undefined disposed:false
1719 silly fetch manifest form-data@^4.0.0
1720 silly packumentCache full:https://registry.npmjs.org/form-data cache-miss
1721 http fetch GET 200 https://registry.npmjs.org/tiny-lr 1054ms (cache miss)
1722 silly packumentCache full:https://registry.npmjs.org/tiny-lr set size:undefined disposed:false
1723 silly fetch manifest decimal.js@^10.4.3
1724 silly packumentCache full:https://registry.npmjs.org/decimal.js cache-miss
1725 http fetch GET 200 https://registry.npmjs.org/parse5 167ms (cache miss)
1726 silly packumentCache full:https://registry.npmjs.org/parse5 set size:undefined disposed:false
1727 silly fetch manifest whatwg-url@^14.0.0
1728 silly packumentCache full:https://registry.npmjs.org/whatwg-url cache-miss
1729 http fetch GET 200 https://registry.npmjs.org/nwsapi 191ms (cache miss)
1730 silly packumentCache full:https://registry.npmjs.org/nwsapi set size:undefined disposed:false
1731 silly fetch manifest rrweb-cssom@^0.7.1
1732 silly packumentCache full:https://registry.npmjs.org/rrweb-cssom cache-miss
1733 http fetch GET 200 https://registry.npmjs.org/data-urls 150ms (cache miss)
1734 silly packumentCache full:https://registry.npmjs.org/data-urls set size:undefined disposed:false
1735 silly fetch manifest symbol-tree@^3.2.4
1736 silly packumentCache full:https://registry.npmjs.org/symbol-tree cache-miss
1737 http fetch GET 200 https://registry.npmjs.org/saxes 214ms (cache miss)
1738 silly packumentCache full:https://registry.npmjs.org/saxes set size:undefined disposed:false
1739 silly fetch manifest tough-cookie@^5.0.0
1740 silly packumentCache full:https://registry.npmjs.org/tough-cookie cache-miss
1741 http fetch GET 200 https://registry.npmjs.org/markdown-it-anchor 287ms (cache miss)
1742 silly packumentCache full:https://registry.npmjs.org/markdown-it-anchor set size:undefined disposed:false
1743 silly fetch manifest whatwg-encoding@^3.1.1
1744 silly packumentCache full:https://registry.npmjs.org/whatwg-encoding cache-miss
1745 http fetch GET 200 https://registry.npmjs.org/union 1078ms (cache miss)
1746 silly packumentCache full:https://registry.npmjs.org/union set size:undefined disposed:false
1747 silly fetch manifest whatwg-mimetype@^4.0.0
1748 silly packumentCache full:https://registry.npmjs.org/whatwg-mimetype cache-miss
1749 http fetch GET 200 https://registry.npmjs.org/@testim%2fchrome-version 2163ms (cache miss)
1750 silly packumentCache full:https://registry.npmjs.org/@testim%2fchrome-version set size:undefined disposed:false
1751 silly fetch manifest http-proxy-agent@^7.0.2
1752 silly packumentCache full:https://registry.npmjs.org/http-proxy-agent cache-miss
1753 http fetch GET 200 https://registry.npmjs.org/cssstyle 279ms (cache miss)
1754 silly packumentCache full:https://registry.npmjs.org/cssstyle set size:undefined disposed:false
1755 silly fetch manifest https-proxy-agent@^7.0.5
1756 silly packumentCache full:https://registry.npmjs.org/https-proxy-agent cache-miss
1757 http fetch GET 200 https://registry.npmjs.org/@types%2fmarkdown-it 442ms (cache miss)
1758 silly packumentCache full:https://registry.npmjs.org/@types%2fmarkdown-it set size:undefined disposed:false
1759 silly fetch manifest w3c-xmlserializer@^5.0.0
1760 silly packumentCache full:https://registry.npmjs.org/w3c-xmlserializer cache-miss
1761 http fetch GET 200 https://registry.npmjs.org/form-data 199ms (cache miss)
1762 silly packumentCache full:https://registry.npmjs.org/form-data set size:undefined disposed:false
1763 silly fetch manifest webidl-conversions@^7.0.0
1764 silly packumentCache full:https://registry.npmjs.org/webidl-conversions cache-miss
1765 http fetch GET 200 https://registry.npmjs.org/symbol-tree 154ms (cache miss)
1766 silly packumentCache full:https://registry.npmjs.org/symbol-tree set size:undefined disposed:false
1767 silly fetch manifest xml-name-validator@^5.0.0
1768 silly packumentCache full:https://registry.npmjs.org/xml-name-validator cache-miss
1769 http fetch GET 200 https://registry.npmjs.org/decimal.js 182ms (cache miss)
1770 silly packumentCache full:https://registry.npmjs.org/decimal.js set size:undefined disposed:false
1771 silly fetch manifest html-encoding-sniffer@^4.0.0
1772 silly packumentCache full:https://registry.npmjs.org/html-encoding-sniffer cache-miss
1773 http fetch GET 200 https://registry.npmjs.org/tough-cookie 152ms (cache miss)
1774 silly packumentCache full:https://registry.npmjs.org/tough-cookie set size:undefined disposed:false
1775 silly fetch manifest is-potential-custom-element-name@^1.0.1
1776 silly packumentCache full:https://registry.npmjs.org/is-potential-custom-element-name cache-miss
1777 http fetch GET 200 https://registry.npmjs.org/whatwg-encoding 135ms (cache miss)
1778 silly packumentCache full:https://registry.npmjs.org/whatwg-encoding set size:undefined disposed:false
1779 silly fetch manifest di@^0.0.1
1780 silly packumentCache full:https://registry.npmjs.org/di cache-miss
1781 http cache https://registry.npmjs.org/html-encoding-sniffer 32ms (cache hit)
1782 silly packumentCache full:https://registry.npmjs.org/html-encoding-sniffer set size:18552 disposed:false
1783 silly fetch manifest tmp@^0.2.1
1784 silly packumentCache full:https://registry.npmjs.org/tmp cache-miss
1785 http fetch GET 200 https://registry.npmjs.org/http-proxy-agent 126ms (cache miss)
1786 silly packumentCache full:https://registry.npmjs.org/http-proxy-agent set size:undefined disposed:false
1787 silly fetch manifest glob@^7.1.7
1788 silly packumentCache full:https://registry.npmjs.org/glob cache-hit
1789 silly fetch manifest mime@^2.5.2
1790 silly packumentCache full:https://registry.npmjs.org/mime cache-miss
1791 http fetch GET 200 https://registry.npmjs.org/https-proxy-agent 130ms (cache miss)
1792 silly packumentCache full:https://registry.npmjs.org/https-proxy-agent set size:undefined disposed:false
1793 silly fetch manifest qjobs@^1.2.0
1794 silly packumentCache full:https://registry.npmjs.org/qjobs cache-miss
1795 http fetch GET 200 https://registry.npmjs.org/whatwg-mimetype 172ms (cache miss)
1796 silly packumentCache full:https://registry.npmjs.org/whatwg-mimetype set size:undefined disposed:false
1797 silly fetch manifest yargs@^16.1.1
1798 silly packumentCache full:https://registry.npmjs.org/yargs cache-hit
1799 silly fetch manifest braces@^3.0.2
1800 silly packumentCache full:https://registry.npmjs.org/braces cache-miss
1801 http fetch GET 200 https://registry.npmjs.org/whatwg-url 295ms (cache miss)
1802 silly packumentCache full:https://registry.npmjs.org/whatwg-url set size:undefined disposed:false
1803 silly fetch manifest log4js@^6.4.1
1804 silly packumentCache full:https://registry.npmjs.org/log4js cache-miss
1805 http fetch GET 200 https://registry.npmjs.org/xml-name-validator 147ms (cache miss)
1806 silly packumentCache full:https://registry.npmjs.org/xml-name-validator set size:undefined disposed:false
1807 silly fetch manifest mkdirp@^0.5.5
1808 silly packumentCache full:https://registry.npmjs.org/mkdirp cache-miss
1809 http fetch GET 200 https://registry.npmjs.org/w3c-xmlserializer 181ms (cache miss)
1810 silly packumentCache full:https://registry.npmjs.org/w3c-xmlserializer set size:undefined disposed:false
1811 silly fetch manifest rimraf@^3.0.2
1812 silly packumentCache full:https://registry.npmjs.org/rimraf cache-miss
1813 http fetch GET 200 https://registry.npmjs.org/is-potential-custom-element-name 141ms (cache miss)
1814 silly packumentCache full:https://registry.npmjs.org/is-potential-custom-element-name set size:undefined disposed:false
1815 silly fetch manifest connect@^3.7.0
1816 silly packumentCache full:https://registry.npmjs.org/connect cache-miss
1817 http cache https://registry.npmjs.org/mime 83ms (cache hit)
1818 silly packumentCache full:https://registry.npmjs.org/mime set size:116750 disposed:false
1819 silly fetch manifest minimatch@^3.0.4
1820 silly packumentCache full:https://registry.npmjs.org/minimatch cache-hit
1821 silly fetch manifest socket.io@^4.7.2
1822 silly packumentCache full:https://registry.npmjs.org/socket.io cache-miss
1823 http cache https://registry.npmjs.org/braces 73ms (cache hit)
1824 silly packumentCache full:https://registry.npmjs.org/braces set size:114529 disposed:false
1825 silly fetch manifest source-map@^0.6.1
1826 silly packumentCache full:https://registry.npmjs.org/source-map cache-hit
1827 silly fetch manifest body-parser@^1.19.0
1828 silly packumentCache full:https://registry.npmjs.org/body-parser cache-miss
1829 http fetch GET 200 https://registry.npmjs.org/tmp 157ms (cache miss)
1830 silly packumentCache full:https://registry.npmjs.org/tmp set size:undefined disposed:false
1831 silly fetch manifest graceful-fs@^4.2.6
1832 silly packumentCache full:https://registry.npmjs.org/graceful-fs cache-miss
1833 http cache https://registry.npmjs.org/mkdirp 62ms (cache hit)
1834 silly packumentCache full:https://registry.npmjs.org/mkdirp set size:116455 disposed:false
1835 silly fetch manifest isbinaryfile@^4.0.8
1836 silly packumentCache full:https://registry.npmjs.org/isbinaryfile cache-miss
1837 http cache https://registry.npmjs.org/rimraf 63ms (cache hit)
1838 silly packumentCache full:https://registry.npmjs.org/rimraf set size:191565 disposed:false
1839 silly fetch manifest range-parser@^1.2.1
1840 silly packumentCache full:https://registry.npmjs.org/range-parser cache-miss
1841 http fetch GET 200 https://registry.npmjs.org/webidl-conversions 257ms (cache miss)
1842 silly packumentCache full:https://registry.npmjs.org/webidl-conversions set size:undefined disposed:false
1843 silly fetch manifest ua-parser-js@^0.7.30
1844 silly packumentCache full:https://registry.npmjs.org/ua-parser-js cache-miss
1845 http fetch GET 200 https://registry.npmjs.org/di 240ms (cache miss)
1846 silly packumentCache full:https://registry.npmjs.org/di set size:undefined disposed:false
1847 silly fetch manifest dom-serialize@^2.2.1
1848 silly packumentCache full:https://registry.npmjs.org/dom-serialize cache-miss
1849 http fetch GET 200 https://registry.npmjs.org/graceful-fs 96ms (cache miss)
1850 silly packumentCache full:https://registry.npmjs.org/graceful-fs set size:undefined disposed:false
1851 silly fetch manifest @colors/colors@1.5.0
1852 silly packumentCache full:https://registry.npmjs.org/@colors%2fcolors cache-miss
1853 http fetch GET 200 https://registry.npmjs.org/connect 148ms (cache miss)
1854 silly packumentCache full:https://registry.npmjs.org/connect set size:undefined disposed:false
1855 silly fetch manifest which@^1.2.1
1856 silly packumentCache full:https://registry.npmjs.org/which cache-miss
1857 http fetch GET 200 https://registry.npmjs.org/body-parser 128ms (cache miss)
1858 silly packumentCache full:https://registry.npmjs.org/body-parser set size:undefined disposed:false
1859 silly fetch manifest is-wsl@^2.2.0
1860 silly packumentCache full:https://registry.npmjs.org/is-wsl cache-miss
1861 http fetch GET 200 https://registry.npmjs.org/range-parser 113ms (cache miss)
1862 silly packumentCache full:https://registry.npmjs.org/range-parser set size:undefined disposed:false
1863 silly fetch manifest lodash@^4.6.1
1864 silly packumentCache full:https://registry.npmjs.org/lodash cache-hit
1865 silly fetch manifest minimist@^1.2.3
1866 silly packumentCache full:https://registry.npmjs.org/minimist cache-hit
1867 silly fetch manifest colors@1.4.0
1868 silly packumentCache full:https://registry.npmjs.org/colors cache-miss
1869 http cache https://registry.npmjs.org/which 28ms (cache hit)
1870 silly packumentCache full:https://registry.npmjs.org/which set size:62722 disposed:false
1871 silly fetch manifest yaml@^2.7.0
1872 silly packumentCache full:https://registry.npmjs.org/yaml cache-miss
1873 http fetch GET 200 https://registry.npmjs.org/socket.io 258ms (cache miss)
1874 silly packumentCache full:https://registry.npmjs.org/socket.io set size:undefined disposed:false
1875 silly fetch manifest chalk@^5.4.1
1876 silly packumentCache full:https://registry.npmjs.org/chalk cache-hit
1877 silly fetch manifest debug@^4.4.0
1878 silly packumentCache full:https://registry.npmjs.org/debug cache-hit
1879 silly fetch manifest execa@^8.0.1
1880 silly packumentCache full:https://registry.npmjs.org/execa cache-miss
1881 http fetch GET 200 https://registry.npmjs.org/is-wsl 150ms (cache miss)
1882 silly packumentCache full:https://registry.npmjs.org/is-wsl set size:undefined disposed:false
1883 silly fetch manifest listr2@^8.2.5
1884 silly packumentCache full:https://registry.npmjs.org/listr2 cache-miss
1885 http fetch GET 200 https://registry.npmjs.org/colors 145ms (cache miss)
1886 silly packumentCache full:https://registry.npmjs.org/colors set size:undefined disposed:false
1887 silly fetch manifest pidtree@^0.6.0
1888 silly packumentCache full:https://registry.npmjs.org/pidtree cache-miss
1889 http fetch GET 200 https://registry.npmjs.org/dom-serialize 224ms (cache miss)
1890 silly packumentCache full:https://registry.npmjs.org/dom-serialize set size:undefined disposed:false
1891 silly fetch manifest lilconfig@^3.1.3
1892 silly packumentCache full:https://registry.npmjs.org/lilconfig cache-miss
1893 http fetch GET 200 https://registry.npmjs.org/isbinaryfile 282ms (cache miss)
1894 silly packumentCache full:https://registry.npmjs.org/isbinaryfile set size:undefined disposed:false
1895 silly fetch manifest micromatch@^4.0.8
1896 silly packumentCache full:https://registry.npmjs.org/micromatch cache-miss
1897 http fetch GET 200 https://registry.npmjs.org/ua-parser-js 275ms (cache miss)
1898 silly packumentCache full:https://registry.npmjs.org/ua-parser-js set size:undefined disposed:false
1899 silly fetch manifest string-argv@^0.3.2
1900 silly packumentCache full:https://registry.npmjs.org/string-argv cache-miss
1901 http fetch GET 200 https://registry.npmjs.org/execa 118ms (cache miss)
1902 silly packumentCache full:https://registry.npmjs.org/execa set size:undefined disposed:false
1903 silly fetch manifest d@^1.0.2
1904 silly packumentCache full:https://registry.npmjs.org/d cache-miss
1905 http fetch GET 200 https://registry.npmjs.org/@colors%2fcolors 279ms (cache miss)
1906 silly packumentCache full:https://registry.npmjs.org/@colors%2fcolors set size:undefined disposed:false
1907 silly fetch manifest es5-ext@^0.10.64
1908 silly packumentCache full:https://registry.npmjs.org/es5-ext cache-miss
1909 http fetch GET 200 https://registry.npmjs.org/qjobs 506ms (cache miss)
1910 silly packumentCache full:https://registry.npmjs.org/qjobs set size:undefined disposed:false
1911 silly fetch manifest es6-weak-map@^2.0.3
1912 silly packumentCache full:https://registry.npmjs.org/es6-weak-map cache-miss
1913 http fetch GET 200 https://registry.npmjs.org/lilconfig 133ms (cache miss)
1914 silly packumentCache full:https://registry.npmjs.org/lilconfig set size:undefined disposed:false
1915 silly fetch manifest event-emitter@^0.3.5
1916 silly packumentCache full:https://registry.npmjs.org/event-emitter cache-miss
1917 http fetch GET 200 https://registry.npmjs.org/micromatch 261ms (cache miss)
1918 silly packumentCache full:https://registry.npmjs.org/micromatch set size:undefined disposed:false
1919 silly fetch manifest is-promise@^2.2.2
1920 silly packumentCache full:https://registry.npmjs.org/is-promise cache-miss
1921 http fetch GET 200 https://registry.npmjs.org/string-argv 258ms (cache miss)
1922 silly packumentCache full:https://registry.npmjs.org/string-argv set size:undefined disposed:false
1923 silly fetch manifest lru-queue@^0.1.0
1924 silly packumentCache full:https://registry.npmjs.org/lru-queue cache-miss
1925 http fetch GET 200 https://registry.npmjs.org/pidtree 308ms (cache miss)
1926 silly packumentCache full:https://registry.npmjs.org/pidtree set size:undefined disposed:false
1927 silly fetch manifest next-tick@^1.1.0
1928 silly packumentCache full:https://registry.npmjs.org/next-tick cache-miss
1929 http fetch GET 200 https://registry.npmjs.org/es6-weak-map 248ms (cache miss)
1930 silly packumentCache full:https://registry.npmjs.org/es6-weak-map set size:undefined disposed:false
1931 silly fetch manifest timers-ext@^0.1.7
1932 silly packumentCache full:https://registry.npmjs.org/timers-ext cache-miss
1933 http fetch GET 200 https://registry.npmjs.org/d 274ms (cache miss)
1934 silly packumentCache full:https://registry.npmjs.org/d set size:undefined disposed:false
1935 silly fetch manifest growly@^1.3.0
1936 silly packumentCache full:https://registry.npmjs.org/growly cache-miss
1937 http fetch GET 200 https://registry.npmjs.org/rrweb-cssom 1032ms (cache miss)
1938 silly packumentCache full:https://registry.npmjs.org/rrweb-cssom set size:undefined disposed:false
1939 silly fetch manifest semver@^7.3.5
1940 silly packumentCache full:https://registry.npmjs.org/semver cache-hit
1941 silly fetch manifest shellwords@^0.1.1
1942 silly packumentCache full:https://registry.npmjs.org/shellwords cache-miss
1943 http fetch GET 200 https://registry.npmjs.org/es5-ext 297ms (cache miss)
1944 silly packumentCache full:https://registry.npmjs.org/es5-ext set size:undefined disposed:false
1945 silly fetch manifest uuid@^8.3.2
1946 silly packumentCache full:https://registry.npmjs.org/uuid cache-miss
1947 http fetch GET 200 https://registry.npmjs.org/event-emitter 256ms (cache miss)
1948 silly packumentCache full:https://registry.npmjs.org/event-emitter set size:undefined disposed:false
1949 silly fetch manifest which@^2.0.2
1950 silly packumentCache full:https://registry.npmjs.org/which cache-hit
1951 silly fetch manifest ansi-styles@^3.2.1
1952 silly packumentCache full:https://registry.npmjs.org/ansi-styles cache-miss
1953 http fetch GET 200 https://registry.npmjs.org/is-promise 136ms (cache miss)
1954 silly packumentCache full:https://registry.npmjs.org/is-promise set size:undefined disposed:false
1955 silly fetch manifest chalk@^2.4.1
1956 silly packumentCache full:https://registry.npmjs.org/chalk cache-hit
1957 silly fetch manifest cross-spawn@^6.0.5
1958 silly packumentCache full:https://registry.npmjs.org/cross-spawn cache-miss
1959 http fetch GET 200 https://registry.npmjs.org/listr2 437ms (cache miss)
1960 silly packumentCache full:https://registry.npmjs.org/listr2 set size:undefined disposed:false
1961 silly fetch manifest memorystream@^0.3.1
1962 silly packumentCache full:https://registry.npmjs.org/memorystream cache-miss
1963 http fetch GET 200 https://registry.npmjs.org/next-tick 164ms (cache miss)
1964 silly packumentCache full:https://registry.npmjs.org/next-tick set size:undefined disposed:false
1965 silly fetch manifest pidtree@^0.3.0
1966 silly packumentCache full:https://registry.npmjs.org/pidtree cache-miss
1967 http cache https://registry.npmjs.org/pidtree 11ms (cache hit)
1968 silly packumentCache full:https://registry.npmjs.org/pidtree set size:34443 disposed:false
1969 silly fetch manifest read-pkg@^3.0.0
1970 silly packumentCache full:https://registry.npmjs.org/read-pkg cache-miss
1971 http fetch GET 200 https://registry.npmjs.org/uuid 97ms (cache miss)
1972 silly packumentCache full:https://registry.npmjs.org/uuid set size:undefined disposed:false
1973 silly fetch manifest shell-quote@^1.6.1
1974 silly packumentCache full:https://registry.npmjs.org/shell-quote cache-miss
1975 http fetch GET 200 https://registry.npmjs.org/cross-spawn 114ms (cache miss)
1976 silly packumentCache full:https://registry.npmjs.org/cross-spawn set size:undefined disposed:false
1977 silly fetch manifest string.prototype.padend@^3.0.0
1978 silly packumentCache full:https://registry.npmjs.org/string.prototype.padend cache-miss
1979 http fetch GET 200 https://registry.npmjs.org/timers-ext 263ms (cache miss)
1980 silly packumentCache full:https://registry.npmjs.org/timers-ext set size:undefined disposed:false
1981 silly fetch manifest tmp@^0.0.33
1982 silly packumentCache full:https://registry.npmjs.org/tmp cache-miss
1983 http cache https://registry.npmjs.org/tmp 11ms (cache hit)
1984 silly packumentCache full:https://registry.npmjs.org/tmp set size:70665 disposed:false
1985 silly fetch manifest open@^7.4.2
1986 silly packumentCache full:https://registry.npmjs.org/open cache-miss
1987 http fetch GET 200 https://registry.npmjs.org/shellwords 276ms (cache miss)
1988 silly packumentCache full:https://registry.npmjs.org/shellwords set size:undefined disposed:false
1989 silly fetch manifest yaml@^2.2.2
1990 silly packumentCache full:https://registry.npmjs.org/yaml cache-miss
1991 http fetch GET 200 https://registry.npmjs.org/shell-quote 152ms (cache miss)
1992 silly packumentCache full:https://registry.npmjs.org/shell-quote set size:undefined disposed:false
1993 silly fetch manifest slash@^2.0.0
1994 silly packumentCache full:https://registry.npmjs.org/slash cache-miss
1995 http fetch GET 200 https://registry.npmjs.org/read-pkg 178ms (cache miss)
1996 silly packumentCache full:https://registry.npmjs.org/read-pkg set size:undefined disposed:false
1997 silly fetch manifest rimraf@^2.6.3
1998 silly packumentCache full:https://registry.npmjs.org/rimraf cache-hit
1999 silly fetch manifest semver@^7.5.3
2000 silly packumentCache full:https://registry.npmjs.org/semver cache-hit
2001 silly fetch manifest ci-info@^3.7.0
2002 silly packumentCache full:https://registry.npmjs.org/ci-info cache-miss
2003 http fetch GET 200 https://registry.npmjs.org/ansi-styles 270ms (cache miss)
2004 silly packumentCache full:https://registry.npmjs.org/ansi-styles set size:undefined disposed:false
2005 silly fetch manifest fs-extra@^9.0.0
2006 silly packumentCache full:https://registry.npmjs.org/fs-extra cache-miss
2007 http cache https://registry.npmjs.org/fs-extra 20ms (cache hit)
2008 silly packumentCache full:https://registry.npmjs.org/fs-extra set size:223131 disposed:false
2009 silly fetch manifest cross-spawn@^7.0.3
2010 silly packumentCache full:https://registry.npmjs.org/cross-spawn cache-miss
2011 http fetch GET 200 https://registry.npmjs.org/memorystream 252ms (cache miss)
2012 silly packumentCache full:https://registry.npmjs.org/memorystream set size:undefined disposed:false
2013 silly fetch manifest @yarnpkg/lockfile@^1.1.0
2014 silly packumentCache full:https://registry.npmjs.org/@yarnpkg%2flockfile cache-miss
2015 http fetch GET 200 https://registry.npmjs.org/log4js 1082ms (cache miss)
2016 silly packumentCache full:https://registry.npmjs.org/log4js set size:undefined disposed:false
2017 silly fetch manifest json-stable-stringify@^1.0.2
2018 silly packumentCache full:https://registry.npmjs.org/json-stable-stringify cache-miss
2019 http cache https://registry.npmjs.org/cross-spawn 39ms (cache hit)
2020 silly packumentCache full:https://registry.npmjs.org/cross-spawn set size:109066 disposed:false
2021 silly fetch manifest find-yarn-workspace-root@^2.0.0
2022 silly packumentCache full:https://registry.npmjs.org/find-yarn-workspace-root cache-miss
2023 http fetch GET 200 https://registry.npmjs.org/slash 102ms (cache miss)
2024 silly packumentCache full:https://registry.npmjs.org/slash set size:undefined disposed:false
2025 silly fetch manifest @bazel/runfiles@^6.3.1
2026 silly packumentCache full:https://registry.npmjs.org/@bazel%2frunfiles cache-miss
2027 http fetch GET 200 https://registry.npmjs.org/string.prototype.padend 243ms (cache miss)
2028 silly packumentCache full:https://registry.npmjs.org/string.prototype.padend set size:undefined disposed:false
2029 silly fetch manifest jszip@^3.10.1
2030 silly packumentCache full:https://registry.npmjs.org/jszip cache-miss
2031 http fetch GET 200 https://registry.npmjs.org/ci-info 116ms (cache miss)
2032 silly packumentCache full:https://registry.npmjs.org/ci-info set size:undefined disposed:false
2033 silly fetch manifest tmp@^0.2.3
2034 silly packumentCache full:https://registry.npmjs.org/tmp cache-hit
2035 silly fetch manifest ws@^8.18.2
2036 silly packumentCache full:https://registry.npmjs.org/ws cache-miss
2037 http fetch GET 200 https://registry.npmjs.org/open 172ms (cache miss)
2038 silly packumentCache full:https://registry.npmjs.org/open set size:undefined disposed:false
2039 silly fetch manifest bytes@3.0.0
2040 silly packumentCache full:https://registry.npmjs.org/bytes cache-miss
2041 http cache https://registry.npmjs.org/ws 36ms (cache hit)
2042 silly packumentCache full:https://registry.npmjs.org/ws set size:410885 disposed:false
2043 silly fetch manifest minimatch@3.1.2
2044 silly packumentCache full:https://registry.npmjs.org/minimatch cache-hit
2045 silly fetch manifest mime-types@2.1.18
2046 silly packumentCache full:https://registry.npmjs.org/mime-types cache-miss
2047 http fetch GET 200 https://registry.npmjs.org/growly 499ms (cache miss)
2048 silly packumentCache full:https://registry.npmjs.org/growly set size:undefined disposed:false
2049 silly fetch manifest range-parser@1.2.0
2050 silly packumentCache full:https://registry.npmjs.org/range-parser cache-miss
2051 http fetch GET 200 https://registry.npmjs.org/jszip 98ms (cache miss)
2052 silly packumentCache full:https://registry.npmjs.org/jszip set size:undefined disposed:false
2053 silly fetch manifest path-is-inside@1.0.2
2054 silly packumentCache full:https://registry.npmjs.org/path-is-inside cache-miss
2055 http cache https://registry.npmjs.org/range-parser 44ms (cache hit)
2056 silly packumentCache full:https://registry.npmjs.org/range-parser set size:22228 disposed:false
2057 silly fetch manifest path-to-regexp@3.3.0
2058 silly packumentCache full:https://registry.npmjs.org/path-to-regexp cache-miss
2059 http fetch GET 200 https://registry.npmjs.org/bytes 114ms (cache miss)
2060 silly packumentCache full:https://registry.npmjs.org/bytes set size:undefined disposed:false
2061 silly fetch manifest content-disposition@0.5.2
2062 silly packumentCache full:https://registry.npmjs.org/content-disposition cache-miss
2063 http fetch GET 200 https://registry.npmjs.org/yaml 281ms (cache miss)
2064 silly packumentCache full:https://registry.npmjs.org/yaml set size:undefined disposed:false
2065 silly fetch manifest diff@^7.0.0
2066 silly packumentCache full:https://registry.npmjs.org/diff cache-miss
2067 http fetch GET 200 https://registry.npmjs.org/mime-types 103ms (cache miss)
2068 silly packumentCache full:https://registry.npmjs.org/mime-types set size:undefined disposed:false
2069 silly fetch manifest nise@^6.1.1
2070 silly packumentCache full:https://registry.npmjs.org/nise cache-miss
2071 http fetch GET 200 https://registry.npmjs.org/yaml 1100ms (cache miss)
2072 silly packumentCache full:https://registry.npmjs.org/yaml set size:undefined disposed:false
2073 silly fetch manifest supports-color@^7.2.0
2074 silly packumentCache full:https://registry.npmjs.org/supports-color cache-miss
2075 http fetch GET 200 https://registry.npmjs.org/find-yarn-workspace-root 260ms (cache miss)
2076 silly packumentCache full:https://registry.npmjs.org/find-yarn-workspace-root set size:undefined disposed:false
2077 silly fetch manifest @sinonjs/samsam@^8.0.1
2078 silly packumentCache full:https://registry.npmjs.org/@sinonjs%2fsamsam cache-miss
2079 http cache https://registry.npmjs.org/diff 72ms (cache hit)
2080 silly packumentCache full:https://registry.npmjs.org/diff set size:149252 disposed:false
2081 silly fetch manifest @sinonjs/commons@^3.0.1
2082 silly packumentCache full:https://registry.npmjs.org/@sinonjs%2fcommons cache-miss
2083 http fetch GET 200 https://registry.npmjs.org/path-to-regexp 126ms (cache miss)
2084 silly packumentCache full:https://registry.npmjs.org/path-to-regexp set size:undefined disposed:false
2085 silly fetch manifest @sinonjs/fake-timers@^13.0.5
2086 silly packumentCache full:https://registry.npmjs.org/@sinonjs%2ffake-timers cache-miss
2087 http fetch GET 200 https://registry.npmjs.org/content-disposition 113ms (cache miss)
2088 silly packumentCache full:https://registry.npmjs.org/content-disposition set size:undefined disposed:false
2089 silly fetch manifest chalk@^2.4.2
2090 silly packumentCache full:https://registry.npmjs.org/chalk cache-hit
2091 silly fetch manifest conventional-changelog@3.1.25
2092 silly packumentCache full:https://registry.npmjs.org/conventional-changelog cache-miss
2093 http cache https://registry.npmjs.org/supports-color 79ms (cache hit)
2094 silly packumentCache full:https://registry.npmjs.org/supports-color set size:115466 disposed:false
2095 silly fetch manifest conventional-changelog-config-spec@2.1.0
2096 silly packumentCache full:https://registry.npmjs.org/conventional-changelog-config-spec cache-miss
2097 http fetch GET 200 https://registry.npmjs.org/path-is-inside 208ms (cache miss)
2098 silly packumentCache full:https://registry.npmjs.org/path-is-inside set size:undefined disposed:false
2099 silly fetch manifest conventional-changelog-conventionalcommits@4.6.3
2100 silly packumentCache full:https://registry.npmjs.org/conventional-changelog-conventionalcommits cache-miss
2101 http fetch GET 200 https://registry.npmjs.org/nise 223ms (cache miss)
2102 silly packumentCache full:https://registry.npmjs.org/nise set size:undefined disposed:false
2103 silly fetch manifest conventional-recommended-bump@6.1.0
2104 silly packumentCache full:https://registry.npmjs.org/conventional-recommended-bump cache-miss
2105 http fetch GET 200 https://registry.npmjs.org/lru-queue 917ms (cache miss)
2106 silly packumentCache full:https://registry.npmjs.org/lru-queue set size:undefined disposed:false
2107 silly fetch manifest detect-indent@^6.0.0
2108 silly packumentCache full:https://registry.npmjs.org/detect-indent cache-miss
2109 http fetch GET 200 https://registry.npmjs.org/@yarnpkg%2flockfile 515ms (cache miss)
2110 silly packumentCache full:https://registry.npmjs.org/@yarnpkg%2flockfile set size:undefined disposed:false
2111 silly fetch manifest detect-newline@^3.1.0
2112 silly packumentCache full:https://registry.npmjs.org/detect-newline cache-miss
2113 http fetch GET 200 https://registry.npmjs.org/conventional-changelog-config-spec 229ms (cache miss)
2114 silly packumentCache full:https://registry.npmjs.org/conventional-changelog-config-spec set size:undefined disposed:false
2115 silly fetch manifest dotgitignore@^2.1.0
2116 silly packumentCache full:https://registry.npmjs.org/dotgitignore cache-miss
2117 http fetch GET 200 https://registry.npmjs.org/@sinonjs%2fcommons 303ms (cache miss)
2118 silly packumentCache full:https://registry.npmjs.org/@sinonjs%2fcommons set size:undefined disposed:false
2119 silly fetch manifest figures@^3.1.0
2120 silly packumentCache full:https://registry.npmjs.org/figures cache-miss
2121 http fetch GET 200 https://registry.npmjs.org/detect-newline 184ms (cache miss)
2122 silly packumentCache full:https://registry.npmjs.org/detect-newline set size:undefined disposed:false
2123 silly fetch manifest git-semver-tags@^4.0.0
2124 silly packumentCache full:https://registry.npmjs.org/git-semver-tags cache-miss
2125 http fetch GET 200 https://registry.npmjs.org/conventional-changelog 422ms (cache miss)
2126 silly packumentCache full:https://registry.npmjs.org/conventional-changelog set size:undefined disposed:false
2127 silly fetch manifest semver@^7.1.1
2128 silly packumentCache full:https://registry.npmjs.org/semver cache-hit
2129 silly fetch manifest stringify-package@^1.0.1
2130 silly packumentCache full:https://registry.npmjs.org/stringify-package cache-miss
2131 http fetch GET 200 https://registry.npmjs.org/@sinonjs%2ffake-timers 489ms (cache miss)
2132 silly packumentCache full:https://registry.npmjs.org/@sinonjs%2ffake-timers set size:undefined disposed:false
2133 silly fetch manifest yargs@^16.0.0
2134 silly packumentCache full:https://registry.npmjs.org/yargs cache-hit
2135 silly fetch manifest arg@^5.0.2
2136 silly packumentCache full:https://registry.npmjs.org/arg cache-miss
2137 http fetch GET 200 https://registry.npmjs.org/detect-indent 384ms (cache miss)
2138 silly packumentCache full:https://registry.npmjs.org/detect-indent set size:undefined disposed:false
2139 silly fetch manifest bluebird@3.7.2
2140 silly packumentCache full:https://registry.npmjs.org/bluebird cache-miss
2141 http fetch GET 200 https://registry.npmjs.org/conventional-changelog-conventionalcommits 528ms (cache miss)
2142 silly packumentCache full:https://registry.npmjs.org/conventional-changelog-conventionalcommits set size:undefined disposed:false
2143 silly fetch manifest check-more-types@2.24.0
2144 silly packumentCache full:https://registry.npmjs.org/check-more-types cache-miss
2145 http fetch GET 200 https://registry.npmjs.org/conventional-recommended-bump 459ms (cache miss)
2146 silly packumentCache full:https://registry.npmjs.org/conventional-recommended-bump set size:undefined disposed:false
2147 silly fetch manifest debug@4.4.1
2148 silly packumentCache full:https://registry.npmjs.org/debug cache-hit
2149 silly fetch manifest execa@5.1.1
2150 silly packumentCache full:https://registry.npmjs.org/execa cache-miss
2151 http fetch GET 200 https://registry.npmjs.org/@sinonjs%2fsamsam 659ms (cache miss)
2152 silly packumentCache full:https://registry.npmjs.org/@sinonjs%2fsamsam set size:undefined disposed:false
2153 silly fetch manifest lazy-ass@1.6.0
2154 silly packumentCache full:https://registry.npmjs.org/lazy-ass cache-miss
2155 http fetch GET 200 https://registry.npmjs.org/dotgitignore 409ms (cache miss)
2156 silly packumentCache full:https://registry.npmjs.org/dotgitignore set size:undefined disposed:false
2157 silly fetch manifest ps-tree@1.2.0
2158 silly packumentCache full:https://registry.npmjs.org/ps-tree cache-miss
2159 http fetch GET 200 https://registry.npmjs.org/figures 364ms (cache miss)
2160 silly packumentCache full:https://registry.npmjs.org/figures set size:undefined disposed:false
2161 silly fetch manifest wait-on@8.0.3
2162 silly packumentCache full:https://registry.npmjs.org/wait-on cache-miss
2163 http cache https://registry.npmjs.org/bluebird 112ms (cache hit)
2164 silly packumentCache full:https://registry.npmjs.org/bluebird set size:491002 disposed:false
2165 http fetch GET 200 https://registry.npmjs.org/git-semver-tags 319ms (cache miss)
2166 silly packumentCache full:https://registry.npmjs.org/git-semver-tags set size:undefined disposed:false
2167 http cache https://registry.npmjs.org/execa 84ms (cache hit)
2168 silly packumentCache full:https://registry.npmjs.org/execa set size:177223 disposed:false
2169 http fetch GET 200 https://registry.npmjs.org/stringify-package 251ms (cache miss)
2170 silly packumentCache full:https://registry.npmjs.org/stringify-package set size:undefined disposed:false
2171 http fetch GET 200 https://registry.npmjs.org/json-stable-stringify 1033ms (cache miss)
2172 silly packumentCache full:https://registry.npmjs.org/json-stable-stringify set size:undefined disposed:false
2173 http fetch GET 200 https://registry.npmjs.org/arg 237ms (cache miss)
2174 silly packumentCache full:https://registry.npmjs.org/arg set size:undefined disposed:false
2175 http fetch GET 200 https://registry.npmjs.org/lazy-ass 118ms (cache miss)
2176 silly packumentCache full:https://registry.npmjs.org/lazy-ass set size:undefined disposed:false
2177 http fetch GET 200 https://registry.npmjs.org/wait-on 211ms (cache miss)
2178 silly packumentCache full:https://registry.npmjs.org/wait-on set size:undefined disposed:false
2179 http fetch GET 200 https://registry.npmjs.org/check-more-types 287ms (cache miss)
2180 silly packumentCache full:https://registry.npmjs.org/check-more-types set size:undefined disposed:false
2181 http fetch GET 200 https://registry.npmjs.org/ps-tree 918ms (cache miss)
2182 silly packumentCache full:https://registry.npmjs.org/ps-tree set size:undefined disposed:false
2183 http fetch GET 200 https://registry.npmjs.org/@bazel%2frunfiles 2199ms (cache miss)
2184 silly packumentCache full:https://registry.npmjs.org/@bazel%2frunfiles set size:undefined disposed:false
2185 silly fetch manifest eslint@7.32.0
2186 silly packumentCache full:https://registry.npmjs.org/eslint cache-miss
2187 http fetch GET 200 https://registry.npmjs.org/eslint 259ms (cache miss)
2188 silly packumentCache full:https://registry.npmjs.org/eslint set size:undefined disposed:false
2189 silly fetch manifest eslint-plugin-markdown@2.2.1
2190 silly packumentCache full:https://registry.npmjs.org/eslint-plugin-markdown cache-miss
2191 http fetch GET 200 https://registry.npmjs.org/eslint-plugin-markdown 1044ms (cache miss)
2192 silly packumentCache full:https://registry.npmjs.org/eslint-plugin-markdown set size:undefined disposed:false
2193 silly fetch manifest mocha@9.2.0
2194 silly packumentCache full:https://registry.npmjs.org/mocha cache-miss
2195 http cache https://registry.npmjs.org/mocha 75ms (cache hit)
2196 silly packumentCache full:https://registry.npmjs.org/mocha set size:3824074 disposed:false
2197 silly fetch manifest nyc@15.1.0
2198 silly packumentCache full:https://registry.npmjs.org/nyc cache-miss
2199 http fetch GET 200 https://registry.npmjs.org/nyc 1067ms (cache miss)
2200 silly packumentCache full:https://registry.npmjs.org/nyc set size:undefined disposed:false
2201 silly placeDep node_modules/.pnpm/bytes@3.1.2/node_modules/bytes eslint@7.32.0 OK for: bytes@3.1.2 want: 7.32.0
2202 silly placeDep ROOT eslint-plugin-markdown@2.2.1 OK for: bytes@3.1.2 want: 2.2.1
2203 silly placeDep node_modules/.pnpm/bytes@3.1.2/node_modules/bytes mocha@9.2.0 OK for: bytes@3.1.2 want: 9.2.0
2204 silly placeDep ROOT nyc@15.1.0 OK for: bytes@3.1.2 want: 15.1.0
2205 silly fetch manifest levn@^0.4.1
2206 silly packumentCache full:https://registry.npmjs.org/levn cache-miss
2207 silly fetch manifest table@^6.0.9
2208 silly packumentCache full:https://registry.npmjs.org/table cache-miss
2209 silly fetch manifest espree@^7.3.1
2210 silly packumentCache full:https://registry.npmjs.org/espree cache-miss
2211 silly fetch manifest ignore@^4.0.6
2212 silly packumentCache full:https://registry.npmjs.org/ignore cache-miss
2213 silly fetch manifest semver@^7.2.1
2214 silly packumentCache full:https://registry.npmjs.org/semver cache-hit
2215 silly fetch manifest esutils@^2.0.2
2216 silly packumentCache full:https://registry.npmjs.org/esutils cache-miss
2217 silly fetch manifest globals@^13.6.0
2218 silly packumentCache full:https://registry.npmjs.org/globals cache-hit
2219 silly fetch manifest is-glob@^4.0.0
2220 silly packumentCache full:https://registry.npmjs.org/is-glob cache-miss
2221 silly fetch manifest js-yaml@^3.13.1
2222 silly packumentCache full:https://registry.npmjs.org/js-yaml cache-hit
2223 silly fetch manifest regexpp@^3.1.0
2224 silly packumentCache full:https://registry.npmjs.org/regexpp cache-miss
2225 silly fetch manifest doctrine@^3.0.0
2226 silly packumentCache full:https://registry.npmjs.org/doctrine cache-miss
2227 silly fetch manifest enquirer@^2.3.5
2228 silly packumentCache full:https://registry.npmjs.org/enquirer cache-miss
2229 silly fetch manifest progress@^2.0.0
2230 silly packumentCache full:https://registry.npmjs.org/progress cache-miss
2231 silly fetch manifest optionator@^0.9.1
2232 silly packumentCache full:https://registry.npmjs.org/optionator cache-miss
2233 http fetch GET 200 https://registry.npmjs.org/esutils 520ms (cache miss)
2234 silly packumentCache full:https://registry.npmjs.org/esutils set size:undefined disposed:false
2235 silly fetch manifest text-table@^0.2.0
2236 silly packumentCache full:https://registry.npmjs.org/text-table cache-miss
2237 http fetch GET 200 https://registry.npmjs.org/levn 529ms (cache miss)
2238 silly packumentCache full:https://registry.npmjs.org/levn set size:undefined disposed:false
2239 silly fetch manifest glob-parent@^5.1.2
2240 silly packumentCache full:https://registry.npmjs.org/glob-parent cache-miss
2241 http fetch GET 200 https://registry.npmjs.org/doctrine 542ms (cache miss)
2242 silly packumentCache full:https://registry.npmjs.org/doctrine set size:undefined disposed:false
2243 silly fetch manifest imurmurhash@^0.1.4
2244 silly packumentCache full:https://registry.npmjs.org/imurmurhash cache-miss
2245 http fetch GET 200 https://registry.npmjs.org/progress 548ms (cache miss)
2246 silly packumentCache full:https://registry.npmjs.org/progress set size:undefined disposed:false
2247 silly fetch manifest eslint-scope@^5.1.1
2248 silly packumentCache full:https://registry.npmjs.org/eslint-scope cache-miss
2249 http fetch GET 200 https://registry.npmjs.org/regexpp 563ms (cache miss)
2250 silly packumentCache full:https://registry.npmjs.org/regexpp set size:undefined disposed:false
2251 silly fetch manifest eslint-utils@^2.1.0
2252 silly packumentCache full:https://registry.npmjs.org/eslint-utils cache-miss
2253 http fetch GET 200 https://registry.npmjs.org/optionator 567ms (cache miss)
2254 silly packumentCache full:https://registry.npmjs.org/optionator set size:undefined disposed:false
2255 silly fetch manifest lodash.merge@^4.6.2
2256 silly packumentCache full:https://registry.npmjs.org/lodash.merge cache-miss
2257 http cache https://registry.npmjs.org/is-glob 612ms (cache hit)
2258 silly packumentCache full:https://registry.npmjs.org/is-glob set size:40530 disposed:false
2259 silly fetch manifest fast-deep-equal@^3.1.3
2260 silly packumentCache full:https://registry.npmjs.org/fast-deep-equal cache-miss
2261 http fetch GET 200 https://registry.npmjs.org/ignore 675ms (cache miss)
2262 silly packumentCache full:https://registry.npmjs.org/ignore set size:undefined disposed:false
2263 silly fetch manifest natural-compare@^1.4.0
2264 silly packumentCache full:https://registry.npmjs.org/natural-compare cache-miss
2265 http fetch GET 200 https://registry.npmjs.org/enquirer 674ms (cache miss)
2266 silly packumentCache full:https://registry.npmjs.org/enquirer set size:undefined disposed:false
2267 silly fetch manifest @eslint/eslintrc@^0.4.3
2268 silly packumentCache full:https://registry.npmjs.org/@eslint%2feslintrc cache-miss
2269 http fetch GET 200 https://registry.npmjs.org/table 698ms (cache miss)
2270 silly packumentCache full:https://registry.npmjs.org/table set size:undefined disposed:false
2271 silly fetch manifest file-entry-cache@^6.0.1
2272 silly packumentCache full:https://registry.npmjs.org/file-entry-cache cache-miss
2273 http fetch GET 200 https://registry.npmjs.org/text-table 183ms (cache miss)
2274 silly packumentCache full:https://registry.npmjs.org/text-table set size:undefined disposed:false
2275 silly fetch manifest v8-compile-cache@^2.0.3
2276 silly packumentCache full:https://registry.npmjs.org/v8-compile-cache cache-miss
2277 http fetch GET 200 https://registry.npmjs.org/espree 854ms (cache miss)
2278 silly packumentCache full:https://registry.npmjs.org/espree set size:undefined disposed:false
2279 silly fetch manifest @babel/code-frame@7.12.11
2280 silly packumentCache full:https://registry.npmjs.org/@babel%2fcode-frame cache-miss
2281 http fetch GET 200 https://registry.npmjs.org/imurmurhash 335ms (cache miss)
2282 silly packumentCache full:https://registry.npmjs.org/imurmurhash set size:undefined disposed:false
2283 silly fetch manifest eslint-visitor-keys@^2.0.0
2284 silly packumentCache full:https://registry.npmjs.org/eslint-visitor-keys cache-miss
2285 http fetch GET 200 https://registry.npmjs.org/fast-deep-equal 285ms (cache miss)
2286 silly packumentCache full:https://registry.npmjs.org/fast-deep-equal set size:undefined disposed:false
2287 silly fetch manifest functional-red-black-tree@^1.0.1
2288 silly packumentCache full:https://registry.npmjs.org/functional-red-black-tree cache-miss
2289 http fetch GET 200 https://registry.npmjs.org/eslint-scope 367ms (cache miss)
2290 silly packumentCache full:https://registry.npmjs.org/eslint-scope set size:undefined disposed:false
2291 silly fetch manifest @humanwhocodes/config-array@^0.5.0
2292 silly packumentCache full:https://registry.npmjs.org/@humanwhocodes%2fconfig-array cache-miss
2293 http fetch GET 200 https://registry.npmjs.org/natural-compare 252ms (cache miss)
2294 silly packumentCache full:https://registry.npmjs.org/natural-compare set size:undefined disposed:false
2295 silly fetch manifest mdast-util-from-markdown@^0.8.5
2296 silly packumentCache full:https://registry.npmjs.org/mdast-util-from-markdown cache-miss
2297 http cache https://registry.npmjs.org/glob-parent 417ms (cache hit)
2298 silly packumentCache full:https://registry.npmjs.org/glob-parent set size:42445 disposed:false
2299 silly fetch manifest he@1.2.0
2300 silly packumentCache full:https://registry.npmjs.org/he cache-miss
2301 http cache https://registry.npmjs.org/lodash.merge 380ms (cache hit)
2302 silly packumentCache full:https://registry.npmjs.org/lodash.merge set size:78575 disposed:false
2303 silly fetch manifest diff@5.0.0
2304 silly packumentCache full:https://registry.npmjs.org/diff cache-hit
2305 silly fetch manifest glob@7.2.0
2306 silly packumentCache full:https://registry.npmjs.org/glob cache-hit
2307 silly fetch manifest debug@4.3.3
2308 silly packumentCache full:https://registry.npmjs.org/debug cache-hit
2309 silly fetch manifest growl@1.10.5
2310 silly packumentCache full:https://registry.npmjs.org/growl cache-miss
2311 http fetch GET 200 https://registry.npmjs.org/eslint-utils 410ms (cache miss)
2312 silly packumentCache full:https://registry.npmjs.org/eslint-utils set size:undefined disposed:false
2313 silly fetch manifest yargs@16.2.0
2314 silly packumentCache full:https://registry.npmjs.org/yargs cache-hit
2315 silly fetch manifest nanoid@3.2.0
2316 silly packumentCache full:https://registry.npmjs.org/nanoid cache-miss
2317 http cache https://registry.npmjs.org/@babel%2fcode-frame 239ms (cache hit)
2318 silly packumentCache full:https://registry.npmjs.org/@babel%2fcode-frame set size:180401 disposed:false
2319 silly fetch manifest find-up@5.0.0
2320 silly packumentCache full:https://registry.npmjs.org/find-up cache-miss
2321 http fetch GET 200 https://registry.npmjs.org/v8-compile-cache 421ms (cache miss)
2322 silly packumentCache full:https://registry.npmjs.org/v8-compile-cache set size:undefined disposed:false
2323 silly fetch manifest js-yaml@4.1.0
2324 silly packumentCache full:https://registry.npmjs.org/js-yaml cache-hit
2325 silly fetch manifest chokidar@3.5.3
2326 silly packumentCache full:https://registry.npmjs.org/chokidar cache-miss
2327 http cache https://registry.npmjs.org/he 195ms (cache hit)
2328 silly packumentCache full:https://registry.npmjs.org/he set size:58773 disposed:false
2329 silly fetch manifest minimatch@3.0.4
2330 silly packumentCache full:https://registry.npmjs.org/minimatch cache-hit
2331 silly fetch manifest workerpool@6.2.0
2332 silly packumentCache full:https://registry.npmjs.org/workerpool cache-miss
2333 http fetch GET 200 https://registry.npmjs.org/file-entry-cache 444ms (cache miss)
2334 silly packumentCache full:https://registry.npmjs.org/file-entry-cache set size:undefined disposed:false
2335 silly fetch manifest ansi-colors@4.1.1
2336 silly packumentCache full:https://registry.npmjs.org/ansi-colors cache-miss
2337 http fetch GET 200 https://registry.npmjs.org/eslint-visitor-keys 264ms (cache miss)
2338 silly packumentCache full:https://registry.npmjs.org/eslint-visitor-keys set size:undefined disposed:false
2339 silly fetch manifest log-symbols@4.1.0
2340 silly packumentCache full:https://registry.npmjs.org/log-symbols cache-miss
2341 http fetch GET 200 https://registry.npmjs.org/functional-red-black-tree 250ms (cache miss)
2342 silly packumentCache full:https://registry.npmjs.org/functional-red-black-tree set size:undefined disposed:false
2343 silly fetch manifest yargs-parser@20.2.4
2344 silly packumentCache full:https://registry.npmjs.org/yargs-parser cache-hit
2345 silly fetch manifest browser-stdout@1.3.1
2346 silly packumentCache full:https://registry.npmjs.org/browser-stdout cache-miss
2347 http cache https://registry.npmjs.org/find-up 82ms (cache hit)
2348 silly packumentCache full:https://registry.npmjs.org/find-up set size:38503 disposed:false
2349 silly fetch manifest supports-color@8.1.1
2350 silly packumentCache full:https://registry.npmjs.org/supports-color cache-hit
2351 silly fetch manifest yargs-unparser@2.0.0
2352 silly packumentCache full:https://registry.npmjs.org/yargs-unparser cache-miss
2353 http cache https://registry.npmjs.org/chokidar 81ms (cache hit)
2354 silly packumentCache full:https://registry.npmjs.org/chokidar set size:253451 disposed:false
2355 silly fetch manifest strip-json-comments@3.1.1
2356 silly packumentCache full:https://registry.npmjs.org/strip-json-comments cache-hit
2357 silly fetch manifest serialize-javascript@6.0.0
2358 silly packumentCache full:https://registry.npmjs.org/serialize-javascript cache-miss
2359 http cache https://registry.npmjs.org/ansi-colors 84ms (cache hit)
2360 silly packumentCache full:https://registry.npmjs.org/ansi-colors set size:110876 disposed:false
2361 silly fetch manifest @ungap/promise-all-settled@1.1.2
2362 silly packumentCache full:https://registry.npmjs.org/@ungap%2fpromise-all-settled cache-miss
2363 http cache https://registry.npmjs.org/workerpool 94ms (cache hit)
2364 silly packumentCache full:https://registry.npmjs.org/workerpool set size:189192 disposed:false
2365 silly fetch manifest glob@^7.1.6
2366 silly packumentCache full:https://registry.npmjs.org/glob cache-hit
2367 silly fetch manifest p-map@^3.0.0
2368 silly packumentCache full:https://registry.npmjs.org/p-map cache-miss
2369 http cache https://registry.npmjs.org/log-symbols 117ms (cache hit)
2370 silly packumentCache full:https://registry.npmjs.org/log-symbols set size:31991 disposed:false
2371 silly fetch manifest yargs@^15.0.2
2372 silly packumentCache full:https://registry.npmjs.org/yargs cache-hit
2373 silly fetch manifest rimraf@^3.0.0
2374 silly packumentCache full:https://registry.npmjs.org/rimraf cache-hit
2375 silly fetch manifest find-up@^4.1.0
2376 silly packumentCache full:https://registry.npmjs.org/find-up cache-hit
2377 silly fetch manifest make-dir@^3.0.0
2378 silly packumentCache full:https://registry.npmjs.org/make-dir cache-miss
2379 http fetch GET 200 https://registry.npmjs.org/nanoid 309ms (cache miss)
2380 silly packumentCache full:https://registry.npmjs.org/nanoid set size:undefined disposed:false
2381 silly fetch manifest decamelize@^1.2.0
2382 silly packumentCache full:https://registry.npmjs.org/decamelize cache-miss
2383 http cache https://registry.npmjs.org/browser-stdout 153ms (cache hit)
2384 silly packumentCache full:https://registry.npmjs.org/browser-stdout set size:9832 disposed:false
2385 silly fetch manifest spawn-wrap@^2.0.0
2386 silly packumentCache full:https://registry.npmjs.org/spawn-wrap cache-miss
2387 http fetch GET 200 https://registry.npmjs.org/@eslint%2feslintrc 655ms (cache miss)
2388 silly packumentCache full:https://registry.npmjs.org/@eslint%2feslintrc set size:undefined disposed:false
2389 silly fetch manifest signal-exit@^3.0.2
2390 silly packumentCache full:https://registry.npmjs.org/signal-exit cache-miss
2391 http cache https://registry.npmjs.org/yargs-unparser 147ms (cache hit)
2392 silly packumentCache full:https://registry.npmjs.org/yargs-unparser set size:56742 disposed:false
2393 silly fetch manifest node-preload@^0.2.1
2394 silly packumentCache full:https://registry.npmjs.org/node-preload cache-miss
2395 http cache https://registry.npmjs.org/serialize-javascript 134ms (cache hit)
2396 silly packumentCache full:https://registry.npmjs.org/serialize-javascript set size:67681 disposed:false
2397 silly fetch manifest resolve-from@^5.0.0
2398 silly packumentCache full:https://registry.npmjs.org/resolve-from cache-miss
2399 http fetch GET 200 https://registry.npmjs.org/mdast-util-from-markdown 431ms (cache miss)
2400 silly packumentCache full:https://registry.npmjs.org/mdast-util-from-markdown set size:undefined disposed:false
2401 silly fetch manifest test-exclude@^6.0.0
2402 silly packumentCache full:https://registry.npmjs.org/test-exclude cache-miss
2403 http fetch GET 200 https://registry.npmjs.org/@humanwhocodes%2fconfig-array 449ms (cache miss)
2404 silly packumentCache full:https://registry.npmjs.org/@humanwhocodes%2fconfig-array set size:undefined disposed:false
2405 silly fetch manifest find-cache-dir@^3.2.0
2406 silly packumentCache full:https://registry.npmjs.org/find-cache-dir cache-miss
2407 http fetch GET 200 https://registry.npmjs.org/growl 417ms (cache miss)
2408 silly packumentCache full:https://registry.npmjs.org/growl set size:undefined disposed:false
2409 silly fetch manifest foreground-child@^2.0.0
2410 silly packumentCache full:https://registry.npmjs.org/foreground-child cache-hit
2411 silly fetch manifest get-package-type@^0.1.0
2412 silly packumentCache full:https://registry.npmjs.org/get-package-type cache-miss
2413 http fetch GET 200 https://registry.npmjs.org/p-map 170ms (cache miss)
2414 silly packumentCache full:https://registry.npmjs.org/p-map set size:undefined disposed:false
2415 silly fetch manifest istanbul-reports@^3.0.2
2416 silly packumentCache full:https://registry.npmjs.org/istanbul-reports cache-hit
2417 silly fetch manifest process-on-spawn@^1.0.0
2418 silly packumentCache full:https://registry.npmjs.org/process-on-spawn cache-miss
2419 http cache https://registry.npmjs.org/test-exclude 57ms (cache hit)
2420 silly packumentCache full:https://registry.npmjs.org/test-exclude set size:107584 disposed:false
2421 silly fetch manifest caching-transform@^4.0.0
2422 silly packumentCache full:https://registry.npmjs.org/caching-transform cache-miss
2423 http fetch GET 200 https://registry.npmjs.org/make-dir 166ms (cache miss)
2424 silly packumentCache full:https://registry.npmjs.org/make-dir set size:undefined disposed:false
2425 silly fetch manifest istanbul-lib-hook@^3.0.0
2426 silly packumentCache full:https://registry.npmjs.org/istanbul-lib-hook cache-miss
2427 http fetch GET 200 https://registry.npmjs.org/find-cache-dir 93ms (cache miss)
2428 silly packumentCache full:https://registry.npmjs.org/find-cache-dir set size:undefined disposed:false
2429 silly fetch manifest @istanbuljs/schema@^0.1.2
2430 silly packumentCache full:https://registry.npmjs.org/@istanbuljs%2fschema cache-miss
2431 http fetch GET 200 https://registry.npmjs.org/resolve-from 122ms (cache miss)
2432 silly packumentCache full:https://registry.npmjs.org/resolve-from set size:undefined disposed:false
2433 silly fetch manifest convert-source-map@^1.7.0
2434 silly packumentCache full:https://registry.npmjs.org/convert-source-map cache-miss
2435 http fetch GET 200 https://registry.npmjs.org/get-package-type 96ms (cache miss)
2436 silly packumentCache full:https://registry.npmjs.org/get-package-type set size:undefined disposed:false
2437 silly fetch manifest istanbul-lib-report@^3.0.0
2438 silly packumentCache full:https://registry.npmjs.org/istanbul-lib-report cache-miss
2439 http cache https://registry.npmjs.org/convert-source-map 24ms (cache hit)
2440 silly packumentCache full:https://registry.npmjs.org/convert-source-map set size:66997 disposed:false
2441 silly fetch manifest istanbul-lib-coverage@^3.0.0
2442 silly packumentCache full:https://registry.npmjs.org/istanbul-lib-coverage cache-hit
2443 silly fetch manifest istanbul-lib-instrument@^4.0.0
2444 silly packumentCache full:https://registry.npmjs.org/istanbul-lib-instrument cache-miss
2445 http cache https://registry.npmjs.org/istanbul-lib-report 37ms (cache hit)
2446 silly packumentCache full:https://registry.npmjs.org/istanbul-lib-report set size:66223 disposed:false
2447 silly fetch manifest istanbul-lib-processinfo@^2.0.2
2448 silly packumentCache full:https://registry.npmjs.org/istanbul-lib-processinfo cache-miss
2449 http cache https://registry.npmjs.org/@istanbuljs%2fschema 47ms (cache hit)
2450 silly packumentCache full:https://registry.npmjs.org/@istanbuljs%2fschema set size:12737 disposed:false
2451 silly fetch manifest istanbul-lib-source-maps@^4.0.0
2452 silly packumentCache full:https://registry.npmjs.org/istanbul-lib-source-maps cache-miss
2453 http fetch GET 200 https://registry.npmjs.org/decamelize 235ms (cache miss)
2454 silly packumentCache full:https://registry.npmjs.org/decamelize set size:undefined disposed:false
2455 silly fetch manifest @istanbuljs/load-nyc-config@^1.0.0
2456 silly packumentCache full:https://registry.npmjs.org/@istanbuljs%2fload-nyc-config cache-miss
2457 http fetch GET 200 https://registry.npmjs.org/spawn-wrap 234ms (cache miss)
2458 silly packumentCache full:https://registry.npmjs.org/spawn-wrap set size:undefined disposed:false
2459 http fetch GET 200 https://registry.npmjs.org/@ungap%2fpromise-all-settled 343ms (cache miss)
2460 silly packumentCache full:https://registry.npmjs.org/@ungap%2fpromise-all-settled set size:undefined disposed:false
2461 http fetch GET 200 https://registry.npmjs.org/node-preload 223ms (cache miss)
2462 silly packumentCache full:https://registry.npmjs.org/node-preload set size:undefined disposed:false
2463 http fetch GET 200 https://registry.npmjs.org/signal-exit 245ms (cache miss)
2464 silly packumentCache full:https://registry.npmjs.org/signal-exit set size:undefined disposed:false
2465 http fetch GET 200 https://registry.npmjs.org/istanbul-lib-instrument 106ms (cache miss)
2466 silly packumentCache full:https://registry.npmjs.org/istanbul-lib-instrument set size:undefined disposed:false
2467 http fetch GET 200 https://registry.npmjs.org/istanbul-lib-source-maps 104ms (cache miss)
2468 silly packumentCache full:https://registry.npmjs.org/istanbul-lib-source-maps set size:undefined disposed:false
2469 http fetch GET 200 https://registry.npmjs.org/process-on-spawn 226ms (cache miss)
2470 silly packumentCache full:https://registry.npmjs.org/process-on-spawn set size:undefined disposed:false
2471 http fetch GET 200 https://registry.npmjs.org/istanbul-lib-hook 208ms (cache miss)
2472 silly packumentCache full:https://registry.npmjs.org/istanbul-lib-hook set size:undefined disposed:false
2473 http fetch GET 200 https://registry.npmjs.org/istanbul-lib-processinfo 229ms (cache miss)
2474 silly packumentCache full:https://registry.npmjs.org/istanbul-lib-processinfo set size:undefined disposed:false
2475 http fetch GET 200 https://registry.npmjs.org/@istanbuljs%2fload-nyc-config 245ms (cache miss)
2476 silly packumentCache full:https://registry.npmjs.org/@istanbuljs%2fload-nyc-config set size:undefined disposed:false
2477 http fetch GET 200 https://registry.npmjs.org/caching-transform 940ms (cache miss)
2478 silly packumentCache full:https://registry.npmjs.org/caching-transform set size:undefined disposed:false
2479 silly fetch manifest @babel/cli@^7.25.6
2480 silly packumentCache full:https://registry.npmjs.org/@babel%2fcli cache-miss
2481 http fetch GET 200 https://registry.npmjs.org/@babel%2fcli 354ms (cache miss)
2482 silly packumentCache full:https://registry.npmjs.org/@babel%2fcli set size:undefined disposed:false
2483 silly fetch manifest @babel/eslint-parser@^7.25.1
2484 silly packumentCache full:https://registry.npmjs.org/@babel%2feslint-parser cache-miss
2485 http fetch GET 200 https://registry.npmjs.org/@babel%2feslint-parser 232ms (cache miss)
2486 silly packumentCache full:https://registry.npmjs.org/@babel%2feslint-parser set size:undefined disposed:false
2487 silly fetch manifest @babel/node@^7.25.0
2488 silly packumentCache full:https://registry.npmjs.org/@babel%2fnode cache-miss
2489 http fetch GET 200 https://registry.npmjs.org/@babel%2fnode 377ms (cache miss)
2490 silly packumentCache full:https://registry.npmjs.org/@babel%2fnode set size:undefined disposed:false
2491 silly fetch manifest @babel/plugin-transform-react-jsx@^7.25.2
2492 silly packumentCache full:https://registry.npmjs.org/@babel%2fplugin-transform-react-jsx cache-miss
2493 http fetch GET 200 https://registry.npmjs.org/@babel%2fplugin-transform-react-jsx 244ms (cache miss)
2494 silly packumentCache full:https://registry.npmjs.org/@babel%2fplugin-transform-react-jsx set size:undefined disposed:false
2495 silly fetch manifest @babel/preset-flow@^7.24.7
2496 silly packumentCache full:https://registry.npmjs.org/@babel%2fpreset-flow cache-miss
2497 http fetch GET 200 https://registry.npmjs.org/@babel%2fpreset-flow 1996ms (cache miss)
2498 silly packumentCache full:https://registry.npmjs.org/@babel%2fpreset-flow set size:undefined disposed:false
2499 silly fetch manifest @babel/register@^7.24.6
2500 silly packumentCache full:https://registry.npmjs.org/@babel%2fregister cache-miss
2501 http fetch GET 200 https://registry.npmjs.org/@babel%2fregister 401ms (cache miss)
2502 silly packumentCache full:https://registry.npmjs.org/@babel%2fregister set size:undefined disposed:false
2503 silly fetch manifest array.from@^1.1.6
2504 silly packumentCache full:https://registry.npmjs.org/array.from cache-miss
2505 http fetch GET 200 https://registry.npmjs.org/array.from 1006ms (cache miss)
2506 silly packumentCache full:https://registry.npmjs.org/array.from set size:undefined disposed:false
2507 silly fetch manifest array.prototype.some@^1.1.6
2508 silly packumentCache full:https://registry.npmjs.org/array.prototype.some cache-miss
2509 http fetch GET 200 https://registry.npmjs.org/array.prototype.some 982ms (cache miss)
2510 silly packumentCache full:https://registry.npmjs.org/array.prototype.some set size:undefined disposed:false
2511 silly fetch manifest babel-plugin-module-resolver@^5.0.2
2512 silly packumentCache full:https://registry.npmjs.org/babel-plugin-module-resolver cache-miss
2513 http fetch GET 200 https://registry.npmjs.org/babel-plugin-module-resolver 213ms (cache miss)
2514 silly packumentCache full:https://registry.npmjs.org/babel-plugin-module-resolver set size:undefined disposed:false
2515 silly fetch manifest commander@^9.4.1
2516 silly packumentCache full:https://registry.npmjs.org/commander cache-miss
2517 http cache https://registry.npmjs.org/commander 13ms (cache hit)
2518 silly packumentCache full:https://registry.npmjs.org/commander set size:339973 disposed:false
2519 silly fetch manifest deep-equal-json@^1.0.0
2520 silly packumentCache full:https://registry.npmjs.org/deep-equal-json cache-miss
2521 http fetch GET 200 https://registry.npmjs.org/deep-equal-json 1026ms (cache miss)
2522 silly packumentCache full:https://registry.npmjs.org/deep-equal-json set size:undefined disposed:false
2523 silly fetch manifest eslint@^8.57.0
2524 silly packumentCache full:https://registry.npmjs.org/eslint cache-miss
2525 http cache https://registry.npmjs.org/eslint 18ms (cache hit)
2526 silly packumentCache full:https://registry.npmjs.org/eslint set size:1811205 disposed:false
2527 silly fetch manifest eslint-plugin-flowtype@^8.0.3
2528 silly packumentCache full:https://registry.npmjs.org/eslint-plugin-flowtype cache-miss
2529 http fetch GET 200 https://registry.npmjs.org/eslint-plugin-flowtype 115ms (cache miss)
2530 silly packumentCache full:https://registry.npmjs.org/eslint-plugin-flowtype set size:undefined disposed:false
2531 silly fetch manifest flow-bin@^0.191.0
2532 silly packumentCache full:https://registry.npmjs.org/flow-bin cache-miss
2533 http fetch GET 200 https://registry.npmjs.org/flow-bin 239ms (cache miss)
2534 silly packumentCache full:https://registry.npmjs.org/flow-bin set size:undefined disposed:false
2535 silly fetch manifest mock-property@^1.1.0
2536 silly packumentCache full:https://registry.npmjs.org/mock-property cache-miss
2537 http fetch GET 200 https://registry.npmjs.org/mock-property 137ms (cache miss)
2538 silly packumentCache full:https://registry.npmjs.org/mock-property set size:undefined disposed:false
2539 silly fetch manifest nyc@^10.3.2
2540 silly packumentCache full:https://registry.npmjs.org/nyc cache-miss
2541 http cache https://registry.npmjs.org/nyc 12ms (cache hit)
2542 silly packumentCache full:https://registry.npmjs.org/nyc set size:604624 disposed:false
2543 silly fetch manifest rimraf@^2.7.1
2544 silly packumentCache full:https://registry.npmjs.org/rimraf cache-hit
2545 silly fetch manifest tape@^5.9.0
2546 silly packumentCache full:https://registry.npmjs.org/tape cache-miss
2547 http fetch GET 200 https://registry.npmjs.org/tape 306ms (cache miss)
2548 silly packumentCache full:https://registry.npmjs.org/tape set size:undefined disposed:false
2549 silly placeDep ROOT @babel/cli@7.28.0 OK for: aria-query@5.3.2 want: ^7.25.6
2550 silly placeDep ROOT @babel/eslint-parser@7.28.0 OK for: aria-query@5.3.2 want: ^7.25.1
2551 silly placeDep ROOT @babel/node@7.28.0 OK for: aria-query@5.3.2 want: ^7.25.0
2552 silly placeDep ROOT @babel/plugin-transform-react-jsx@7.27.1 OK for: aria-query@5.3.2 want: ^7.25.2
2553 silly placeDep ROOT @babel/preset-flow@7.27.1 OK for: aria-query@5.3.2 want: ^7.24.7
2554 silly placeDep ROOT @babel/register@7.27.1 OK for: aria-query@5.3.2 want: ^7.24.6
2555 silly placeDep ROOT array.from@1.1.6 OK for: aria-query@5.3.2 want: ^1.1.6
2556 silly placeDep ROOT array.prototype.some@1.1.6 OK for: aria-query@5.3.2 want: ^1.1.6
2557 silly placeDep ROOT babel-plugin-module-resolver@5.0.2 OK for: aria-query@5.3.2 want: ^5.0.2
2558 silly placeDep node_modules/.pnpm/aria-query@5.3.2/node_modules/aria-query commander@9.5.0 OK for: aria-query@5.3.2 want: ^9.4.1
2559 silly placeDep ROOT deep-equal-json@1.0.1 OK for: aria-query@5.3.2 want: ^1.0.0
2560 silly placeDep node_modules/.pnpm/aria-query@5.3.2/node_modules/aria-query eslint@8.57.1 OK for: aria-query@5.3.2 want: ^8.57.0
2561 silly placeDep ROOT eslint-plugin-flowtype@8.0.3 OK for: aria-query@5.3.2 want: ^8.0.3
2562 silly placeDep ROOT flow-bin@0.191.0 OK for: aria-query@5.3.2 want: ^0.191.0
2563 silly placeDep ROOT mock-property@1.1.0 OK for: aria-query@5.3.2 want: ^1.1.0
2564 silly placeDep node_modules/.pnpm/aria-query@5.3.2/node_modules/aria-query nyc@10.3.2 OK for: aria-query@5.3.2 want: ^10.3.2
2565 silly placeDep node_modules/.pnpm/aria-query@5.3.2/node_modules/aria-query rimraf@2.7.1 OK for: aria-query@5.3.2 want: ^2.7.1
2566 silly placeDep ROOT tape@5.9.0 OK for: aria-query@5.3.2 want: ^5.9.0
2567 silly fetch manifest glob@^7.2.0
2568 silly packumentCache full:https://registry.npmjs.org/glob cache-hit
2569 silly fetch manifest make-dir@^2.1.0
2570 silly packumentCache full:https://registry.npmjs.org/make-dir cache-miss
2571 silly fetch manifest commander@^6.2.0
2572 silly packumentCache full:https://registry.npmjs.org/commander cache-hit
2573 silly fetch manifest fs-readdir-recursive@^1.1.0
2574 silly packumentCache full:https://registry.npmjs.org/fs-readdir-recursive cache-miss
2575 silly fetch manifest @jridgewell/trace-mapping@^0.3.28
2576 silly packumentCache full:https://registry.npmjs.org/@jridgewell%2ftrace-mapping cache-miss
2577 silly fetch manifest @nicolo-ribaudo/chokidar-2@2.1.8-no-fsevents.3
2578 silly packumentCache full:https://registry.npmjs.org/@nicolo-ribaudo%2fchokidar-2 cache-miss
2579 silly fetch manifest eslint-visitor-keys@^2.1.0
2580 silly packumentCache full:https://registry.npmjs.org/eslint-visitor-keys cache-miss
2581 silly fetch manifest @nicolo-ribaudo/eslint-scope-5-internals@5.1.1-v1
2582 silly packumentCache full:https://registry.npmjs.org/@nicolo-ribaudo%2feslint-scope-5-internals cache-miss
2583 silly fetch manifest v8flags@^3.1.1
2584 silly packumentCache full:https://registry.npmjs.org/v8flags cache-miss
2585 silly fetch manifest commander@^6.2.0
2586 silly packumentCache full:https://registry.npmjs.org/commander cache-hit
2587 silly fetch manifest @babel/register@^7.27.1
2588 silly packumentCache full:https://registry.npmjs.org/@babel%2fregister cache-miss
2589 silly fetch manifest regenerator-runtime@^0.14.0
2590 silly packumentCache full:https://registry.npmjs.org/regenerator-runtime cache-miss
2591 silly fetch manifest node-environment-flags@^1.0.5
2592 silly packumentCache full:https://registry.npmjs.org/node-environment-flags cache-miss
2593 silly fetch manifest @babel/types@^7.27.1
2594 silly packumentCache full:https://registry.npmjs.org/@babel%2ftypes cache-miss
2595 http cache https://registry.npmjs.org/make-dir 55ms (cache hit)
2596 silly packumentCache full:https://registry.npmjs.org/make-dir set size:33031 disposed:false
2597 silly fetch manifest @babel/plugin-syntax-jsx@^7.27.1
2598 silly packumentCache full:https://registry.npmjs.org/@babel%2fplugin-syntax-jsx cache-miss
2599 http cache https://registry.npmjs.org/eslint-visitor-keys 66ms (cache hit)
2600 silly packumentCache full:https://registry.npmjs.org/eslint-visitor-keys set size:65553 disposed:false
2601 silly fetch manifest @babel/helper-module-imports@^7.27.1
2602 silly packumentCache full:https://registry.npmjs.org/@babel%2fhelper-module-imports cache-miss
2603 http cache https://registry.npmjs.org/@babel%2fregister 72ms (cache hit)
2604 silly packumentCache full:https://registry.npmjs.org/@babel%2fregister set size:250241 disposed:false
2605 silly fetch manifest @babel/helper-annotate-as-pure@^7.27.1
2606 silly packumentCache full:https://registry.npmjs.org/@babel%2fhelper-annotate-as-pure cache-miss
2607 http cache https://registry.npmjs.org/@babel%2ftypes 87ms (cache hit)
2608 silly packumentCache full:https://registry.npmjs.org/@babel%2ftypes set size:465988 disposed:false
2609 silly fetch manifest @babel/plugin-transform-flow-strip-types@^7.27.1
2610 silly packumentCache full:https://registry.npmjs.org/@babel%2fplugin-transform-flow-strip-types cache-miss
2611 http fetch GET 200 https://registry.npmjs.org/regenerator-runtime 121ms (cache miss)
2612 silly packumentCache full:https://registry.npmjs.org/regenerator-runtime set size:undefined disposed:false
2613 silly fetch manifest pirates@^4.0.6
2614 silly packumentCache full:https://registry.npmjs.org/pirates cache-miss
2615 http fetch GET 200 https://registry.npmjs.org/@babel%2fplugin-syntax-jsx 159ms (cache miss)
2616 silly packumentCache full:https://registry.npmjs.org/@babel%2fplugin-syntax-jsx set size:undefined disposed:false
2617 silly fetch manifest clone-deep@^4.0.1
2618 silly packumentCache full:https://registry.npmjs.org/clone-deep cache-miss
2619 http fetch GET 200 https://registry.npmjs.org/pirates 103ms (cache miss)
2620 silly packumentCache full:https://registry.npmjs.org/pirates set size:undefined disposed:false
2621 silly fetch manifest find-cache-dir@^2.0.0
2622 silly packumentCache full:https://registry.npmjs.org/find-cache-dir cache-miss
2623 http fetch GET 200 https://registry.npmjs.org/@babel%2fplugin-transform-flow-strip-types 138ms (cache miss)
2624 silly packumentCache full:https://registry.npmjs.org/@babel%2fplugin-transform-flow-strip-types set size:undefined disposed:false
2625 silly fetch manifest define-properties@^1.2.1
2626 silly packumentCache full:https://registry.npmjs.org/define-properties cache-miss
2627 http fetch GET 200 https://registry.npmjs.org/fs-readdir-recursive 261ms (cache miss)
2628 silly packumentCache full:https://registry.npmjs.org/fs-readdir-recursive set size:undefined disposed:false
2629 silly fetch manifest es-abstract@^1.23.2
2630 silly packumentCache full:https://registry.npmjs.org/es-abstract cache-miss
2631 http fetch GET 200 https://registry.npmjs.org/v8flags 266ms (cache miss)
2632 silly packumentCache full:https://registry.npmjs.org/v8flags set size:undefined disposed:false
2633 silly fetch manifest es-object-atoms@^1.0.0
2634 silly packumentCache full:https://registry.npmjs.org/es-object-atoms cache-miss
2635 http cache https://registry.npmjs.org/find-cache-dir 41ms (cache hit)
2636 silly packumentCache full:https://registry.npmjs.org/find-cache-dir set size:35762 disposed:false
2637 silly fetch manifest call-bind@^1.0.7
2638 silly packumentCache full:https://registry.npmjs.org/call-bind cache-miss
2639 http fetch GET 200 https://registry.npmjs.org/@nicolo-ribaudo%2feslint-scope-5-internals 295ms (cache miss)
2640 silly packumentCache full:https://registry.npmjs.org/@nicolo-ribaudo%2feslint-scope-5-internals set size:undefined disposed:false
2641 silly fetch manifest define-properties@^1.2.1
2642 silly packumentCache full:https://registry.npmjs.org/define-properties cache-miss
2643 http fetch GET 200 https://registry.npmjs.org/@babel%2fhelper-annotate-as-pure 219ms (cache miss)
2644 silly packumentCache full:https://registry.npmjs.org/@babel%2fhelper-annotate-as-pure set size:undefined disposed:false
2645 silly fetch manifest es-abstract@^1.23.2
2646 silly packumentCache full:https://registry.npmjs.org/es-abstract cache-miss
2647 http fetch GET 200 https://registry.npmjs.org/@jridgewell%2ftrace-mapping 316ms (cache miss)
2648 silly packumentCache full:https://registry.npmjs.org/@jridgewell%2ftrace-mapping set size:undefined disposed:false
2649 silly fetch manifest es-object-atoms@^1.0.0
2650 silly packumentCache full:https://registry.npmjs.org/es-object-atoms cache-miss
2651 http fetch GET 200 https://registry.npmjs.org/clone-deep 141ms (cache miss)
2652 silly packumentCache full:https://registry.npmjs.org/clone-deep set size:undefined disposed:false
2653 silly fetch manifest is-string@^1.0.7
2654 silly packumentCache full:https://registry.npmjs.org/is-string cache-miss
2655 http fetch GET 200 https://registry.npmjs.org/define-properties 112ms (cache miss)
2656 silly packumentCache full:https://registry.npmjs.org/define-properties set size:undefined disposed:false
2657 silly fetch manifest find-babel-config@^2.1.1
2658 silly packumentCache full:https://registry.npmjs.org/find-babel-config cache-miss
2659 http fetch GET 200 https://registry.npmjs.org/es-abstract 150ms (cache miss)
2660 silly packumentCache full:https://registry.npmjs.org/es-abstract set size:undefined disposed:false
2661 silly fetch manifest glob@^9.3.3
2662 silly packumentCache full:https://registry.npmjs.org/glob cache-hit
2663 silly fetch manifest pkg-up@^3.1.0
2664 silly packumentCache full:https://registry.npmjs.org/pkg-up cache-miss
2665 http fetch GET 200 https://registry.npmjs.org/es-object-atoms 173ms (cache miss)
2666 silly packumentCache full:https://registry.npmjs.org/es-object-atoms set size:undefined disposed:false
2667 silly fetch manifest reselect@^4.1.7
2668 silly packumentCache full:https://registry.npmjs.org/reselect cache-miss
2669 http fetch GET 200 https://registry.npmjs.org/define-properties 157ms (cache miss)
2670 silly packumentCache full:https://registry.npmjs.org/define-properties set size:undefined disposed:false
2671 silly fetch manifest resolve@^1.22.8
2672 silly packumentCache full:https://registry.npmjs.org/resolve cache-miss
2673 http fetch GET 200 https://registry.npmjs.org/call-bind 174ms (cache miss)
2674 silly packumentCache full:https://registry.npmjs.org/call-bind set size:undefined disposed:false
2675 silly fetch manifest call-bound@^1.0.2
2676 silly packumentCache full:https://registry.npmjs.org/call-bound cache-miss
2677 http fetch GET 200 https://registry.npmjs.org/es-object-atoms 169ms (cache miss)
2678 silly packumentCache full:https://registry.npmjs.org/es-object-atoms set size:undefined disposed:false
2679 silly fetch manifest isarray@^2.0.5
2680 silly packumentCache full:https://registry.npmjs.org/isarray cache-miss
2681 http fetch GET 200 https://registry.npmjs.org/is-string 154ms (cache miss)
2682 silly packumentCache full:https://registry.npmjs.org/is-string set size:undefined disposed:false
2683 silly fetch manifest object-is@^1.1.6
2684 silly packumentCache full:https://registry.npmjs.org/object-is cache-miss
2685 http fetch GET 200 https://registry.npmjs.org/find-babel-config 154ms (cache miss)
2686 silly packumentCache full:https://registry.npmjs.org/find-babel-config set size:undefined disposed:false
2687 silly fetch manifest object-keys@^1.1.1
2688 silly packumentCache full:https://registry.npmjs.org/object-keys cache-miss
2689 http fetch GET 200 https://registry.npmjs.org/es-abstract 222ms (cache miss)
2690 silly packumentCache full:https://registry.npmjs.org/es-abstract set size:undefined disposed:false
2691 silly fetch manifest espree@^9.6.1
2692 silly packumentCache full:https://registry.npmjs.org/espree cache-miss
2693 http fetch GET 200 https://registry.npmjs.org/@babel%2fhelper-module-imports 484ms (cache miss)
2694 silly packumentCache full:https://registry.npmjs.org/@babel%2fhelper-module-imports set size:undefined disposed:false
2695 silly fetch manifest ignore@^5.2.0
2696 silly packumentCache full:https://registry.npmjs.org/ignore cache-miss
2697 http fetch GET 200 https://registry.npmjs.org/pkg-up 133ms (cache miss)
2698 silly packumentCache full:https://registry.npmjs.org/pkg-up set size:undefined disposed:false
2699 silly fetch manifest globals@^13.19.0
2700 silly packumentCache full:https://registry.npmjs.org/globals cache-hit
2701 silly fetch manifest graphemer@^1.4.0
2702 silly packumentCache full:https://registry.npmjs.org/graphemer cache-miss
2703 http cache https://registry.npmjs.org/espree 39ms (cache hit)
2704 silly packumentCache full:https://registry.npmjs.org/espree set size:315544 disposed:false
2705 silly fetch manifest @eslint/js@8.57.1
2706 silly packumentCache full:https://registry.npmjs.org/@eslint%2fjs cache-miss
2707 http cache https://registry.npmjs.org/ignore 37ms (cache hit)
2708 silly packumentCache full:https://registry.npmjs.org/ignore set size:237380 disposed:false
2709 silly fetch manifest optionator@^0.9.3
2710 silly packumentCache full:https://registry.npmjs.org/optionator cache-miss
2711 http cache https://registry.npmjs.org/@eslint%2fjs 77ms (cache hit)
2712 silly packumentCache full:https://registry.npmjs.org/@eslint%2fjs set size:116145 disposed:false
2713 silly fetch manifest glob-parent@^6.0.2
2714 silly packumentCache full:https://registry.npmjs.org/glob-parent cache-hit
2715 silly fetch manifest eslint-scope@^7.2.2
2716 silly packumentCache full:https://registry.npmjs.org/eslint-scope cache-miss
2717 http fetch GET 200 https://registry.npmjs.org/isarray 195ms (cache miss)
2718 silly packumentCache full:https://registry.npmjs.org/isarray set size:undefined disposed:false
2719 silly fetch manifest @eslint/eslintrc@^2.1.4
2720 silly packumentCache full:https://registry.npmjs.org/@eslint%2feslintrc cache-miss
2721 http cache https://registry.npmjs.org/optionator 86ms (cache hit)
2722 silly packumentCache full:https://registry.npmjs.org/optionator set size:49651 disposed:false
2723 silly fetch manifest @nodelib/fs.walk@^1.2.8
2724 silly packumentCache full:https://registry.npmjs.org/@nodelib%2ffs.walk cache-miss
2725 http fetch GET 200 https://registry.npmjs.org/object-keys 175ms (cache miss)
2726 silly packumentCache full:https://registry.npmjs.org/object-keys set size:undefined disposed:false
2727 silly fetch manifest eslint-visitor-keys@^3.4.3
2728 silly packumentCache full:https://registry.npmjs.org/eslint-visitor-keys cache-hit
2729 silly fetch manifest @ungap/structured-clone@^1.2.0
2730 silly packumentCache full:https://registry.npmjs.org/@ungap%2fstructured-clone cache-miss
2731 http fetch GET 200 https://registry.npmjs.org/object-is 188ms (cache miss)
2732 silly packumentCache full:https://registry.npmjs.org/object-is set size:undefined disposed:false
2733 silly fetch manifest @eslint-community/regexpp@^4.6.1
2734 silly packumentCache full:https://registry.npmjs.org/@eslint-community%2fregexpp cache-miss
2735 http fetch GET 200 https://registry.npmjs.org/resolve 264ms (cache miss)
2736 silly packumentCache full:https://registry.npmjs.org/resolve set size:undefined disposed:false
2737 silly fetch manifest @humanwhocodes/config-array@^0.13.0
2738 silly packumentCache full:https://registry.npmjs.org/@humanwhocodes%2fconfig-array cache-miss
2739 http fetch GET 200 https://registry.npmjs.org/graphemer 216ms (cache miss)
2740 silly packumentCache full:https://registry.npmjs.org/graphemer set size:undefined disposed:false
2741 silly fetch manifest @humanwhocodes/module-importer@^1.0.1
2742 silly packumentCache full:https://registry.npmjs.org/@humanwhocodes%2fmodule-importer cache-miss
2743 http fetch GET 200 https://registry.npmjs.org/call-bound 345ms (cache miss)
2744 silly packumentCache full:https://registry.npmjs.org/call-bound set size:undefined disposed:false
2745 silly fetch manifest string-natural-compare@^3.0.1
2746 silly packumentCache full:https://registry.npmjs.org/string-natural-compare cache-miss
2747 http cache https://registry.npmjs.org/eslint-scope 150ms (cache hit)
2748 silly packumentCache full:https://registry.npmjs.org/eslint-scope set size:89295 disposed:false
2749 silly fetch manifest define-data-property@^1.1.4
2750 silly packumentCache full:https://registry.npmjs.org/define-data-property cache-miss
2751 http cache https://registry.npmjs.org/@eslint%2feslintrc 145ms (cache hit)
2752 silly packumentCache full:https://registry.npmjs.org/@eslint%2feslintrc set size:156464 disposed:false
2753 silly fetch manifest functions-have-names@^1.2.3
2754 silly packumentCache full:https://registry.npmjs.org/functions-have-names cache-miss
2755 http cache https://registry.npmjs.org/@nodelib%2ffs.walk 149ms (cache hit)
2756 silly packumentCache full:https://registry.npmjs.org/@nodelib%2ffs.walk set size:41589 disposed:false
2757 silly fetch manifest gopd@^1.0.1
2758 silly packumentCache full:https://registry.npmjs.org/gopd cache-miss
2759 http cache https://registry.npmjs.org/@eslint-community%2fregexpp 137ms (cache hit)
2760 silly packumentCache full:https://registry.npmjs.org/@eslint-community%2fregexpp set size:102941 disposed:false
2761 silly fetch manifest has-property-descriptors@^1.0.2
2762 silly packumentCache full:https://registry.npmjs.org/has-property-descriptors cache-miss
2763 http cache https://registry.npmjs.org/@humanwhocodes%2fconfig-array 123ms (cache hit)
2764 silly packumentCache full:https://registry.npmjs.org/@humanwhocodes%2fconfig-array set size:139493 disposed:false
2765 silly fetch manifest hasown@^2.0.2
2766 silly packumentCache full:https://registry.npmjs.org/hasown cache-miss
2767 http fetch GET 200 https://registry.npmjs.org/@ungap%2fstructured-clone 164ms (cache miss)
2768 silly packumentCache full:https://registry.npmjs.org/@ungap%2fstructured-clone set size:undefined disposed:false
2769 silly fetch manifest object-inspect@^1.13.2
2770 silly packumentCache full:https://registry.npmjs.org/object-inspect cache-miss
2771 http fetch GET 200 https://registry.npmjs.org/reselect 434ms (cache miss)
2772 silly packumentCache full:https://registry.npmjs.org/reselect set size:undefined disposed:false
2773 silly fetch manifest @ljharb/resumer@^0.1.3
2774 silly packumentCache full:https://registry.npmjs.org/@ljharb%2fresumer cache-miss
2775 http fetch GET 200 https://registry.npmjs.org/string-natural-compare 130ms (cache miss)
2776 silly packumentCache full:https://registry.npmjs.org/string-natural-compare set size:undefined disposed:false
2777 silly fetch manifest @ljharb/through@^2.3.13
2778 silly packumentCache full:https://registry.npmjs.org/@ljharb%2fthrough cache-miss
2779 http fetch GET 200 https://registry.npmjs.org/functions-have-names 117ms (cache miss)
2780 silly packumentCache full:https://registry.npmjs.org/functions-have-names set size:undefined disposed:false
2781 silly fetch manifest array.prototype.every@^1.1.6
2782 silly packumentCache full:https://registry.npmjs.org/array.prototype.every cache-miss
2783 http fetch GET 200 https://registry.npmjs.org/gopd 118ms (cache miss)
2784 silly packumentCache full:https://registry.npmjs.org/gopd set size:undefined disposed:false
2785 silly fetch manifest deep-equal@^2.2.3
2786 silly packumentCache full:https://registry.npmjs.org/deep-equal cache-miss
2787 http fetch GET 200 https://registry.npmjs.org/hasown 113ms (cache miss)
2788 silly packumentCache full:https://registry.npmjs.org/hasown set size:undefined disposed:false
2789 silly fetch manifest defined@^1.0.1
2790 silly packumentCache full:https://registry.npmjs.org/defined cache-miss
2791 http fetch GET 200 https://registry.npmjs.org/has-property-descriptors 132ms (cache miss)
2792 silly packumentCache full:https://registry.npmjs.org/has-property-descriptors set size:undefined disposed:false
2793 silly fetch manifest dotignore@^0.1.2
2794 silly packumentCache full:https://registry.npmjs.org/dotignore cache-miss
2795 http fetch GET 200 https://registry.npmjs.org/@humanwhocodes%2fmodule-importer 270ms (cache miss)
2796 silly packumentCache full:https://registry.npmjs.org/@humanwhocodes%2fmodule-importer set size:undefined disposed:false
2797 silly fetch manifest for-each@^0.3.3
2798 silly packumentCache full:https://registry.npmjs.org/for-each cache-miss
2799 http fetch GET 200 https://registry.npmjs.org/define-data-property 227ms (cache miss)
2800 silly packumentCache full:https://registry.npmjs.org/define-data-property set size:undefined disposed:false
2801 silly fetch manifest glob@^7.2.3
2802 silly packumentCache full:https://registry.npmjs.org/glob cache-hit
2803 silly fetch manifest has-dynamic-import@^2.1.0
2804 silly packumentCache full:https://registry.npmjs.org/has-dynamic-import cache-miss
2805 http fetch GET 200 https://registry.npmjs.org/node-environment-flags 1070ms (cache miss)
2806 silly packumentCache full:https://registry.npmjs.org/node-environment-flags set size:undefined disposed:false
2807 silly fetch manifest inherits@^2.0.4
2808 silly packumentCache full:https://registry.npmjs.org/inherits cache-miss
2809 http fetch GET 200 https://registry.npmjs.org/object-inspect 213ms (cache miss)
2810 silly packumentCache full:https://registry.npmjs.org/object-inspect set size:undefined disposed:false
2811 silly fetch manifest is-regex@^1.1.4
2812 silly packumentCache full:https://registry.npmjs.org/is-regex cache-miss
2813 http fetch GET 200 https://registry.npmjs.org/for-each 97ms (cache miss)
2814 silly packumentCache full:https://registry.npmjs.org/for-each set size:undefined disposed:false
2815 silly fetch manifest object.assign@^4.1.5
2816 silly packumentCache full:https://registry.npmjs.org/object.assign cache-miss
2817 http fetch GET 200 https://registry.npmjs.org/inherits 147ms (cache miss)
2818 silly packumentCache full:https://registry.npmjs.org/inherits set size:undefined disposed:false
2819 silly fetch manifest resolve@^2.0.0-next.5
2820 silly packumentCache full:https://registry.npmjs.org/resolve cache-miss
2821 http fetch GET 200 https://registry.npmjs.org/is-regex 135ms (cache miss)
2822 silly packumentCache full:https://registry.npmjs.org/is-regex set size:undefined disposed:false
2823 silly fetch manifest string.prototype.trim@^1.2.9
2824 silly packumentCache full:https://registry.npmjs.org/string.prototype.trim cache-miss
2825 http fetch GET 200 https://registry.npmjs.org/dotignore 250ms (cache miss)
2826 silly packumentCache full:https://registry.npmjs.org/dotignore set size:undefined disposed:false
2827 http cache https://registry.npmjs.org/resolve 29ms (cache hit)
2828 silly packumentCache full:https://registry.npmjs.org/resolve set size:243806 disposed:false
2829 http fetch GET 200 https://registry.npmjs.org/defined 296ms (cache miss)
2830 silly packumentCache full:https://registry.npmjs.org/defined set size:undefined disposed:false
2831 http fetch GET 200 https://registry.npmjs.org/object.assign 125ms (cache miss)
2832 silly packumentCache full:https://registry.npmjs.org/object.assign set size:undefined disposed:false
2833 http fetch GET 200 https://registry.npmjs.org/deep-equal 319ms (cache miss)
2834 silly packumentCache full:https://registry.npmjs.org/deep-equal set size:undefined disposed:false
2835 http fetch GET 200 https://registry.npmjs.org/string.prototype.trim 87ms (cache miss)
2836 silly packumentCache full:https://registry.npmjs.org/string.prototype.trim set size:undefined disposed:false
2837 http fetch GET 200 https://registry.npmjs.org/@ljharb%2fthrough 475ms (cache miss)
2838 silly packumentCache full:https://registry.npmjs.org/@ljharb%2fthrough set size:undefined disposed:false
2839 http fetch GET 200 https://registry.npmjs.org/array.prototype.every 1042ms (cache miss)
2840 silly packumentCache full:https://registry.npmjs.org/array.prototype.every set size:undefined disposed:false
2841 http fetch GET 200 https://registry.npmjs.org/has-dynamic-import 1000ms (cache miss)
2842 silly packumentCache full:https://registry.npmjs.org/has-dynamic-import set size:undefined disposed:false
2843 http fetch GET 200 https://registry.npmjs.org/@nicolo-ribaudo%2fchokidar-2 2125ms (cache miss)
2844 silly packumentCache full:https://registry.npmjs.org/@nicolo-ribaudo%2fchokidar-2 set size:undefined disposed:false
2845 http fetch GET 200 https://registry.npmjs.org/@ljharb%2fresumer 2092ms (cache miss)
2846 silly packumentCache full:https://registry.npmjs.org/@ljharb%2fresumer set size:undefined disposed:false
2847 silly fetch manifest @arethetypeswrong/cli@^0.17.3
2848 silly packumentCache full:https://registry.npmjs.org/@arethetypeswrong%2fcli cache-miss
2849 http fetch GET 200 https://registry.npmjs.org/@arethetypeswrong%2fcli 2062ms (cache miss)
2850 silly packumentCache full:https://registry.npmjs.org/@arethetypeswrong%2fcli set size:undefined disposed:false
2851 silly fetch manifest @ljharb/eslint-config@^21.1.1
2852 silly packumentCache full:https://registry.npmjs.org/@ljharb%2feslint-config cache-miss
2853 http fetch GET 200 https://registry.npmjs.org/@ljharb%2feslint-config 2092ms (cache miss)
2854 silly packumentCache full:https://registry.npmjs.org/@ljharb%2feslint-config set size:undefined disposed:false
2855 silly fetch manifest @ljharb/tsconfig@^0.2.3
2856 silly packumentCache full:https://registry.npmjs.org/@ljharb%2ftsconfig cache-miss
2857 http fetch GET 200 https://registry.npmjs.org/@ljharb%2ftsconfig 2220ms (cache miss)
2858 silly packumentCache full:https://registry.npmjs.org/@ljharb%2ftsconfig set size:undefined disposed:false
2859 silly fetch manifest @types/semver@^6.2.7
2860 silly packumentCache full:https://registry.npmjs.org/@types%2fsemver cache-miss
2861 http fetch GET 200 https://registry.npmjs.org/@types%2fsemver 153ms (cache miss)
2862 silly packumentCache full:https://registry.npmjs.org/@types%2fsemver set size:undefined disposed:false
2863 silly fetch manifest @types/tape@^5.8.1
2864 silly packumentCache full:https://registry.npmjs.org/@types%2ftape cache-miss
2865 http fetch GET 200 https://registry.npmjs.org/@types%2ftape 374ms (cache miss)
2866 silly packumentCache full:https://registry.npmjs.org/@types%2ftape set size:undefined disposed:false
2867 silly fetch manifest auto-changelog@^2.5.0
2868 silly packumentCache full:https://registry.npmjs.org/auto-changelog cache-miss
2869 http fetch GET 200 https://registry.npmjs.org/auto-changelog 1054ms (cache miss)
2870 silly packumentCache full:https://registry.npmjs.org/auto-changelog set size:undefined disposed:false
2871 silly fetch manifest eslint@=8.8.0
2872 silly packumentCache full:https://registry.npmjs.org/eslint cache-miss
2873 http cache https://registry.npmjs.org/eslint 33ms (cache hit)
2874 silly packumentCache full:https://registry.npmjs.org/eslint set size:1811205 disposed:false
2875 silly fetch manifest evalmd@^0.0.19
2876 silly packumentCache full:https://registry.npmjs.org/evalmd cache-miss
2877 http fetch GET 200 https://registry.npmjs.org/evalmd 1142ms (cache miss)
2878 silly packumentCache full:https://registry.npmjs.org/evalmd set size:undefined disposed:false
2879 silly fetch manifest in-publish@^2.0.1
2880 silly packumentCache full:https://registry.npmjs.org/in-publish cache-miss
2881 http fetch GET 200 https://registry.npmjs.org/in-publish 228ms (cache miss)
2882 silly packumentCache full:https://registry.npmjs.org/in-publish set size:undefined disposed:false
2883 silly fetch manifest npmignore@^0.3.1
2884 silly packumentCache full:https://registry.npmjs.org/npmignore cache-miss
2885 http fetch GET 200 https://registry.npmjs.org/npmignore 1000ms (cache miss)
2886 silly packumentCache full:https://registry.npmjs.org/npmignore set size:undefined disposed:false
2887 silly fetch manifest safe-publish-latest@^2.0.0
2888 silly packumentCache full:https://registry.npmjs.org/safe-publish-latest cache-miss
2889 http fetch GET 200 https://registry.npmjs.org/safe-publish-latest 1052ms (cache miss)
2890 silly packumentCache full:https://registry.npmjs.org/safe-publish-latest set size:undefined disposed:false
2891 silly fetch manifest typescript@next
2892 silly packumentCache full:https://registry.npmjs.org/typescript cache-miss
2893 http fetch GET 200 https://registry.npmjs.org/typescript 528ms (cache miss)
2894 silly packumentCache full:https://registry.npmjs.org/typescript set size:undefined disposed:false
2895 silly placeDep ROOT @arethetypeswrong/cli@0.17.4 OK for: async-function@1.0.0 want: ^0.17.3
2896 silly placeDep ROOT @ljharb/eslint-config@21.2.0 OK for: async-function@1.0.0 want: ^21.1.1
2897 silly placeDep ROOT @ljharb/tsconfig@0.2.3 OK for: async-function@1.0.0 want: ^0.2.3
2898 silly placeDep ROOT @types/semver@6.2.7 OK for: async-function@1.0.0 want: ^6.2.7
2899 silly placeDep ROOT @types/tape@5.8.1 OK for: async-function@1.0.0 want: ^5.8.1
2900 silly placeDep ROOT auto-changelog@2.5.0 OK for: async-function@1.0.0 want: ^2.5.0
2901 silly placeDep node_modules/.pnpm/async-function@1.0.0/node_modules/async-function eslint@8.8.0 OK for: async-function@1.0.0 want: =8.8.0
2902 silly placeDep ROOT evalmd@0.0.19 OK for: async-function@1.0.0 want: ^0.0.19
2903 silly placeDep ROOT in-publish@2.0.1 OK for: async-function@1.0.0 want: ^2.0.1
2904 silly placeDep ROOT npmignore@0.3.1 OK for: async-function@1.0.0 want: ^0.3.1
2905 silly placeDep node_modules/.pnpm/async-function@1.0.0/node_modules/async-function nyc@10.3.2 OK for: async-function@1.0.0 want: ^10.3.2
2906 silly placeDep ROOT safe-publish-latest@2.0.0 OK for: async-function@1.0.0 want: ^2.0.0
2907 silly placeDep node_modules/.pnpm/async-function@1.0.0/node_modules/async-function typescript@5.9.0-dev.20250717 OK for: async-function@1.0.0 want: next
2908 silly fetch manifest marked@^9.1.2
2909 silly packumentCache full:https://registry.npmjs.org/marked cache-miss
2910 silly fetch manifest semver@^7.5.4
2911 silly packumentCache full:https://registry.npmjs.org/semver cache-hit
2912 silly fetch manifest commander@^10.0.1
2913 silly packumentCache full:https://registry.npmjs.org/commander cache-hit
2914 silly fetch manifest cli-table3@^0.6.3
2915 silly packumentCache full:https://registry.npmjs.org/cli-table3 cache-miss
2916 silly fetch manifest marked-terminal@^7.1.0
2917 silly packumentCache full:https://registry.npmjs.org/marked-terminal cache-miss
2918 silly fetch manifest @arethetypeswrong/core@0.17.4
2919 silly packumentCache full:https://registry.npmjs.org/@arethetypeswrong%2fcore cache-miss
2920 silly fetch manifest eslint-scope@=7.1.0
2921 silly packumentCache full:https://registry.npmjs.org/eslint-scope cache-hit
2922 silly fetch manifest @types/node@*
2923 silly packumentCache full:https://registry.npmjs.org/@types%2fnode cache-miss
2924 silly fetch manifest @ljharb/through@*
2925 silly packumentCache full:https://registry.npmjs.org/@ljharb%2fthrough cache-miss
2926 silly fetch manifest commander@^7.2.0
2927 silly packumentCache full:https://registry.npmjs.org/commander cache-hit
2928 silly fetch manifest handlebars@^4.7.7
2929 silly packumentCache full:https://registry.npmjs.org/handlebars cache-miss
2930 silly fetch manifest import-cwd@^3.0.0
2931 silly packumentCache full:https://registry.npmjs.org/import-cwd cache-miss
2932 silly fetch manifest node-fetch@^2.6.1
2933 silly packumentCache full:https://registry.npmjs.org/node-fetch cache-miss
2934 silly fetch manifest parse-github-url@^1.0.3
2935 silly packumentCache full:https://registry.npmjs.org/parse-github-url cache-miss
2936 silly fetch manifest espree@^9.3.0
2937 silly packumentCache full:https://registry.npmjs.org/espree cache-hit
2938 silly fetch manifest regexpp@^3.2.0
2939 silly packumentCache full:https://registry.npmjs.org/regexpp cache-miss
2940 http cache https://registry.npmjs.org/node-fetch 41ms (cache hit)
2941 silly packumentCache full:https://registry.npmjs.org/node-fetch set size:896010 disposed:false
2942 silly fetch manifest glob-parent@^6.0.1
2943 silly packumentCache full:https://registry.npmjs.org/glob-parent cache-hit
2944 silly fetch manifest eslint-scope@^7.1.0
2945 silly packumentCache full:https://registry.npmjs.org/eslint-scope cache-hit
2946 silly fetch manifest eslint-utils@^3.0.0
2947 silly packumentCache full:https://registry.npmjs.org/eslint-utils cache-miss
2948 http cache https://registry.npmjs.org/@ljharb%2fthrough 80ms (cache hit)
2949 silly packumentCache full:https://registry.npmjs.org/@ljharb%2fthrough set size:19218 disposed:false
2950 silly fetch manifest @eslint/eslintrc@^1.0.5
2951 silly packumentCache full:https://registry.npmjs.org/@eslint%2feslintrc cache-hit
2952 silly fetch manifest eslint-visitor-keys@^3.2.0
2953 silly packumentCache full:https://registry.npmjs.org/eslint-visitor-keys cache-hit
2954 silly fetch manifest @humanwhocodes/config-array@^0.9.2
2955 silly packumentCache full:https://registry.npmjs.org/@humanwhocodes%2fconfig-array cache-hit
2956 silly fetch manifest acorn@^7.0.0
2957 silly packumentCache full:https://registry.npmjs.org/acorn cache-miss
2958 http cache https://registry.npmjs.org/marked 95ms (cache hit)
2959 silly packumentCache full:https://registry.npmjs.org/marked set size:662118 disposed:false
2960 silly fetch manifest bluebird@^2.9.34
2961 silly packumentCache full:https://registry.npmjs.org/bluebird cache-hit
2962 silly fetch manifest chalk@^1.1.0
2963 silly packumentCache full:https://registry.npmjs.org/chalk cache-hit
2964 silly fetch manifest es-lookup-scope@^1.0.1
2965 silly packumentCache full:https://registry.npmjs.org/es-lookup-scope cache-miss
2966 http cache https://registry.npmjs.org/regexpp 101ms (cache hit)
2967 silly packumentCache full:https://registry.npmjs.org/regexpp set size:46712 disposed:false
2968 silly fetch manifest estraverse@^4.3.0
2969 silly packumentCache full:https://registry.npmjs.org/estraverse cache-miss
2970 http cache https://registry.npmjs.org/@types%2fnode 188ms (cache hit)
2971 silly packumentCache full:https://registry.npmjs.org/@types%2fnode set size:10434236 disposed:false
2972 silly fetch manifest fs-extra@github:reggi/node-fs-extra#enhanced
2973 http cache https://registry.npmjs.org/eslint-utils 513ms (cache hit)
2974 silly packumentCache full:https://registry.npmjs.org/eslint-utils set size:45146 disposed:false
2975 silly fetch manifest lodash@^4.17.15
2976 silly packumentCache full:https://registry.npmjs.org/lodash cache-hit
2977 silly fetch manifest markdown-it@github:markdown-it/markdown-it#255d62d39122694872ddce840e2141379ac3deca
2978 http fetch GET 200 https://registry.npmjs.org/cli-table3 601ms (cache miss)
2979 silly packumentCache full:https://registry.npmjs.org/cli-table3 set size:undefined disposed:false
2980 silly fetch manifest os-tmpdir@^1.0.1
2981 silly packumentCache full:https://registry.npmjs.org/os-tmpdir cache-miss
2982 http cache https://registry.npmjs.org/acorn 517ms (cache hit)
2983 silly packumentCache full:https://registry.npmjs.org/acorn set size:377362 disposed:false
2984 silly fetch manifest underscore.string@^3.1.1
2985 silly packumentCache full:https://registry.npmjs.org/underscore.string cache-miss
2986 http fetch GET 200 https://registry.npmjs.org/marked-terminal 625ms (cache miss)
2987 silly packumentCache full:https://registry.npmjs.org/marked-terminal set size:undefined disposed:false
2988 silly fetch manifest yargs@^3.19.0
2989 silly packumentCache full:https://registry.npmjs.org/yargs cache-hit
2990 silly fetch manifest yargs@^17.2.1
2991 silly packumentCache full:https://registry.npmjs.org/yargs cache-hit
2992 http fetch GET 200 https://registry.npmjs.org/import-cwd 679ms (cache miss)
2993 silly packumentCache full:https://registry.npmjs.org/import-cwd set size:undefined disposed:false
2994 http fetch GET 200 https://registry.npmjs.org/parse-github-url 684ms (cache miss)
2995 silly packumentCache full:https://registry.npmjs.org/parse-github-url set size:undefined disposed:false
2996 http fetch GET 200 https://registry.npmjs.org/estraverse 578ms (cache miss)
2997 silly packumentCache full:https://registry.npmjs.org/estraverse set size:undefined disposed:false
2998 http fetch GET 200 https://registry.npmjs.org/handlebars 701ms (cache miss)
2999 silly packumentCache full:https://registry.npmjs.org/handlebars set size:undefined disposed:false
3000 http fetch GET 200 https://registry.npmjs.org/os-tmpdir 142ms (cache miss)
3001 silly packumentCache full:https://registry.npmjs.org/os-tmpdir set size:undefined disposed:false
3002 http fetch GET 200 https://registry.npmjs.org/underscore.string 262ms (cache miss)
3003 silly packumentCache full:https://registry.npmjs.org/underscore.string set size:undefined disposed:false
3004 http fetch GET 200 https://registry.npmjs.org/es-lookup-scope 1022ms (cache miss)
3005 silly packumentCache full:https://registry.npmjs.org/es-lookup-scope set size:undefined disposed:false
3006 http fetch GET 200 https://registry.npmjs.org/@arethetypeswrong%2fcore 2349ms (cache miss)
3007 silly packumentCache full:https://registry.npmjs.org/@arethetypeswrong%2fcore set size:undefined disposed:false
3008 http fetch GET 200 https://codeload.github.com/markdown-it/markdown-it/tar.gz/255d62d39122694872ddce840e2141379ac3deca 2007ms (cache miss)
3009 silly packumentCache heap:2197815296 maxSize:549453824 maxEntrySize:274726912
3010 silly fetch manifest browserify@^13.0.0
3011 silly packumentCache full:https://registry.npmjs.org/browserify cache-miss
3012 http fetch GET 200 https://registry.npmjs.org/browserify 151ms (cache miss)
3013 silly packumentCache full:https://registry.npmjs.org/browserify set size:undefined disposed:false
3014 silly fetch manifest browserify-istanbul@^2.0.0
3015 silly packumentCache full:https://registry.npmjs.org/browserify-istanbul cache-miss
3016 http fetch GET 200 https://registry.npmjs.org/browserify-istanbul 1046ms (cache miss)
3017 silly packumentCache full:https://registry.npmjs.org/browserify-istanbul set size:undefined disposed:false
3018 silly fetch manifest coveralls@^2.11.9
3019 silly packumentCache full:https://registry.npmjs.org/coveralls cache-miss
3020 http fetch GET 200 https://registry.npmjs.org/coveralls 228ms (cache miss)
3021 silly packumentCache full:https://registry.npmjs.org/coveralls set size:undefined disposed:false
3022 silly fetch manifest eslint@^2.9.0
3023 silly packumentCache full:https://registry.npmjs.org/eslint cache-miss
3024 http cache https://registry.npmjs.org/eslint 17ms (cache hit)
3025 silly packumentCache full:https://registry.npmjs.org/eslint set size:1811205 disposed:false
3026 silly fetch manifest istanbul@^0.4.3
3027 silly packumentCache full:https://registry.npmjs.org/istanbul cache-miss
3028 http fetch GET 200 https://registry.npmjs.org/istanbul 146ms (cache miss)
3029 silly packumentCache full:https://registry.npmjs.org/istanbul set size:undefined disposed:false
3030 silly fetch manifest obake@^0.1.2
3031 silly packumentCache full:https://registry.npmjs.org/obake cache-miss
3032 http fetch GET 200 https://registry.npmjs.org/obake 1050ms (cache miss)
3033 silly packumentCache full:https://registry.npmjs.org/obake set size:undefined disposed:false
3034 silly fetch manifest phantomjs-prebuilt@^2.1.7
3035 silly packumentCache full:https://registry.npmjs.org/phantomjs-prebuilt cache-miss
3036 http fetch GET 200 https://registry.npmjs.org/phantomjs-prebuilt 242ms (cache miss)
3037 silly packumentCache full:https://registry.npmjs.org/phantomjs-prebuilt set size:undefined disposed:false
3038 silly fetch manifest pre-commit@^1.1.3
3039 silly packumentCache full:https://registry.npmjs.org/pre-commit cache-miss
3040 http fetch GET 200 https://registry.npmjs.org/pre-commit 1027ms (cache miss)
3041 silly packumentCache full:https://registry.npmjs.org/pre-commit set size:undefined disposed:false
3042 silly fetch manifest reamde@^1.1.0
3043 silly packumentCache full:https://registry.npmjs.org/reamde cache-miss
3044 http fetch GET 200 https://registry.npmjs.org/reamde 1002ms (cache miss)
3045 silly packumentCache full:https://registry.npmjs.org/reamde set size:undefined disposed:false
3046 silly fetch manifest rimraf@^2.5.2
3047 silly packumentCache full:https://registry.npmjs.org/rimraf cache-hit
3048 silly fetch manifest size-table@^0.2.0
3049 silly packumentCache full:https://registry.npmjs.org/size-table cache-miss
3050 http fetch GET 200 https://registry.npmjs.org/size-table 1049ms (cache miss)
3051 silly packumentCache full:https://registry.npmjs.org/size-table set size:undefined disposed:false
3052 silly fetch manifest tap-spec@^4.1.1
3053 silly packumentCache full:https://registry.npmjs.org/tap-spec cache-miss
3054 http fetch GET 200 https://registry.npmjs.org/tap-spec 1062ms (cache miss)
3055 silly packumentCache full:https://registry.npmjs.org/tap-spec set size:undefined disposed:false
3056 silly fetch manifest tape@^4.5.1
3057 silly packumentCache full:https://registry.npmjs.org/tape cache-miss
3058 http cache https://registry.npmjs.org/tape 13ms (cache hit)
3059 silly packumentCache full:https://registry.npmjs.org/tape set size:412460 disposed:false
3060 silly placeDep ROOT browserify@13.3.0 OK for: asynckit@0.4.0 want: ^13.0.0
3061 silly placeDep ROOT browserify-istanbul@2.0.0 OK for: asynckit@0.4.0 want: ^2.0.0
3062 silly placeDep ROOT coveralls@2.13.3 OK for: asynckit@0.4.0 want: ^2.11.9
3063 silly placeDep node_modules/.pnpm/asynckit@0.4.0/node_modules/asynckit eslint@2.13.1 OK for: asynckit@0.4.0 want: ^2.9.0
3064 silly placeDep ROOT istanbul@0.4.5 OK for: asynckit@0.4.0 want: ^0.4.3
3065 silly placeDep ROOT obake@0.1.2 OK for: asynckit@0.4.0 want: ^0.1.2
3066 silly placeDep ROOT phantomjs-prebuilt@2.1.16 OK for: asynckit@0.4.0 want: ^2.1.7
3067 silly placeDep ROOT pre-commit@1.2.2 OK for: asynckit@0.4.0 want: ^1.1.3
3068 silly placeDep ROOT reamde@1.1.0 OK for: asynckit@0.4.0 want: ^1.1.0
3069 silly placeDep node_modules/.pnpm/asynckit@0.4.0/node_modules/asynckit rimraf@2.7.1 OK for: asynckit@0.4.0 want: ^2.5.2
3070 silly placeDep ROOT size-table@0.2.0 OK for: asynckit@0.4.0 want: ^0.2.0
3071 silly placeDep ROOT tap-spec@4.1.2 OK for: asynckit@0.4.0 want: ^4.1.1
3072 silly placeDep node_modules/.pnpm/asynckit@0.4.0/node_modules/asynckit tape@4.17.0 OK for: asynckit@0.4.0 want: ^4.5.1
3073 silly fetch manifest has@^1.0.0
3074 silly packumentCache full:https://registry.npmjs.org/has cache-miss
3075 silly fetch manifest url@~0.11.0
3076 silly packumentCache full:https://registry.npmjs.org/url cache-miss
3077 silly fetch manifest glob@^7.1.0
3078 silly packumentCache full:https://registry.npmjs.org/glob cache-hit
3079 silly fetch manifest util@~0.10.1
3080 silly packumentCache full:https://registry.npmjs.org/util cache-miss
3081 silly fetch manifest xtend@^4.0.0
3082 silly packumentCache full:https://registry.npmjs.org/xtend cache-miss
3083 silly fetch manifest assert@^1.4.0
3084 silly packumentCache full:https://registry.npmjs.org/assert cache-miss
3085 silly fetch manifest buffer@^4.1.0
3086 silly packumentCache full:https://registry.npmjs.org/buffer cache-miss
3087 silly fetch manifest events@~1.1.0
3088 silly packumentCache full:https://registry.npmjs.org/events cache-miss
3089 silly fetch manifest shasum@^1.0.0
3090 silly packumentCache full:https://registry.npmjs.org/shasum cache-miss
3091 silly fetch manifest subarg@^1.0.0
3092 silly packumentCache full:https://registry.npmjs.org/subarg cache-miss
3093 silly fetch manifest defined@^1.0.0
3094 silly packumentCache full:https://registry.npmjs.org/defined cache-miss
3095 silly fetch manifest parents@^1.0.1
3096 silly packumentCache full:https://registry.npmjs.org/parents cache-miss
3097 http cache https://registry.npmjs.org/defined 31ms (cache hit)
3098 silly packumentCache full:https://registry.npmjs.org/defined set size:9350 disposed:false
3099 silly fetch manifest process@~0.11.0
3100 silly packumentCache full:https://registry.npmjs.org/process cache-miss
3101 http fetch GET 200 https://registry.npmjs.org/xtend 103ms (cache miss)
3102 silly packumentCache full:https://registry.npmjs.org/xtend set size:undefined disposed:false
3103 silly fetch manifest resolve@^1.1.4
3104 silly packumentCache full:https://registry.npmjs.org/resolve cache-hit
3105 silly fetch manifest inherits@~2.0.1
3106 silly packumentCache full:https://registry.npmjs.org/inherits cache-miss
3107 http fetch GET 200 https://registry.npmjs.org/events 106ms (cache miss)
3108 silly packumentCache full:https://registry.npmjs.org/events set size:undefined disposed:false
3109 silly fetch manifest punycode@^1.3.2
3110 silly packumentCache full:https://registry.npmjs.org/punycode cache-miss
3111 http fetch GET 200 https://registry.npmjs.org/buffer 126ms (cache miss)
3112 silly packumentCache full:https://registry.npmjs.org/buffer set size:undefined disposed:false
3113 silly fetch manifest through2@^2.0.0
3114 silly packumentCache full:https://registry.npmjs.org/through2 cache-miss
3115 http cache https://registry.npmjs.org/inherits 40ms (cache hit)
3116 silly packumentCache full:https://registry.npmjs.org/inherits set size:12925 disposed:false
3117 silly fetch manifest deps-sort@^2.0.0
3118 silly packumentCache full:https://registry.npmjs.org/deps-sort cache-miss
3119 http fetch GET 200 https://registry.npmjs.org/url 154ms (cache miss)
3120 silly packumentCache full:https://registry.npmjs.org/url set size:undefined disposed:false
3121 silly fetch manifest duplexer2@~0.1.2
3122 silly packumentCache full:https://registry.npmjs.org/duplexer2 cache-miss
3123 http fetch GET 200 https://registry.npmjs.org/assert 155ms (cache miss)
3124 silly packumentCache full:https://registry.npmjs.org/assert set size:undefined disposed:false
3125 silly fetch manifest JSONStream@^1.0.3
3126 silly packumentCache full:https://registry.npmjs.org/JSONStream cache-miss
3127 http fetch GET 200 https://registry.npmjs.org/process 140ms (cache miss)
3128 silly packumentCache full:https://registry.npmjs.org/process set size:undefined disposed:false
3129 silly fetch manifest htmlescape@^1.1.0
3130 silly packumentCache full:https://registry.npmjs.org/htmlescape cache-miss
3131 http cache https://registry.npmjs.org/JSONStream 84ms (cache hit)
3132 silly packumentCache full:https://registry.npmjs.org/JSONStream set size:93420 disposed:false
3133 silly fetch manifest module-deps@^4.0.8
3134 silly packumentCache full:https://registry.npmjs.org/module-deps cache-miss
3135 http fetch GET 200 https://registry.npmjs.org/parents 250ms (cache miss)
3136 silly packumentCache full:https://registry.npmjs.org/parents set size:undefined disposed:false
3137 silly fetch manifest stream-http@^2.0.0
3138 silly packumentCache full:https://registry.npmjs.org/stream-http cache-miss
3139 http fetch GET 200 https://registry.npmjs.org/has 265ms (cache miss)
3140 silly packumentCache full:https://registry.npmjs.org/has set size:undefined disposed:false
3141 silly fetch manifest browser-pack@^6.0.1
3142 silly packumentCache full:https://registry.npmjs.org/browser-pack cache-miss
3143 http fetch GET 200 https://registry.npmjs.org/shasum 264ms (cache miss)
3144 silly packumentCache full:https://registry.npmjs.org/shasum set size:undefined disposed:false
3145 silly fetch manifest syntax-error@^1.1.1
3146 silly packumentCache full:https://registry.npmjs.org/syntax-error cache-miss
3147 http fetch GET 200 https://registry.npmjs.org/punycode 156ms (cache miss)
3148 silly packumentCache full:https://registry.npmjs.org/punycode set size:undefined disposed:false
3149 silly fetch manifest concat-stream@~1.5.1
3150 silly packumentCache full:https://registry.npmjs.org/concat-stream cache-miss
3151 http fetch GET 200 https://registry.npmjs.org/util 273ms (cache miss)
3152 silly packumentCache full:https://registry.npmjs.org/util set size:undefined disposed:false
3153 silly fetch manifest os-browserify@~0.1.1
3154 silly packumentCache full:https://registry.npmjs.org/os-browserify cache-miss
3155 http fetch GET 200 https://registry.npmjs.org/through2 154ms (cache miss)
3156 silly packumentCache full:https://registry.npmjs.org/through2 set size:undefined disposed:false
3157 silly fetch manifest vm-browserify@~0.0.1
3158 silly packumentCache full:https://registry.npmjs.org/vm-browserify cache-miss
3159 http fetch GET 200 https://registry.npmjs.org/duplexer2 152ms (cache miss)
3160 silly packumentCache full:https://registry.npmjs.org/duplexer2 set size:undefined disposed:false
3161 silly fetch manifest domain-browser@~1.1.0
3162 silly packumentCache full:https://registry.npmjs.org/domain-browser cache-miss
3163 http fetch GET 200 https://registry.npmjs.org/htmlescape 138ms (cache miss)
3164 silly packumentCache full:https://registry.npmjs.org/htmlescape set size:undefined disposed:false
3165 silly fetch manifest string_decoder@~0.10.0
3166 silly packumentCache full:https://registry.npmjs.org/string_decoder cache-miss
3167 http fetch GET 200 https://registry.npmjs.org/deps-sort 251ms (cache miss)
3168 silly packumentCache full:https://registry.npmjs.org/deps-sort set size:undefined disposed:false
3169 silly fetch manifest tty-browserify@~0.0.0
3170 silly packumentCache full:https://registry.npmjs.org/tty-browserify cache-miss
3171 http fetch GET 200 https://registry.npmjs.org/string_decoder 101ms (cache miss)
3172 silly packumentCache full:https://registry.npmjs.org/string_decoder set size:undefined disposed:false
3173 silly fetch manifest browser-resolve@^1.11.0
3174 silly packumentCache full:https://registry.npmjs.org/browser-resolve cache-miss
3175 http fetch GET 200 https://registry.npmjs.org/domain-browser 155ms (cache miss)
3176 silly packumentCache full:https://registry.npmjs.org/domain-browser set size:undefined disposed:false
3177 silly fetch manifest browserify-zlib@~0.1.2
3178 silly packumentCache full:https://registry.npmjs.org/browserify-zlib cache-miss
3179 http fetch GET 200 https://registry.npmjs.org/module-deps 262ms (cache miss)
3180 silly packumentCache full:https://registry.npmjs.org/module-deps set size:undefined disposed:false
3181 silly fetch manifest path-browserify@~0.0.0
3182 silly packumentCache full:https://registry.npmjs.org/path-browserify cache-miss
3183 http fetch GET 200 https://registry.npmjs.org/syntax-error 265ms (cache miss)
3184 silly packumentCache full:https://registry.npmjs.org/syntax-error set size:undefined disposed:false
3185 silly fetch manifest querystring-es3@~0.2.0
3186 silly packumentCache full:https://registry.npmjs.org/querystring-es3 cache-miss
3187 http fetch GET 200 https://registry.npmjs.org/os-browserify 266ms (cache miss)
3188 silly packumentCache full:https://registry.npmjs.org/os-browserify set size:undefined disposed:false
3189 silly fetch manifest readable-stream@^2.0.2
3190 silly packumentCache full:https://registry.npmjs.org/readable-stream cache-miss
3191 http fetch GET 200 https://registry.npmjs.org/concat-stream 278ms (cache miss)
3192 silly packumentCache full:https://registry.npmjs.org/concat-stream set size:undefined disposed:false
3193 silly fetch manifest https-browserify@~0.0.0
3194 silly packumentCache full:https://registry.npmjs.org/https-browserify cache-miss
3195 http fetch GET 200 https://registry.npmjs.org/stream-http 308ms (cache miss)
3196 silly packumentCache full:https://registry.npmjs.org/stream-http set size:undefined disposed:false
3197 silly fetch manifest read-only-stream@^2.0.0
3198 silly packumentCache full:https://registry.npmjs.org/read-only-stream cache-miss
3199 http fetch GET 200 https://registry.npmjs.org/browser-pack 308ms (cache miss)
3200 silly packumentCache full:https://registry.npmjs.org/browser-pack set size:undefined disposed:false
3201 silly fetch manifest crypto-browserify@^3.0.0
3202 silly packumentCache full:https://registry.npmjs.org/crypto-browserify cache-miss
3203 http fetch GET 200 https://registry.npmjs.org/vm-browserify 295ms (cache miss)
3204 silly packumentCache full:https://registry.npmjs.org/vm-browserify set size:undefined disposed:false
3205 silly fetch manifest stream-browserify@^2.0.0
3206 silly packumentCache full:https://registry.npmjs.org/stream-browserify cache-miss
3207 http fetch GET 200 https://registry.npmjs.org/browser-resolve 178ms (cache miss)
3208 silly packumentCache full:https://registry.npmjs.org/browser-resolve set size:undefined disposed:false
3209 silly fetch manifest timers-browserify@^1.0.1
3210 silly packumentCache full:https://registry.npmjs.org/timers-browserify cache-miss
3211 http fetch GET 200 https://registry.npmjs.org/path-browserify 104ms (cache miss)
3212 silly packumentCache full:https://registry.npmjs.org/path-browserify set size:undefined disposed:false
3213 silly fetch manifest console-browserify@^1.1.0
3214 silly packumentCache full:https://registry.npmjs.org/console-browserify cache-miss
3215 http fetch GET 200 https://registry.npmjs.org/browserify-zlib 137ms (cache miss)
3216 silly packumentCache full:https://registry.npmjs.org/browserify-zlib set size:undefined disposed:false
3217 silly fetch manifest cached-path-relative@^1.0.0
3218 silly packumentCache full:https://registry.npmjs.org/cached-path-relative cache-miss
3219 http fetch GET 200 https://registry.npmjs.org/tty-browserify 250ms (cache miss)
3220 silly packumentCache full:https://registry.npmjs.org/tty-browserify set size:undefined disposed:false
3221 silly fetch manifest constants-browserify@~1.0.0
3222 silly packumentCache full:https://registry.npmjs.org/constants-browserify cache-miss
3223 http fetch GET 200 https://registry.npmjs.org/readable-stream 130ms (cache miss)
3224 silly packumentCache full:https://registry.npmjs.org/readable-stream set size:undefined disposed:false
3225 silly fetch manifest insert-module-globals@^7.0.0
3226 silly packumentCache full:https://registry.npmjs.org/insert-module-globals cache-miss
3227 http fetch GET 200 https://registry.npmjs.org/timers-browserify 191ms (cache miss)
3228 silly packumentCache full:https://registry.npmjs.org/timers-browserify set size:undefined disposed:false
3229 silly fetch manifest labeled-stream-splicer@^2.0.0
3230 silly packumentCache full:https://registry.npmjs.org/labeled-stream-splicer cache-miss
3231 http fetch GET 200 https://registry.npmjs.org/cached-path-relative 179ms (cache miss)
3232 silly packumentCache full:https://registry.npmjs.org/cached-path-relative set size:undefined disposed:false
3233 silly fetch manifest minimatch@^3.0.0
3234 silly packumentCache full:https://registry.npmjs.org/minimatch cache-hit
3235 silly fetch manifest through@^2.3.8
3236 silly packumentCache full:https://registry.npmjs.org/through cache-miss
3237 http fetch GET 200 https://registry.npmjs.org/https-browserify 276ms (cache miss)
3238 silly packumentCache full:https://registry.npmjs.org/https-browserify set size:undefined disposed:false
3239 silly fetch manifest js-yaml@3.6.1
3240 silly packumentCache full:https://registry.npmjs.org/js-yaml cache-hit
3241 silly fetch manifest lcov-parse@0.0.10
3242 silly packumentCache full:https://registry.npmjs.org/lcov-parse cache-miss
3243 http fetch GET 200 https://registry.npmjs.org/querystring-es3 303ms (cache miss)
3244 silly packumentCache full:https://registry.npmjs.org/querystring-es3 set size:undefined disposed:false
3245 silly fetch manifest log-driver@1.2.5
3246 silly packumentCache full:https://registry.npmjs.org/log-driver cache-miss
3247 http fetch GET 200 https://registry.npmjs.org/stream-browserify 258ms (cache miss)
3248 silly packumentCache full:https://registry.npmjs.org/stream-browserify set size:undefined disposed:false
3249 silly fetch manifest minimist@1.2.0
3250 silly packumentCache full:https://registry.npmjs.org/minimist cache-hit
3251 silly fetch manifest request@2.79.0
3252 silly packumentCache full:https://registry.npmjs.org/request cache-miss
3253 http fetch GET 200 https://registry.npmjs.org/crypto-browserify 282ms (cache miss)
3254 silly packumentCache full:https://registry.npmjs.org/crypto-browserify set size:undefined disposed:false
3255 silly fetch manifest levn@^0.3.0
3256 silly packumentCache full:https://registry.npmjs.org/levn cache-miss
3257 http fetch GET 200 https://registry.npmjs.org/read-only-stream 294ms (cache miss)
3258 silly packumentCache full:https://registry.npmjs.org/read-only-stream set size:undefined disposed:false
3259 silly fetch manifest chalk@^1.1.3
3260 silly packumentCache full:https://registry.npmjs.org/chalk cache-hit
3261 silly fetch manifest debug@^2.1.1
3262 silly packumentCache full:https://registry.npmjs.org/debug cache-hit
3263 silly fetch manifest table@^3.7.8
3264 silly packumentCache full:https://registry.npmjs.org/table cache-miss
3265 http fetch GET 200 https://registry.npmjs.org/console-browserify 349ms (cache miss)
3266 silly packumentCache full:https://registry.npmjs.org/console-browserify set size:undefined disposed:false
3267 silly fetch manifest escope@^3.6.0
3268 silly packumentCache full:https://registry.npmjs.org/escope cache-miss
3269 http cache https://registry.npmjs.org/levn 126ms (cache hit)
3270 silly packumentCache full:https://registry.npmjs.org/levn set size:28223 disposed:false
3271 silly fetch manifest espree@^3.1.6
3272 silly packumentCache full:https://registry.npmjs.org/espree cache-hit
3273 silly fetch manifest ignore@^3.1.2
3274 silly packumentCache full:https://registry.npmjs.org/ignore cache-hit
3275 silly fetch manifest es6-map@^0.1.3
3276 silly packumentCache full:https://registry.npmjs.org/es6-map cache-miss
3277 http cache https://registry.npmjs.org/table 149ms (cache hit)
3278 silly packumentCache full:https://registry.npmjs.org/table set size:296407 disposed:false
3279 silly fetch manifest globals@^9.2.0
3280 silly packumentCache full:https://registry.npmjs.org/globals cache-hit
3281 silly fetch manifest js-yaml@^3.5.1
3282 silly packumentCache full:https://registry.npmjs.org/js-yaml cache-hit
3283 silly fetch manifest shelljs@^0.6.0
3284 silly packumentCache full:https://registry.npmjs.org/shelljs cache-miss
3285 http fetch GET 200 https://registry.npmjs.org/through 357ms (cache miss)
3286 silly packumentCache full:https://registry.npmjs.org/through set size:undefined disposed:false
3287 silly fetch manifest doctrine@^1.2.2
3288 silly packumentCache full:https://registry.npmjs.org/doctrine cache-miss
3289 http fetch GET 200 https://registry.npmjs.org/constants-browserify 526ms (cache miss)
3290 silly packumentCache full:https://registry.npmjs.org/constants-browserify set size:undefined disposed:false
3291 silly fetch manifest inquirer@^0.12.0
3292 silly packumentCache full:https://registry.npmjs.org/inquirer cache-miss
3293 http fetch GET 200 https://registry.npmjs.org/labeled-stream-splicer 386ms (cache miss)
3294 silly packumentCache full:https://registry.npmjs.org/labeled-stream-splicer set size:undefined disposed:false
3295 silly fetch manifest progress@^1.1.8
3296 silly packumentCache full:https://registry.npmjs.org/progress cache-miss
3297 http fetch GET 200 https://registry.npmjs.org/insert-module-globals 523ms (cache miss)
3298 silly packumentCache full:https://registry.npmjs.org/insert-module-globals set size:undefined disposed:false
3299 silly fetch manifest pluralize@^1.2.1
3300 silly packumentCache full:https://registry.npmjs.org/pluralize cache-miss
3301 http fetch GET 200 https://registry.npmjs.org/lcov-parse 389ms (cache miss)
3302 silly packumentCache full:https://registry.npmjs.org/lcov-parse set size:undefined disposed:false
3303 silly fetch manifest user-home@^2.0.0
3304 silly packumentCache full:https://registry.npmjs.org/user-home cache-miss
3305 http fetch GET 200 https://registry.npmjs.org/subarg 1229ms (cache miss)
3306 silly packumentCache full:https://registry.npmjs.org/subarg set size:undefined disposed:false
3307 silly fetch manifest estraverse@^4.2.0
3308 silly packumentCache full:https://registry.npmjs.org/estraverse cache-miss
3309 http fetch GET 200 https://registry.npmjs.org/log-driver 483ms (cache miss)
3310 silly packumentCache full:https://registry.npmjs.org/log-driver set size:undefined disposed:false
3311 silly fetch manifest optionator@^0.8.1
3312 silly packumentCache full:https://registry.npmjs.org/optionator cache-hit
3313 silly fetch manifest text-table@~0.2.0
3314 silly packumentCache full:https://registry.npmjs.org/text-table cache-miss
3315 http cache https://registry.npmjs.org/doctrine 197ms (cache hit)
3316 silly packumentCache full:https://registry.npmjs.org/doctrine set size:64052 disposed:false
3317 silly fetch manifest concat-stream@^1.4.6
3318 silly packumentCache full:https://registry.npmjs.org/concat-stream cache-miss
3319 http cache https://registry.npmjs.org/progress 198ms (cache hit)
3320 silly packumentCache full:https://registry.npmjs.org/progress set size:34179 disposed:false
3321 silly fetch manifest is-resolvable@^1.0.0
3322 silly packumentCache full:https://registry.npmjs.org/is-resolvable cache-miss
3323 http fetch GET 200 https://registry.npmjs.org/request 574ms (cache miss)
3324 silly packumentCache full:https://registry.npmjs.org/request set size:undefined disposed:false
3325 silly fetch manifest path-is-inside@^1.0.1
3326 silly packumentCache full:https://registry.npmjs.org/path-is-inside cache-miss
3327 http cache https://registry.npmjs.org/estraverse 209ms (cache hit)
3328 silly packumentCache full:https://registry.npmjs.org/estraverse set size:62412 disposed:false
3329 silly fetch manifest file-entry-cache@^1.1.1
3330 silly packumentCache full:https://registry.npmjs.org/file-entry-cache cache-miss
3331 http fetch GET 200 https://registry.npmjs.org/es6-map 440ms (cache miss)
3332 silly packumentCache full:https://registry.npmjs.org/es6-map set size:undefined disposed:false
3333 silly fetch manifest is-my-json-valid@^2.10.0
3334 silly packumentCache full:https://registry.npmjs.org/is-my-json-valid cache-miss
3335 http fetch GET 200 https://registry.npmjs.org/escope 491ms (cache miss)
3336 silly packumentCache full:https://registry.npmjs.org/escope set size:undefined disposed:false
3337 silly fetch manifest path-is-absolute@^1.0.0
3338 silly packumentCache full:https://registry.npmjs.org/path-is-absolute cache-miss
3339 http cache https://registry.npmjs.org/text-table 143ms (cache hit)
3340 silly packumentCache full:https://registry.npmjs.org/text-table set size:20701 disposed:false
3341 silly fetch manifest require-uncached@^1.0.2
3342 silly packumentCache full:https://registry.npmjs.org/require-uncached cache-miss
3343 http fetch GET 200 https://registry.npmjs.org/shelljs 447ms (cache miss)
3344 silly packumentCache full:https://registry.npmjs.org/shelljs set size:undefined disposed:false
3345 silly fetch manifest strip-json-comments@~1.0.1
3346 silly packumentCache full:https://registry.npmjs.org/strip-json-comments cache-hit
3347 silly fetch manifest json-stable-stringify@^1.0.0
3348 silly packumentCache full:https://registry.npmjs.org/json-stable-stringify cache-miss
3349 http cache https://registry.npmjs.org/concat-stream 128ms (cache hit)
3350 silly packumentCache full:https://registry.npmjs.org/concat-stream set size:63783 disposed:false
3351 silly fetch manifest glob@^5.0.15
3352 silly packumentCache full:https://registry.npmjs.org/glob cache-hit
3353 silly fetch manifest nopt@3.x
3354 silly packumentCache full:https://registry.npmjs.org/nopt cache-miss
3355 http cache https://registry.npmjs.org/path-is-inside 121ms (cache hit)
3356 silly packumentCache full:https://registry.npmjs.org/path-is-inside set size:6732 disposed:false
3357 silly fetch manifest once@1.x
3358 silly packumentCache full:https://registry.npmjs.org/once cache-miss
3359 http fetch GET 200 https://registry.npmjs.org/pluralize 356ms (cache miss)
3360 silly packumentCache full:https://registry.npmjs.org/pluralize set size:undefined disposed:false
3361 silly fetch manifest async@1.x
3362 silly packumentCache full:https://registry.npmjs.org/async cache-miss
3363 http fetch GET 200 https://registry.npmjs.org/user-home 348ms (cache miss)
3364 silly packumentCache full:https://registry.npmjs.org/user-home set size:undefined disposed:false
3365 silly fetch manifest which@^1.1.1
3366 silly packumentCache full:https://registry.npmjs.org/which cache-hit
3367 silly fetch manifest abbrev@1.0.x
3368 silly packumentCache full:https://registry.npmjs.org/abbrev cache-miss
3369 http cache https://registry.npmjs.org/file-entry-cache 135ms (cache hit)
3370 silly packumentCache full:https://registry.npmjs.org/file-entry-cache set size:107998 disposed:false
3371 silly fetch manifest mkdirp@0.5.x
3372 silly packumentCache full:https://registry.npmjs.org/mkdirp cache-hit
3373 silly fetch manifest esprima@2.7.x
3374 silly packumentCache full:https://registry.npmjs.org/esprima cache-miss
3375 http cache https://registry.npmjs.org/json-stable-stringify 117ms (cache hit)
3376 silly packumentCache full:https://registry.npmjs.org/json-stable-stringify set size:37295 disposed:false
3377 silly fetch manifest js-yaml@3.x
3378 silly packumentCache full:https://registry.npmjs.org/js-yaml cache-hit
3379 silly fetch manifest resolve@1.1.x
3380 silly packumentCache full:https://registry.npmjs.org/resolve cache-hit
3381 silly fetch manifest wordwrap@^1.0.0
3382 silly packumentCache full:https://registry.npmjs.org/wordwrap cache-miss
3383 http fetch GET 200 https://registry.npmjs.org/is-resolvable 222ms (cache miss)
3384 silly packumentCache full:https://registry.npmjs.org/is-resolvable set size:undefined disposed:false
3385 silly fetch manifest escodegen@1.8.x
3386 silly packumentCache full:https://registry.npmjs.org/escodegen cache-miss
3387 http fetch GET 200 https://registry.npmjs.org/inquirer 452ms (cache miss)
3388 silly packumentCache full:https://registry.npmjs.org/inquirer set size:undefined disposed:false
3389 silly fetch manifest handlebars@^4.0.1
3390 silly packumentCache full:https://registry.npmjs.org/handlebars cache-miss
3391 http fetch GET 200 https://registry.npmjs.org/path-is-absolute 186ms (cache miss)
3392 silly packumentCache full:https://registry.npmjs.org/path-is-absolute set size:undefined disposed:false
3393 silly fetch manifest supports-color@^3.1.0
3394 silly packumentCache full:https://registry.npmjs.org/supports-color cache-hit
3395 silly fetch manifest envar@^2.0.0
3396 silly packumentCache full:https://registry.npmjs.org/envar cache-miss
3397 http cache https://registry.npmjs.org/nopt 140ms (cache hit)
3398 silly packumentCache full:https://registry.npmjs.org/nopt set size:69096 disposed:false
3399 silly fetch manifest ghostface@^1.5.0
3400 silly packumentCache full:https://registry.npmjs.org/ghostface cache-miss
3401 http cache https://registry.npmjs.org/async 110ms (cache hit)
3402 silly packumentCache full:https://registry.npmjs.org/async set size:230496 disposed:false
3403 silly fetch manifest extract-zip@^1.6.5
3404 silly packumentCache full:https://registry.npmjs.org/extract-zip cache-miss
3405 http cache https://registry.npmjs.org/handlebars 82ms (cache hit)
3406 silly packumentCache full:https://registry.npmjs.org/handlebars set size:339088 disposed:false
3407 silly fetch manifest fs-extra@^1.0.0
3408 silly packumentCache full:https://registry.npmjs.org/fs-extra cache-hit
3409 silly fetch manifest hasha@^2.2.0
3410 silly packumentCache full:https://registry.npmjs.org/hasha cache-miss
3411 http fetch GET 200 https://registry.npmjs.org/is-my-json-valid 305ms (cache miss)
3412 silly packumentCache full:https://registry.npmjs.org/is-my-json-valid set size:undefined disposed:false
3413 silly fetch manifest kew@^0.7.0
3414 silly packumentCache full:https://registry.npmjs.org/kew cache-miss
3415 http fetch GET 200 https://registry.npmjs.org/esprima 179ms (cache miss)
3416 silly packumentCache full:https://registry.npmjs.org/esprima set size:undefined disposed:false
3417 silly fetch manifest request@^2.81.0
3418 silly packumentCache full:https://registry.npmjs.org/request cache-miss
3419 http fetch GET 200 https://registry.npmjs.org/require-uncached 306ms (cache miss)
3420 silly packumentCache full:https://registry.npmjs.org/require-uncached set size:undefined disposed:false
3421 silly fetch manifest request-progress@^2.0.1
3422 silly packumentCache full:https://registry.npmjs.org/request-progress cache-miss
3423 http fetch GET 200 https://registry.npmjs.org/abbrev 204ms (cache miss)
3424 silly packumentCache full:https://registry.npmjs.org/abbrev set size:undefined disposed:false
3425 silly fetch manifest which@^1.2.10
3426 silly packumentCache full:https://registry.npmjs.org/which cache-hit
3427 silly fetch manifest cross-spawn@^5.0.1
3428 silly packumentCache full:https://registry.npmjs.org/cross-spawn cache-hit
3429 silly fetch manifest spawn-sync@^1.0.15
3430 silly packumentCache full:https://registry.npmjs.org/spawn-sync cache-miss
3431 http cache https://registry.npmjs.org/extract-zip 108ms (cache hit)
3432 silly packumentCache full:https://registry.npmjs.org/extract-zip set size:47715 disposed:false
3433 silly fetch manifest which@1.2.x
3434 silly packumentCache full:https://registry.npmjs.org/which cache-hit
3435 silly fetch manifest markdown-table@~0.4.0
3436 silly packumentCache full:https://registry.npmjs.org/markdown-table cache-miss
3437 http fetch GET 200 https://registry.npmjs.org/escodegen 197ms (cache miss)
3438 silly packumentCache full:https://registry.npmjs.org/escodegen set size:undefined disposed:false
3439 silly fetch manifest mdast@~2.3.0
3440 silly packumentCache full:https://registry.npmjs.org/mdast cache-miss
3441 http fetch GET 200 https://registry.npmjs.org/once 271ms (cache miss)
3442 silly packumentCache full:https://registry.npmjs.org/once set size:undefined disposed:false
3443 silly fetch manifest minimist@~1.2.0
3444 silly packumentCache full:https://registry.npmjs.org/minimist cache-hit
3445 silly fetch manifest pretty-bytes@~2.0.1
3446 silly packumentCache full:https://registry.npmjs.org/pretty-bytes cache-miss
3447 http cache https://registry.npmjs.org/request 65ms (cache hit)
3448 silly packumentCache full:https://registry.npmjs.org/request set size:307300 disposed:false
3449 silly fetch manifest readme-filenames@~1.0.0
3450 silly packumentCache full:https://registry.npmjs.org/readme-filenames cache-miss
3451 http fetch GET 200 https://registry.npmjs.org/wordwrap 257ms (cache miss)
3452 silly packumentCache full:https://registry.npmjs.org/wordwrap set size:undefined disposed:false
3453 silly fetch manifest sizeist@~1.0.1
3454 silly packumentCache full:https://registry.npmjs.org/sizeist cache-miss
3455 http fetch GET 200 https://registry.npmjs.org/hasha 135ms (cache miss)
3456 silly packumentCache full:https://registry.npmjs.org/hasha set size:undefined disposed:false
3457 silly fetch manifest chalk@^1.0.0
3458 silly packumentCache full:https://registry.npmjs.org/chalk cache-hit
3459 silly fetch manifest duplexer@^0.1.1
3460 silly packumentCache full:https://registry.npmjs.org/duplexer cache-miss
3461 http fetch GET 200 https://registry.npmjs.org/pretty-bytes 115ms (cache miss)
3462 silly packumentCache full:https://registry.npmjs.org/pretty-bytes set size:undefined disposed:false
3463 silly fetch manifest figures@^1.4.0
3464 silly packumentCache full:https://registry.npmjs.org/figures cache-miss
3465 http cache https://registry.npmjs.org/figures 18ms (cache hit)
3466 silly packumentCache full:https://registry.npmjs.org/figures set size:64597 disposed:false
3467 silly fetch manifest lodash@^3.6.0
3468 silly packumentCache full:https://registry.npmjs.org/lodash cache-hit
3469 silly fetch manifest pretty-ms@^2.1.0
3470 silly packumentCache full:https://registry.npmjs.org/pretty-ms cache-miss
3471 http fetch GET 200 https://registry.npmjs.org/duplexer 110ms (cache miss)
3472 silly packumentCache full:https://registry.npmjs.org/duplexer set size:undefined disposed:false
3473 silly fetch manifest repeat-string@^1.5.2
3474 silly packumentCache full:https://registry.npmjs.org/repeat-string cache-miss
3475 http cache https://registry.npmjs.org/pretty-ms 25ms (cache hit)
3476 silly packumentCache full:https://registry.npmjs.org/pretty-ms set size:59529 disposed:false
3477 silly fetch manifest tap-out@^1.4.1
3478 silly packumentCache full:https://registry.npmjs.org/tap-out cache-miss
3479 http fetch GET 200 https://registry.npmjs.org/request-progress 267ms (cache miss)
3480 silly packumentCache full:https://registry.npmjs.org/request-progress set size:undefined disposed:false
3481 silly fetch manifest has@~1.0.3
3482 silly packumentCache full:https://registry.npmjs.org/has cache-miss
3483 http fetch GET 200 https://registry.npmjs.org/kew 284ms (cache miss)
3484 silly packumentCache full:https://registry.npmjs.org/kew set size:undefined disposed:false
3485 silly fetch manifest defined@~1.0.1
3486 silly packumentCache full:https://registry.npmjs.org/defined cache-hit
3487 silly fetch manifest resolve@~1.22.6
3488 silly packumentCache full:https://registry.npmjs.org/resolve cache-hit
3489 silly fetch manifest is-regex@~1.1.4
3490 silly packumentCache full:https://registry.npmjs.org/is-regex cache-miss
3491 http fetch GET 200 https://registry.npmjs.org/markdown-table 263ms (cache miss)
3492 silly packumentCache full:https://registry.npmjs.org/markdown-table set size:undefined disposed:false
3493 silly fetch manifest dotignore@~0.1.2
3494 silly packumentCache full:https://registry.npmjs.org/dotignore cache-miss
3495 http cache https://registry.npmjs.org/has 66ms (cache hit)
3496 silly packumentCache full:https://registry.npmjs.org/has set size:12027 disposed:false
3497 silly fetch manifest deep-equal@~1.1.1
3498 silly packumentCache full:https://registry.npmjs.org/deep-equal cache-miss
3499 http cache https://registry.npmjs.org/is-regex 65ms (cache hit)
3500 silly packumentCache full:https://registry.npmjs.org/is-regex set size:42924 disposed:false
3501 silly fetch manifest mock-property@~1.0.0
3502 silly packumentCache full:https://registry.npmjs.org/mock-property cache-miss
3503 http cache https://registry.npmjs.org/dotignore 73ms (cache hit)
3504 silly packumentCache full:https://registry.npmjs.org/dotignore set size:9124 disposed:false
3505 silly fetch manifest object-inspect@~1.12.3
3506 silly packumentCache full:https://registry.npmjs.org/object-inspect cache-miss
3507 http cache https://registry.npmjs.org/deep-equal 48ms (cache hit)
3508 silly packumentCache full:https://registry.npmjs.org/deep-equal set size:70554 disposed:false
3509 silly fetch manifest @ljharb/resumer@~0.0.1
3510 silly packumentCache full:https://registry.npmjs.org/@ljharb%2fresumer cache-miss
3511 http cache https://registry.npmjs.org/mock-property 43ms (cache hit)
3512 silly packumentCache full:https://registry.npmjs.org/mock-property set size:19394 disposed:false
3513 silly fetch manifest @ljharb/through@~2.3.9
3514 silly packumentCache full:https://registry.npmjs.org/@ljharb%2fthrough cache-hit
3515 silly fetch manifest string.prototype.trim@~1.2.8
3516 silly packumentCache full:https://registry.npmjs.org/string.prototype.trim cache-miss
3517 http fetch GET 200 https://registry.npmjs.org/repeat-string 181ms (cache miss)
3518 silly packumentCache full:https://registry.npmjs.org/repeat-string set size:undefined disposed:false
3519 http cache https://registry.npmjs.org/object-inspect 39ms (cache hit)
3520 silly packumentCache full:https://registry.npmjs.org/object-inspect set size:101912 disposed:false
3521 http cache https://registry.npmjs.org/@ljharb%2fresumer 37ms (cache hit)
3522 silly packumentCache full:https://registry.npmjs.org/@ljharb%2fresumer set size:16183 disposed:false
3523 http cache https://registry.npmjs.org/string.prototype.trim 36ms (cache hit)
3524 silly packumentCache full:https://registry.npmjs.org/string.prototype.trim set size:54116 disposed:false
3525 http fetch GET 200 https://registry.npmjs.org/envar 1065ms (cache miss)
3526 silly packumentCache full:https://registry.npmjs.org/envar set size:undefined disposed:false
3527 http fetch GET 200 https://registry.npmjs.org/ghostface 1065ms (cache miss)
3528 silly packumentCache full:https://registry.npmjs.org/ghostface set size:undefined disposed:false
3529 http fetch GET 200 https://registry.npmjs.org/spawn-sync 1028ms (cache miss)
3530 silly packumentCache full:https://registry.npmjs.org/spawn-sync set size:undefined disposed:false
3531 http fetch GET 200 https://registry.npmjs.org/mdast 1051ms (cache miss)
3532 silly packumentCache full:https://registry.npmjs.org/mdast set size:undefined disposed:false
3533 http fetch GET 200 https://registry.npmjs.org/readme-filenames 1056ms (cache miss)
3534 silly packumentCache full:https://registry.npmjs.org/readme-filenames set size:undefined disposed:false
3535 http fetch GET 200 https://registry.npmjs.org/sizeist 1058ms (cache miss)
3536 silly packumentCache full:https://registry.npmjs.org/sizeist set size:undefined disposed:false
3537 http fetch GET 200 https://registry.npmjs.org/tap-out 970ms (cache miss)
3538 silly packumentCache full:https://registry.npmjs.org/tap-out set size:undefined disposed:false
3539 silly fetch manifest encoding@^0.1.13
3540 silly packumentCache full:https://registry.npmjs.org/encoding cache-miss
3541 http fetch GET 200 https://registry.npmjs.org/encoding 400ms (cache miss)
3542 silly packumentCache full:https://registry.npmjs.org/encoding set size:undefined disposed:false
3543 silly fetch manifest eslint@^8.26.0
3544 silly packumentCache full:https://registry.npmjs.org/eslint cache-miss
3545 http cache https://registry.npmjs.org/eslint 18ms (cache hit)
3546 silly packumentCache full:https://registry.npmjs.org/eslint set size:1811205 disposed:false
3547 silly fetch manifest eslint-config-airbnb-base@^15.0.0
3548 silly packumentCache full:https://registry.npmjs.org/eslint-config-airbnb-base cache-miss
3549 http fetch GET 200 https://registry.npmjs.org/eslint-config-airbnb-base 218ms (cache miss)
3550 silly packumentCache full:https://registry.npmjs.org/eslint-config-airbnb-base set size:undefined disposed:false
3551 silly fetch manifest expect@^29.2.1
3552 silly packumentCache full:https://registry.npmjs.org/expect cache-miss
3553 http fetch GET 200 https://registry.npmjs.org/expect 104ms (cache miss)
3554 silly packumentCache full:https://registry.npmjs.org/expect set size:undefined disposed:false
3555 silly fetch manifest flow-bin@^0.190.1
3556 silly packumentCache full:https://registry.npmjs.org/flow-bin cache-miss
3557 http cache https://registry.npmjs.org/flow-bin 14ms (cache hit)
3558 silly packumentCache full:https://registry.npmjs.org/flow-bin set size:1007682 disposed:false
3559 silly fetch manifest flow-typed@^3.8.0
3560 silly packumentCache full:https://registry.npmjs.org/flow-typed cache-miss
3561 http fetch GET 200 https://registry.npmjs.org/flow-typed 973ms (cache miss)
3562 silly packumentCache full:https://registry.npmjs.org/flow-typed set size:undefined disposed:false
3563 silly placeDep ROOT encoding@0.1.13 OK for: axobject-query@4.1.0 want: ^0.1.13
3564 silly placeDep node_modules/.pnpm/axobject-query@4.1.0/node_modules/axobject-query eslint@8.57.1 OK for: axobject-query@4.1.0 want: ^8.26.0
3565 silly placeDep ROOT eslint-config-airbnb-base@15.0.0 OK for: axobject-query@4.1.0 want: ^15.0.0
3566 silly placeDep ROOT expect@29.7.0 OK for: axobject-query@4.1.0 want: ^29.2.1
3567 silly placeDep node_modules/.pnpm/axobject-query@4.1.0/node_modules/axobject-query flow-bin@0.190.1 OK for: axobject-query@4.1.0 want: ^0.190.1
3568 silly placeDep ROOT flow-typed@3.9.0 OK for: axobject-query@4.1.0 want: ^3.8.0
3569 silly placeDep node_modules/.pnpm/axobject-query@4.1.0/node_modules/axobject-query nyc@10.3.2 OK for: axobject-query@4.1.0 want: ^10.3.2
3570 silly fetch manifest iconv-lite@^0.6.2
3571 silly packumentCache full:https://registry.npmjs.org/iconv-lite cache-miss
3572 silly fetch manifest semver@^6.3.0
3573 silly packumentCache full:https://registry.npmjs.org/semver cache-hit
3574 silly fetch manifest object.assign@^4.1.2
3575 silly packumentCache full:https://registry.npmjs.org/object.assign cache-miss
3576 silly fetch manifest object.entries@^1.1.5
3577 silly packumentCache full:https://registry.npmjs.org/object.entries cache-miss
3578 silly fetch manifest confusing-browser-globals@^1.0.10
3579 silly packumentCache full:https://registry.npmjs.org/confusing-browser-globals cache-miss
3580 silly fetch manifest jest-util@^29.7.0
3581 silly packumentCache full:https://registry.npmjs.org/jest-util cache-miss
3582 silly fetch manifest jest-get-type@^29.6.3
3583 silly packumentCache full:https://registry.npmjs.org/jest-get-type cache-miss
3584 silly fetch manifest jest-message-util@^29.7.0
3585 silly packumentCache full:https://registry.npmjs.org/jest-message-util cache-miss
3586 silly fetch manifest @jest/expect-utils@^29.7.0
3587 silly packumentCache full:https://registry.npmjs.org/@jest%2fexpect-utils cache-miss
3588 silly fetch manifest jest-matcher-utils@^29.7.0
3589 silly packumentCache full:https://registry.npmjs.org/jest-matcher-utils cache-miss
3590 silly fetch manifest got@^11.8.5
3591 silly packumentCache full:https://registry.npmjs.org/got cache-miss
3592 silly fetch manifest md5@^2.2.1
3593 silly packumentCache full:https://registry.npmjs.org/md5 cache-miss
3594 http cache https://registry.npmjs.org/object.assign 49ms (cache hit)
3595 silly packumentCache full:https://registry.npmjs.org/object.assign set size:85907 disposed:false
3596 silly fetch manifest table@^6.7.3
3597 silly packumentCache full:https://registry.npmjs.org/table cache-hit
3598 silly fetch manifest yargs@^15.1.0
3599 silly packumentCache full:https://registry.npmjs.org/yargs cache-hit
3600 silly fetch manifest mkdirp@^1.0.3
3601 silly packumentCache full:https://registry.npmjs.org/mkdirp cache-hit
3602 silly fetch manifest flowgen@^1.10.0
3603 silly packumentCache full:https://registry.npmjs.org/flowgen cache-miss
3604 http cache https://registry.npmjs.org/iconv-lite 100ms (cache hit)
3605 silly packumentCache full:https://registry.npmjs.org/iconv-lite set size:115994 disposed:false
3606 silly fetch manifest fs-extra@^8.1.0
3607 silly packumentCache full:https://registry.npmjs.org/fs-extra cache-hit
3608 silly fetch manifest prettier@^1.19.1
3609 silly packumentCache full:https://registry.npmjs.org/prettier cache-miss
3610 http fetch GET 200 https://registry.npmjs.org/object.entries 170ms (cache miss)
3611 silly packumentCache full:https://registry.npmjs.org/object.entries set size:undefined disposed:false
3612 silly fetch manifest @octokit/rest@^18.12.0
3613 silly packumentCache full:https://registry.npmjs.org/@octokit%2frest cache-miss
3614 http fetch GET 200 https://registry.npmjs.org/confusing-browser-globals 183ms (cache miss)
3615 silly packumentCache full:https://registry.npmjs.org/confusing-browser-globals set size:undefined disposed:false
3616 silly fetch manifest node-stream-zip@^1.15.0
3617 silly packumentCache full:https://registry.npmjs.org/node-stream-zip cache-miss
3618 http cache https://registry.npmjs.org/@octokit%2frest 39ms (cache hit)
3619 silly packumentCache full:https://registry.npmjs.org/@octokit%2frest set size:1344688 disposed:false
3620 http fetch GET 200 https://registry.npmjs.org/jest-message-util 265ms (cache miss)
3621 silly packumentCache full:https://registry.npmjs.org/jest-message-util set size:undefined disposed:false
3622 http fetch GET 200 https://registry.npmjs.org/jest-get-type 285ms (cache miss)
3623 silly packumentCache full:https://registry.npmjs.org/jest-get-type set size:undefined disposed:false
3624 http fetch GET 200 https://registry.npmjs.org/jest-util 290ms (cache miss)
3625 silly packumentCache full:https://registry.npmjs.org/jest-util set size:undefined disposed:false
3626 http fetch GET 200 https://registry.npmjs.org/md5 357ms (cache miss)
3627 silly packumentCache full:https://registry.npmjs.org/md5 set size:undefined disposed:false
3628 http fetch GET 200 https://registry.npmjs.org/jest-matcher-utils 383ms (cache miss)
3629 silly packumentCache full:https://registry.npmjs.org/jest-matcher-utils set size:undefined disposed:false
3630 http fetch GET 200 https://registry.npmjs.org/@jest%2fexpect-utils 401ms (cache miss)
3631 silly packumentCache full:https://registry.npmjs.org/@jest%2fexpect-utils set size:undefined disposed:false
3632 http fetch GET 200 https://registry.npmjs.org/prettier 432ms (cache miss)
3633 silly packumentCache full:https://registry.npmjs.org/prettier set size:undefined disposed:false
3634 http fetch GET 200 https://registry.npmjs.org/got 548ms (cache miss)
3635 silly packumentCache full:https://registry.npmjs.org/got set size:undefined disposed:false
3636 http fetch GET 200 https://registry.npmjs.org/node-stream-zip 391ms (cache miss)
3637 silly packumentCache full:https://registry.npmjs.org/node-stream-zip set size:undefined disposed:false
3638 http fetch GET 200 https://registry.npmjs.org/flowgen 1116ms (cache miss)
3639 silly packumentCache full:https://registry.npmjs.org/flowgen set size:undefined disposed:false
3640 silly fetch manifest matcha@^0.7.0
3641 silly packumentCache full:https://registry.npmjs.org/matcha cache-miss
3642 http fetch GET 200 https://registry.npmjs.org/matcha 1077ms (cache miss)
3643 silly packumentCache full:https://registry.npmjs.org/matcha set size:undefined disposed:false
3644 silly fetch manifest tape@^4.6.0
3645 silly packumentCache full:https://registry.npmjs.org/tape cache-hit
3646 silly placeDep ROOT matcha@0.7.0 OK for: balanced-match@1.0.2 want: ^0.7.0
3647 silly placeDep node_modules/.pnpm/balanced-match@1.0.2/node_modules/balanced-match tape@4.17.0 OK for: balanced-match@1.0.2 want: ^4.6.0
3648 silly fetch manifest electron@0.4.x
3649 silly packumentCache full:https://registry.npmjs.org/electron cache-miss
3650 silly fetch manifest v8-argv@0.1.x
3651 silly packumentCache full:https://registry.npmjs.org/v8-argv cache-miss
3652 http fetch GET 200 https://registry.npmjs.org/v8-argv 234ms (cache miss)
3653 silly packumentCache full:https://registry.npmjs.org/v8-argv set size:undefined disposed:false
3654 http fetch GET 200 https://registry.npmjs.org/electron 350ms (cache miss)
3655 silly packumentCache full:https://registry.npmjs.org/electron set size:undefined disposed:false
3656 silly fetch manifest babel-minify@^0.5.1
3657 silly packumentCache full:https://registry.npmjs.org/babel-minify cache-miss
3658 http fetch GET 200 https://registry.npmjs.org/babel-minify 234ms (cache miss)
3659 silly packumentCache full:https://registry.npmjs.org/babel-minify set size:undefined disposed:false
3660 silly fetch manifest benchmark@^2.1.4
3661 silly packumentCache full:https://registry.npmjs.org/benchmark cache-miss
3662 http fetch GET 200 https://registry.npmjs.org/benchmark 217ms (cache miss)
3663 silly packumentCache full:https://registry.npmjs.org/benchmark set size:undefined disposed:false
3664 silly fetch manifest browserify@^16.3.0
3665 silly packumentCache full:https://registry.npmjs.org/browserify cache-miss
3666 http cache https://registry.npmjs.org/browserify 17ms (cache hit)
3667 silly packumentCache full:https://registry.npmjs.org/browserify set size:1132624 disposed:false
3668 silly fetch manifest standard@*
3669 silly packumentCache full:https://registry.npmjs.org/standard cache-miss
3670 http fetch GET 200 https://registry.npmjs.org/standard 154ms (cache miss)
3671 silly packumentCache full:https://registry.npmjs.org/standard set size:undefined disposed:false
3672 silly fetch manifest tape@4.x
3673 silly packumentCache full:https://registry.npmjs.org/tape cache-hit
3674 silly placeDep ROOT babel-minify@0.5.2 OK for: base64-js@1.5.1 want: ^0.5.1
3675 silly placeDep ROOT benchmark@2.1.4 OK for: base64-js@1.5.1 want: ^2.1.4
3676 silly placeDep node_modules/.pnpm/base64-js@1.5.1/node_modules/base64-js browserify@16.5.2 OK for: base64-js@1.5.1 want: ^16.3.0
3677 silly placeDep ROOT standard@17.1.2 OK for: base64-js@1.5.1 want: *
3678 silly placeDep node_modules/.pnpm/base64-js@1.5.1/node_modules/base64-js tape@4.17.0 OK for: base64-js@1.5.1 want: 4.x
3679 silly fetch manifest lodash@^4.17.11
3680 silly packumentCache full:https://registry.npmjs.org/lodash cache-hit
3681 silly fetch manifest mkdirp@^0.5.1
3682 silly packumentCache full:https://registry.npmjs.org/mkdirp cache-hit
3683 silly fetch manifest yargs-parser@^10.0.0
3684 silly packumentCache full:https://registry.npmjs.org/yargs-parser cache-hit
3685 silly fetch manifest util.promisify@^1.0.0
3686 silly packumentCache full:https://registry.npmjs.org/util.promisify cache-miss
3687 silly fetch manifest babel-preset-minify@^0.5.2
3688 silly packumentCache full:https://registry.npmjs.org/babel-preset-minify cache-miss
3689 silly fetch manifest lodash@^4.17.4
3690 silly packumentCache full:https://registry.npmjs.org/lodash cache-hit
3691 silly fetch manifest platform@^1.3.3
3692 silly packumentCache full:https://registry.npmjs.org/platform cache-miss
3693 silly fetch manifest buffer@~5.2.1
3694 silly packumentCache full:https://registry.npmjs.org/buffer cache-miss
3695 silly fetch manifest events@^2.0.0
3696 silly packumentCache full:https://registry.npmjs.org/events cache-miss
3697 silly fetch manifest module-deps@^6.2.3
3698 silly packumentCache full:https://registry.npmjs.org/module-deps cache-miss
3699 silly fetch manifest stream-http@^3.0.0
3700 silly packumentCache full:https://registry.npmjs.org/stream-http cache-miss
3701 silly fetch manifest concat-stream@^1.6.0
3702 silly packumentCache full:https://registry.npmjs.org/concat-stream cache-hit
3703 silly fetch manifest os-browserify@~0.3.0
3704 silly packumentCache full:https://registry.npmjs.org/os-browserify cache-miss
3705 silly fetch manifest vm-browserify@^1.0.0
3706 silly packumentCache full:https://registry.npmjs.org/vm-browserify cache-miss
3707 silly fetch manifest domain-browser@^1.2.0
3708 silly packumentCache full:https://registry.npmjs.org/domain-browser cache-miss
3709 silly fetch manifest mkdirp-classic@^0.5.2
3710 silly packumentCache full:https://registry.npmjs.org/mkdirp-classic cache-miss
3711 http cache https://registry.npmjs.org/buffer 56ms (cache hit)
3712 silly packumentCache full:https://registry.npmjs.org/buffer set size:280480 disposed:false
3713 silly fetch manifest string_decoder@^1.1.1
3714 silly packumentCache full:https://registry.npmjs.org/string_decoder cache-miss
3715 http cache https://registry.npmjs.org/stream-http 65ms (cache hit)
3716 silly packumentCache full:https://registry.npmjs.org/stream-http set size:93513 disposed:false
3717 silly fetch manifest tty-browserify@0.0.1
3718 silly packumentCache full:https://registry.npmjs.org/tty-browserify cache-miss
3719 http cache https://registry.npmjs.org/events 73ms (cache hit)
3720 silly packumentCache full:https://registry.npmjs.org/events set size:35240 disposed:false
3721 silly fetch manifest browser-resolve@^2.0.0
3722 silly packumentCache full:https://registry.npmjs.org/browser-resolve cache-miss
3723 http cache https://registry.npmjs.org/module-deps 76ms (cache hit)
3724 silly packumentCache full:https://registry.npmjs.org/module-deps set size:274320 disposed:false
3725 silly fetch manifest browserify-zlib@~0.2.0
3726 silly packumentCache full:https://registry.npmjs.org/browserify-zlib cache-miss
3727 http cache https://registry.npmjs.org/os-browserify 85ms (cache hit)
3728 silly packumentCache full:https://registry.npmjs.org/os-browserify set size:8252 disposed:false
3729 silly fetch manifest https-browserify@^1.0.0
3730 silly packumentCache full:https://registry.npmjs.org/https-browserify cache-miss
3731 http cache https://registry.npmjs.org/domain-browser 88ms (cache hit)
3732 silly packumentCache full:https://registry.npmjs.org/domain-browser set size:897481 disposed:false
3733 silly fetch manifest eslint@^8.41.0
3734 silly packumentCache full:https://registry.npmjs.org/eslint cache-miss
3735 http cache https://registry.npmjs.org/vm-browserify 172ms (cache hit)
3736 silly packumentCache full:https://registry.npmjs.org/vm-browserify set size:31545 disposed:false
3737 silly fetch manifest eslint-config-standard@17.1.0
3738 silly packumentCache full:https://registry.npmjs.org/eslint-config-standard cache-miss
3739 http cache https://registry.npmjs.org/tty-browserify 171ms (cache hit)
3740 silly packumentCache full:https://registry.npmjs.org/tty-browserify set size:7424 disposed:false
3741 silly fetch manifest eslint-config-standard-jsx@^11.0.0
3742 silly packumentCache full:https://registry.npmjs.org/eslint-config-standard-jsx cache-miss
3743 http cache https://registry.npmjs.org/string_decoder 182ms (cache hit)
3744 silly packumentCache full:https://registry.npmjs.org/string_decoder set size:28441 disposed:false
3745 silly fetch manifest eslint-plugin-n@^15.7.0
3746 silly packumentCache full:https://registry.npmjs.org/eslint-plugin-n cache-miss
3747 http fetch GET 200 https://registry.npmjs.org/util.promisify 257ms (cache miss)
3748 silly packumentCache full:https://registry.npmjs.org/util.promisify set size:undefined disposed:false
3749 silly fetch manifest eslint-plugin-promise@^6.1.1
3750 silly packumentCache full:https://registry.npmjs.org/eslint-plugin-promise cache-miss
3751 http fetch GET 200 https://registry.npmjs.org/platform 266ms (cache miss)
3752 silly packumentCache full:https://registry.npmjs.org/platform set size:undefined disposed:false
3753 silly fetch manifest standard-engine@^15.1.0
3754 silly packumentCache full:https://registry.npmjs.org/standard-engine cache-miss
3755 http cache https://registry.npmjs.org/browserify-zlib 185ms (cache hit)
3756 silly packumentCache full:https://registry.npmjs.org/browserify-zlib set size:11964 disposed:false
3757 silly fetch manifest version-guard@^1.1.1
3758 silly packumentCache full:https://registry.npmjs.org/version-guard cache-miss
3759 http cache https://registry.npmjs.org/https-browserify 189ms (cache hit)
3760 silly packumentCache full:https://registry.npmjs.org/https-browserify set size:5425 disposed:false
3761 http cache https://registry.npmjs.org/browser-resolve 211ms (cache hit)
3762 silly packumentCache full:https://registry.npmjs.org/browser-resolve set size:68985 disposed:false
3763 http cache https://registry.npmjs.org/eslint 126ms (cache hit)
3764 silly packumentCache full:https://registry.npmjs.org/eslint set size:1811205 disposed:false
3765 http fetch GET 200 https://registry.npmjs.org/mkdirp-classic 363ms (cache miss)
3766 silly packumentCache full:https://registry.npmjs.org/mkdirp-classic set size:undefined disposed:false
3767 http fetch GET 200 https://registry.npmjs.org/babel-preset-minify 390ms (cache miss)
3768 silly packumentCache full:https://registry.npmjs.org/babel-preset-minify set size:undefined disposed:false
3769 http fetch GET 200 https://registry.npmjs.org/eslint-config-standard 233ms (cache miss)
3770 silly packumentCache full:https://registry.npmjs.org/eslint-config-standard set size:undefined disposed:false
3771 http fetch GET 200 https://registry.npmjs.org/eslint-plugin-promise 228ms (cache miss)
3772 silly packumentCache full:https://registry.npmjs.org/eslint-plugin-promise set size:undefined disposed:false
3773 http fetch GET 200 https://registry.npmjs.org/eslint-config-standard-jsx 270ms (cache miss)
3774 silly packumentCache full:https://registry.npmjs.org/eslint-config-standard-jsx set size:undefined disposed:false
3775 http fetch GET 200 https://registry.npmjs.org/eslint-plugin-n 271ms (cache miss)
3776 silly packumentCache full:https://registry.npmjs.org/eslint-plugin-n set size:undefined disposed:false
3777 http fetch GET 200 https://registry.npmjs.org/version-guard 259ms (cache miss)
3778 silly packumentCache full:https://registry.npmjs.org/version-guard set size:undefined disposed:false
3779 http fetch GET 200 https://registry.npmjs.org/standard-engine 320ms (cache miss)
3780 silly packumentCache full:https://registry.npmjs.org/standard-engine set size:undefined disposed:false
3781 silly fetch manifest github-publish-release@^5.0.0
3782 silly packumentCache full:https://registry.npmjs.org/github-publish-release cache-miss
3783 http fetch GET 200 https://registry.npmjs.org/github-publish-release 946ms (cache miss)
3784 silly packumentCache full:https://registry.npmjs.org/github-publish-release set size:undefined disposed:false
3785 silly fetch manifest mocha@^5.2.0
3786 silly packumentCache full:https://registry.npmjs.org/mocha cache-miss
3787 http cache https://registry.npmjs.org/mocha 31ms (cache hit)
3788 silly packumentCache full:https://registry.npmjs.org/mocha set size:3824074 disposed:false
3789 silly placeDep ROOT github-publish-release@5.2.0 OK for: chardet@0.7.0 want: ^5.0.0
3790 silly placeDep node_modules/.pnpm/chardet@0.7.0/node_modules/chardet mocha@5.2.0 OK for: chardet@0.7.0 want: ^5.2.0
3791 silly fetch manifest tslib@^2.3.1
3792 silly packumentCache full:https://registry.npmjs.org/tslib cache-miss
3793 silly fetch manifest lodash@^4.17.19
3794 silly packumentCache full:https://registry.npmjs.org/lodash cache-hit
3795 silly fetch manifest @types/lodash@^4.14.179
3796 silly packumentCache full:https://registry.npmjs.org/@types%2flodash cache-miss
3797 silly fetch manifest he@1.1.1
3798 silly packumentCache full:https://registry.npmjs.org/he cache-hit
3799 silly fetch manifest diff@3.5.0
3800 silly packumentCache full:https://registry.npmjs.org/diff cache-hit
3801 silly fetch manifest glob@7.1.2
3802 silly packumentCache full:https://registry.npmjs.org/glob cache-hit
3803 silly fetch manifest debug@3.1.0
3804 silly packumentCache full:https://registry.npmjs.org/debug cache-hit
3805 silly fetch manifest mkdirp@0.5.1
3806 silly packumentCache full:https://registry.npmjs.org/mkdirp cache-hit
3807 silly fetch manifest commander@2.15.1
3808 silly packumentCache full:https://registry.npmjs.org/commander cache-hit
3809 silly fetch manifest supports-color@5.4.0
3810 silly packumentCache full:https://registry.npmjs.org/supports-color cache-hit
3811 silly fetch manifest escape-string-regexp@1.0.5
3812 silly packumentCache full:https://registry.npmjs.org/escape-string-regexp cache-hit
3813 http cache https://registry.npmjs.org/tslib 25ms (cache hit)
3814 silly packumentCache full:https://registry.npmjs.org/tslib set size:108820 disposed:false
3815 http fetch GET 200 https://registry.npmjs.org/@types%2flodash 399ms (cache miss)
3816 silly packumentCache full:https://registry.npmjs.org/@types%2flodash set size:undefined disposed:false
3817 silly fetch manifest coveralls@^3.0.11
3818 silly packumentCache full:https://registry.npmjs.org/coveralls cache-miss
3819 http cache https://registry.npmjs.org/coveralls 12ms (cache hit)
3820 silly packumentCache full:https://registry.npmjs.org/coveralls set size:173629 disposed:false
3821 silly fetch manifest standard-version@^7.1.0
3822 silly packumentCache full:https://registry.npmjs.org/standard-version cache-miss
3823 http cache https://registry.npmjs.org/standard-version 12ms (cache hit)
3824 silly packumentCache full:https://registry.npmjs.org/standard-version set size:202298 disposed:false
3825 silly fetch manifest tap-spec@^5.0.0
3826 silly packumentCache full:https://registry.npmjs.org/tap-spec cache-miss
3827 http cache https://registry.npmjs.org/tap-spec 14ms (cache hit)
3828 silly packumentCache full:https://registry.npmjs.org/tap-spec set size:45184 disposed:false
3829 silly fetch manifest tape@^4.13.2
3830 silly packumentCache full:https://registry.npmjs.org/tape cache-hit
3831 silly placeDep node_modules/.pnpm/cli-width@3.0.0/node_modules/cli-width coveralls@3.1.1 OK for: cli-width@3.0.0 want: ^3.0.11
3832 silly placeDep node_modules/.pnpm/cli-width@3.0.0/node_modules/cli-width standard-version@7.1.0 OK for: cli-width@3.0.0 want: ^7.1.0
3833 silly placeDep node_modules/.pnpm/cli-width@3.0.0/node_modules/cli-width tap-spec@5.0.0 OK for: cli-width@3.0.0 want: ^5.0.0
3834 silly placeDep node_modules/.pnpm/cli-width@3.0.0/node_modules/cli-width tape@4.17.0 OK for: cli-width@3.0.0 want: ^4.13.2
3835 silly fetch manifest lcov-parse@^1.0.0
3836 silly packumentCache full:https://registry.npmjs.org/lcov-parse cache-miss
3837 silly fetch manifest log-driver@^1.2.7
3838 silly packumentCache full:https://registry.npmjs.org/log-driver cache-miss
3839 silly fetch manifest request@^2.88.2
3840 silly packumentCache full:https://registry.npmjs.org/request cache-hit
3841 silly fetch manifest chalk@2.4.2
3842 silly packumentCache full:https://registry.npmjs.org/chalk cache-hit
3843 silly fetch manifest conventional-changelog@3.1.15
3844 silly packumentCache full:https://registry.npmjs.org/conventional-changelog cache-miss
3845 silly fetch manifest conventional-changelog-conventionalcommits@4.2.3
3846 silly packumentCache full:https://registry.npmjs.org/conventional-changelog-conventionalcommits cache-miss
3847 silly fetch manifest conventional-recommended-bump@6.0.5
3848 silly packumentCache full:https://registry.npmjs.org/conventional-recommended-bump cache-miss
3849 silly fetch manifest detect-indent@6.0.0
3850 silly packumentCache full:https://registry.npmjs.org/detect-indent cache-miss
3851 silly fetch manifest detect-newline@3.1.0
3852 silly packumentCache full:https://registry.npmjs.org/detect-newline cache-miss
3853 silly fetch manifest dotgitignore@2.1.0
3854 silly packumentCache full:https://registry.npmjs.org/dotgitignore cache-miss
3855 silly fetch manifest figures@3.1.0
3856 silly packumentCache full:https://registry.npmjs.org/figures cache-hit
3857 silly fetch manifest find-up@4.1.0
3858 silly packumentCache full:https://registry.npmjs.org/find-up cache-hit
3859 silly fetch manifest fs-access@1.0.1
3860 silly packumentCache full:https://registry.npmjs.org/fs-access cache-miss
3861 silly fetch manifest git-semver-tags@3.0.1
3862 silly packumentCache full:https://registry.npmjs.org/git-semver-tags cache-miss
3863 silly fetch manifest semver@6.3.0
3864 silly packumentCache full:https://registry.npmjs.org/semver cache-hit
3865 silly fetch manifest stringify-package@1.0.1
3866 silly packumentCache full:https://registry.npmjs.org/stringify-package cache-miss
3867 http cache https://registry.npmjs.org/lcov-parse 54ms (cache hit)
3868 silly packumentCache full:https://registry.npmjs.org/lcov-parse set size:18313 disposed:false
3869 silly fetch manifest yargs@15.0.2
3870 silly packumentCache full:https://registry.npmjs.org/yargs cache-hit
3871 silly fetch manifest tap-out@^2.1.0
3872 silly packumentCache full:https://registry.npmjs.org/tap-out cache-miss
3873 http cache https://registry.npmjs.org/log-driver 58ms (cache hit)
3874 silly packumentCache full:https://registry.npmjs.org/log-driver set size:15773 disposed:false
3875 http cache https://registry.npmjs.org/detect-indent 57ms (cache hit)
3876 silly packumentCache full:https://registry.npmjs.org/detect-indent set size:34577 disposed:false
3877 http cache https://registry.npmjs.org/conventional-recommended-bump 59ms (cache hit)
3878 silly packumentCache full:https://registry.npmjs.org/conventional-recommended-bump set size:146006 disposed:false
3879 http cache https://registry.npmjs.org/conventional-changelog 65ms (cache hit)
3880 silly packumentCache full:https://registry.npmjs.org/conventional-changelog set size:293002 disposed:false
3881 http cache https://registry.npmjs.org/conventional-changelog-conventionalcommits 72ms (cache hit)
3882 silly packumentCache full:https://registry.npmjs.org/conventional-changelog-conventionalcommits set size:81619 disposed:false
3883 http cache https://registry.npmjs.org/dotgitignore 68ms (cache hit)
3884 silly packumentCache full:https://registry.npmjs.org/dotgitignore set size:12896 disposed:false
3885 http cache https://registry.npmjs.org/detect-newline 72ms (cache hit)
3886 silly packumentCache full:https://registry.npmjs.org/detect-newline set size:25512 disposed:false
3887 http cache https://registry.npmjs.org/git-semver-tags 66ms (cache hit)
3888 silly packumentCache full:https://registry.npmjs.org/git-semver-tags set size:76264 disposed:false
3889 http cache https://registry.npmjs.org/stringify-package 67ms (cache hit)
3890 silly packumentCache full:https://registry.npmjs.org/stringify-package set size:9267 disposed:false
3891 http cache https://registry.npmjs.org/tap-out 33ms (cache hit)
3892 silly packumentCache full:https://registry.npmjs.org/tap-out set size:30088 disposed:false
3893 http fetch GET 200 https://registry.npmjs.org/fs-access 103ms (cache miss)
3894 silly packumentCache full:https://registry.npmjs.org/fs-access set size:undefined disposed:false
3895 silly fetch manifest tape@~2.4.0
3896 silly packumentCache full:https://registry.npmjs.org/tape cache-hit
3897 silly placeDep node_modules/.pnpm/concat-map@0.0.1/node_modules/concat-map tape@2.4.3 OK for: concat-map@0.0.1 want: ~2.4.0
3898 silly fetch manifest defined@~0.0.0
3899 silly packumentCache full:https://registry.npmjs.org/defined cache-hit
3900 silly fetch manifest jsonify@~0.0.0
3901 silly packumentCache full:https://registry.npmjs.org/jsonify cache-miss
3902 silly fetch manifest resumer@~0.0.0
3903 silly packumentCache full:https://registry.npmjs.org/resumer cache-miss
3904 silly fetch manifest through@~2.3.4
3905 silly packumentCache full:https://registry.npmjs.org/through cache-miss
3906 silly fetch manifest deep-equal@~0.2.0
3907 silly packumentCache full:https://registry.npmjs.org/deep-equal cache-hit
3908 http cache https://registry.npmjs.org/through 10ms (cache hit)
3909 silly packumentCache full:https://registry.npmjs.org/through set size:38387 disposed:false
3910 http fetch GET 200 https://registry.npmjs.org/jsonify 207ms (cache miss)
3911 silly packumentCache full:https://registry.npmjs.org/jsonify set size:undefined disposed:false
3912 http fetch GET 200 https://registry.npmjs.org/resumer 1061ms (cache miss)
3913 silly packumentCache full:https://registry.npmjs.org/resumer set size:undefined disposed:false
3914 silly fetch manifest deep-equal@1.0.1
3915 silly packumentCache full:https://registry.npmjs.org/deep-equal cache-hit
3916 silly fetch manifest eslint@8.32.0
3917 silly packumentCache full:https://registry.npmjs.org/eslint cache-miss
3918 http cache https://registry.npmjs.org/eslint 16ms (cache hit)
3919 silly packumentCache full:https://registry.npmjs.org/eslint set size:1811205 disposed:false
3920 silly fetch manifest eslint-config-standard@15.0.1
3921 silly packumentCache full:https://registry.npmjs.org/eslint-config-standard cache-miss
3922 http cache https://registry.npmjs.org/eslint-config-standard 8ms (cache hit)
3923 silly packumentCache full:https://registry.npmjs.org/eslint-config-standard set size:200005 disposed:false
3924 silly fetch manifest eslint-plugin-import@2.27.5
3925 silly packumentCache full:https://registry.npmjs.org/eslint-plugin-import cache-miss
3926 http fetch GET 200 https://registry.npmjs.org/eslint-plugin-import 230ms (cache miss)
3927 silly packumentCache full:https://registry.npmjs.org/eslint-plugin-import set size:undefined disposed:false
3928 silly fetch manifest eslint-plugin-node@11.1.0
3929 silly packumentCache full:https://registry.npmjs.org/eslint-plugin-node cache-miss
3930 http fetch GET 200 https://registry.npmjs.org/eslint-plugin-node 259ms (cache miss)
3931 silly packumentCache full:https://registry.npmjs.org/eslint-plugin-node set size:undefined disposed:false
3932 silly fetch manifest eslint-plugin-promise@6.1.1
3933 silly packumentCache full:https://registry.npmjs.org/eslint-plugin-promise cache-miss
3934 http cache https://registry.npmjs.org/eslint-plugin-promise 9ms (cache hit)
3935 silly packumentCache full:https://registry.npmjs.org/eslint-plugin-promise set size:134091 disposed:false
3936 silly fetch manifest eslint-plugin-standard@4.1.0
3937 silly packumentCache full:https://registry.npmjs.org/eslint-plugin-standard cache-miss
3938 http fetch GET 200 https://registry.npmjs.org/eslint-plugin-standard 210ms (cache miss)
3939 silly packumentCache full:https://registry.npmjs.org/eslint-plugin-standard set size:undefined disposed:false
3940 silly fetch manifest mocha@10.2.0
3941 silly packumentCache full:https://registry.npmjs.org/mocha cache-miss
3942 http cache https://registry.npmjs.org/mocha 27ms (cache hit)
3943 silly packumentCache full:https://registry.npmjs.org/mocha set size:3824074 disposed:false
3944 silly placeDep ROOT deep-equal@1.0.1 OK for: content-type@1.0.5 want: 1.0.1
3945 silly placeDep node_modules/.pnpm/content-type@1.0.5/node_modules/content-type eslint@8.32.0 OK for: content-type@1.0.5 want: 8.32.0
3946 silly placeDep ROOT eslint-config-standard@15.0.1 OK for: content-type@1.0.5 want: 15.0.1
3947 silly placeDep node_modules/.pnpm/content-type@1.0.5/node_modules/content-type eslint-plugin-import@2.27.5 OK for: content-type@1.0.5 want: 2.27.5
3948 silly placeDep ROOT eslint-plugin-node@11.1.0 OK for: content-type@1.0.5 want: 11.1.0
3949 silly placeDep ROOT eslint-plugin-promise@6.1.1 OK for: content-type@1.0.5 want: 6.1.1
3950 silly placeDep ROOT eslint-plugin-standard@4.1.0 OK for: content-type@1.0.5 want: 4.1.0
3951 silly placeDep node_modules/.pnpm/content-type@1.0.5/node_modules/content-type mocha@10.2.0 OK for: content-type@1.0.5 want: 10.2.0
3952 silly fetch manifest espree@^9.4.0
3953 silly packumentCache full:https://registry.npmjs.org/espree cache-hit
3954 silly fetch manifest js-sdsl@^4.1.4
3955 silly packumentCache full:https://registry.npmjs.org/js-sdsl cache-miss
3956 silly fetch manifest eslint-scope@^7.1.1
3957 silly packumentCache full:https://registry.npmjs.org/eslint-scope cache-hit
3958 silly fetch manifest @eslint/eslintrc@^1.4.1
3959 silly packumentCache full:https://registry.npmjs.org/@eslint%2feslintrc cache-hit
3960 silly fetch manifest grapheme-splitter@^1.0.4
3961 silly packumentCache full:https://registry.npmjs.org/grapheme-splitter cache-miss
3962 silly fetch manifest eslint-visitor-keys@^3.3.0
3963 silly packumentCache full:https://registry.npmjs.org/eslint-visitor-keys cache-hit
3964 silly fetch manifest @humanwhocodes/config-array@^0.11.8
3965 silly packumentCache full:https://registry.npmjs.org/@humanwhocodes%2fconfig-array cache-hit
3966 silly fetch manifest has@^1.0.3
3967 silly packumentCache full:https://registry.npmjs.org/has cache-hit
3968 silly fetch manifest debug@^3.2.7
3969 silly packumentCache full:https://registry.npmjs.org/debug cache-hit
3970 silly fetch manifest is-glob@^4.0.3
3971 silly packumentCache full:https://registry.npmjs.org/is-glob cache-hit
3972 silly fetch manifest resolve@^1.22.1
3973 silly packumentCache full:https://registry.npmjs.org/resolve cache-hit
3974 silly fetch manifest doctrine@^2.1.0
3975 silly packumentCache full:https://registry.npmjs.org/doctrine cache-hit
3976 silly fetch manifest array-includes@^3.1.6
3977 silly packumentCache full:https://registry.npmjs.org/array-includes cache-miss
3978 silly fetch manifest tsconfig-paths@^3.14.1
3979 silly packumentCache full:https://registry.npmjs.org/tsconfig-paths cache-miss
3980 silly fetch manifest array.prototype.flat@^1.3.1
3981 silly packumentCache full:https://registry.npmjs.org/array.prototype.flat cache-miss
3982 silly fetch manifest eslint-plugin-es@^3.0.0
3983 silly packumentCache full:https://registry.npmjs.org/eslint-plugin-es cache-miss
3984 silly fetch manifest eslint-utils@^2.0.0
3985 silly packumentCache full:https://registry.npmjs.org/eslint-utils cache-hit
3986 silly fetch manifest ignore@^5.1.1
3987 silly packumentCache full:https://registry.npmjs.org/ignore cache-hit
3988 silly fetch manifest resolve@^1.10.1
3989 silly packumentCache full:https://registry.npmjs.org/resolve cache-hit
3990 silly fetch manifest semver@^6.1.0
3991 silly packumentCache full:https://registry.npmjs.org/semver cache-hit
3992 silly fetch manifest debug@4.3.4
3993 silly packumentCache full:https://registry.npmjs.org/debug cache-hit
3994 silly fetch manifest nanoid@3.3.3
3995 silly packumentCache full:https://registry.npmjs.org/nanoid cache-miss
3996 silly fetch manifest minimatch@5.0.1
3997 silly packumentCache full:https://registry.npmjs.org/minimatch cache-hit
3998 silly fetch manifest workerpool@6.2.1
3999 silly packumentCache full:https://registry.npmjs.org/workerpool cache-hit
4000 http cache https://registry.npmjs.org/nanoid 23ms (cache hit)
4001 silly packumentCache full:https://registry.npmjs.org/nanoid set size:296547 disposed:false
4002 http fetch GET 200 https://registry.npmjs.org/array-includes 205ms (cache miss)
4003 silly packumentCache full:https://registry.npmjs.org/array-includes set size:undefined disposed:false
4004 http fetch GET 200 https://registry.npmjs.org/array.prototype.flat 206ms (cache miss)
4005 silly packumentCache full:https://registry.npmjs.org/array.prototype.flat set size:undefined disposed:false
4006 http fetch GET 200 https://registry.npmjs.org/tsconfig-paths 211ms (cache miss)
4007 silly packumentCache full:https://registry.npmjs.org/tsconfig-paths set size:undefined disposed:false
4008 http fetch GET 200 https://registry.npmjs.org/eslint-plugin-es 262ms (cache miss)
4009 silly packumentCache full:https://registry.npmjs.org/eslint-plugin-es set size:undefined disposed:false
4010 http fetch GET 200 https://registry.npmjs.org/js-sdsl 300ms (cache miss)
4011 silly packumentCache full:https://registry.npmjs.org/js-sdsl set size:undefined disposed:false
4012 http fetch GET 200 https://registry.npmjs.org/grapheme-splitter 1058ms (cache miss)
4013 silly packumentCache full:https://registry.npmjs.org/grapheme-splitter set size:undefined disposed:false
4014 silly fetch manifest @types/jest@^29.2.4
4015 silly packumentCache full:https://registry.npmjs.org/@types%2fjest cache-miss
4016 http fetch GET 200 https://registry.npmjs.org/@types%2fjest 436ms (cache miss)
4017 silly packumentCache full:https://registry.npmjs.org/@types%2fjest set size:undefined disposed:false
4018 silly fetch manifest @types/node@^18.11.18
4019 silly packumentCache full:https://registry.npmjs.org/@types%2fnode cache-miss
4020 http cache https://registry.npmjs.org/@types%2fnode 54ms (cache hit)
4021 silly packumentCache full:https://registry.npmjs.org/@types%2fnode set size:10434236 disposed:false
4022 silly fetch manifest @typescript-eslint/eslint-plugin@^5.47.1
4023 silly packumentCache full:https://registry.npmjs.org/@typescript-eslint%2feslint-plugin cache-miss
4024 http fetch GET 200 https://registry.npmjs.org/@typescript-eslint%2feslint-plugin 620ms (cache miss)
4025 silly packumentCache full:https://registry.npmjs.org/@typescript-eslint%2feslint-plugin set size:undefined disposed:false
4026 silly fetch manifest @typescript-eslint/parser@^5.47.1
4027 silly packumentCache full:https://registry.npmjs.org/@typescript-eslint%2fparser cache-miss
4028 http cache https://registry.npmjs.org/@typescript-eslint%2fparser 100ms (cache hit)
4029 silly packumentCache full:https://registry.npmjs.org/@typescript-eslint%2fparser set size:14035609 disposed:false
4030 silly fetch manifest eslint@^8.30.0
4031 silly packumentCache full:https://registry.npmjs.org/eslint cache-miss
4032 http cache https://registry.npmjs.org/eslint 38ms (cache hit)
4033 silly packumentCache full:https://registry.npmjs.org/eslint set size:1811205 disposed:false
4034 silly fetch manifest eslint-config-standard@^17.0.0
4035 silly packumentCache full:https://registry.npmjs.org/eslint-config-standard cache-hit
4036 silly fetch manifest eslint-config-standard-with-typescript@^24.0.0
4037 silly packumentCache full:https://registry.npmjs.org/eslint-config-standard-with-typescript cache-miss
4038 http fetch GET 200 https://registry.npmjs.org/eslint-config-standard-with-typescript 229ms (cache miss)
4039 silly packumentCache full:https://registry.npmjs.org/eslint-config-standard-with-typescript set size:undefined disposed:false
4040 silly fetch manifest eslint-plugin-jest@^27.1.7
4041 silly packumentCache full:https://registry.npmjs.org/eslint-plugin-jest cache-miss
4042 http fetch GET 200 https://registry.npmjs.org/eslint-plugin-jest 390ms (cache miss)
4043 silly packumentCache full:https://registry.npmjs.org/eslint-plugin-jest set size:undefined disposed:false
4044 silly fetch manifest eslint-plugin-n@^15.6.0
4045 silly packumentCache full:https://registry.npmjs.org/eslint-plugin-n cache-miss
4046 http cache https://registry.npmjs.org/eslint-plugin-n 19ms (cache hit)
4047 silly packumentCache full:https://registry.npmjs.org/eslint-plugin-n set size:324850 disposed:false
4048 silly fetch manifest jest@^29.3.1
4049 silly packumentCache full:https://registry.npmjs.org/jest cache-miss
4050 http fetch GET 200 https://registry.npmjs.org/jest 247ms (cache miss)
4051 silly packumentCache full:https://registry.npmjs.org/jest set size:undefined disposed:false
4052 silly fetch manifest ts-jest@^29.0.3
4053 silly packumentCache full:https://registry.npmjs.org/ts-jest cache-miss
4054 http fetch GET 200 https://registry.npmjs.org/ts-jest 306ms (cache miss)
4055 silly packumentCache full:https://registry.npmjs.org/ts-jest set size:undefined disposed:false
4056 silly fetch manifest tsd@^0.25.0
4057 silly packumentCache full:https://registry.npmjs.org/tsd cache-miss
4058 http fetch GET 200 https://registry.npmjs.org/tsd 314ms (cache miss)
4059 silly packumentCache full:https://registry.npmjs.org/tsd set size:undefined disposed:false
4060 silly fetch manifest typescript@^4.9.4
4061 silly packumentCache full:https://registry.npmjs.org/typescript cache-miss
4062 http cache https://registry.npmjs.org/typescript 111ms (cache hit)
4063 silly packumentCache full:https://registry.npmjs.org/typescript set size:14432499 disposed:false
4064 silly placeDep ROOT @types/jest@29.5.14 OK for: commander@10.0.1 want: ^29.2.4
4065 silly placeDep node_modules/.pnpm/commander@10.0.1/node_modules/commander @types/node@18.19.119 OK for: commander@10.0.1 want: ^18.11.18
4066 silly placeDep node_modules/.pnpm/commander@10.0.1/node_modules/commander @typescript-eslint/eslint-plugin@5.62.0 OK for: commander@10.0.1 want: ^5.47.1
4067 silly placeDep node_modules/.pnpm/commander@10.0.1/node_modules/commander @typescript-eslint/parser@5.62.0 OK for: commander@10.0.1 want: ^5.47.1
4068 silly placeDep node_modules/.pnpm/commander@10.0.1/node_modules/commander eslint@8.57.1 OK for: commander@10.0.1 want: ^8.30.0
4069 silly placeDep node_modules/.pnpm/commander@10.0.1/node_modules/commander eslint-config-standard@17.1.0 OK for: commander@10.0.1 want: ^17.0.0
4070 silly placeDep ROOT eslint-config-standard-with-typescript@24.0.0 OK for: commander@10.0.1 want: ^24.0.0
4071 silly placeDep ROOT eslint-plugin-jest@27.9.0 OK for: commander@10.0.1 want: ^27.1.7
4072 silly placeDep ROOT eslint-plugin-n@15.7.0 OK for: commander@10.0.1 want: ^15.6.0
4073 silly placeDep ROOT jest@29.7.0 OK for: commander@10.0.1 want: ^29.3.1
4074 silly placeDep ROOT ts-jest@29.4.0 OK for: commander@10.0.1 want: ^29.0.3
4075 silly placeDep ROOT tsd@0.25.0 OK for: commander@10.0.1 want: ^0.25.0
4076 silly placeDep node_modules/.pnpm/commander@10.0.1/node_modules/commander typescript@4.9.5 OK for: commander@10.0.1 want: ^4.9.4
4077 silly fetch manifest pretty-format@^29.0.0
4078 silly packumentCache full:https://registry.npmjs.org/pretty-format cache-miss
4079 silly fetch manifest undici-types@~5.26.4
4080 silly packumentCache full:https://registry.npmjs.org/undici-types cache-miss
4081 silly fetch manifest semver@^7.3.7
4082 silly packumentCache full:https://registry.npmjs.org/semver cache-hit
4083 silly fetch manifest tsutils@^3.21.0
4084 silly packumentCache full:https://registry.npmjs.org/tsutils cache-miss
4085 silly fetch manifest natural-compare-lite@^1.4.0
4086 silly packumentCache full:https://registry.npmjs.org/natural-compare-lite cache-miss
4087 silly fetch manifest @typescript-eslint/utils@5.62.0
4088 silly packumentCache full:https://registry.npmjs.org/@typescript-eslint%2futils cache-miss
4089 silly fetch manifest @eslint-community/regexpp@^4.4.0
4090 silly packumentCache full:https://registry.npmjs.org/@eslint-community%2fregexpp cache-hit
4091 silly fetch manifest @typescript-eslint/type-utils@5.62.0
4092 silly packumentCache full:https://registry.npmjs.org/@typescript-eslint%2ftype-utils cache-miss
4093 silly fetch manifest @typescript-eslint/scope-manager@5.62.0
4094 silly packumentCache full:https://registry.npmjs.org/@typescript-eslint%2fscope-manager cache-miss
4095 silly fetch manifest @typescript-eslint/types@5.62.0
4096 silly packumentCache full:https://registry.npmjs.org/@typescript-eslint%2ftypes cache-miss
4097 silly fetch manifest @typescript-eslint/scope-manager@5.62.0
4098 silly packumentCache full:https://registry.npmjs.org/@typescript-eslint%2fscope-manager cache-miss
4099 silly fetch manifest @typescript-eslint/typescript-estree@5.62.0
4100 silly packumentCache full:https://registry.npmjs.org/@typescript-eslint%2ftypescript-estree cache-miss
4101 silly fetch manifest @typescript-eslint/parser@^5.0.0
4102 silly packumentCache full:https://registry.npmjs.org/@typescript-eslint%2fparser cache-miss
4103 http cache https://registry.npmjs.org/undici-types 99ms (cache hit)
4104 silly packumentCache full:https://registry.npmjs.org/undici-types set size:139108 disposed:false
4105 silly fetch manifest eslint-config-standard@17.0.0
4106 silly packumentCache full:https://registry.npmjs.org/eslint-config-standard cache-hit
4107 silly fetch manifest @typescript-eslint/utils@^5.10.0
4108 silly packumentCache full:https://registry.npmjs.org/@typescript-eslint%2futils cache-miss
4109 http cache https://registry.npmjs.org/@typescript-eslint%2fparser 182ms (cache hit)
4110 silly packumentCache full:https://registry.npmjs.org/@typescript-eslint%2fparser set size:14035609 disposed:false
4111 silly fetch manifest semver@^7.3.8
4112 silly packumentCache full:https://registry.npmjs.org/semver cache-hit
4113 silly fetch manifest builtins@^5.0.1
4114 silly packumentCache full:https://registry.npmjs.org/builtins cache-miss
4115 http cache https://registry.npmjs.org/@typescript-eslint%2ftypescript-estree 1026ms (cache hit)
4116 silly packumentCache full:https://registry.npmjs.org/@typescript-eslint%2ftypescript-estree set size:15102692 disposed:false
4117 silly fetch manifest minimatch@^3.1.2
4118 silly packumentCache full:https://registry.npmjs.org/minimatch cache-hit
4119 silly fetch manifest is-core-module@^2.11.0
4120 silly packumentCache full:https://registry.npmjs.org/is-core-module cache-miss
4121 http cache https://registry.npmjs.org/@typescript-eslint%2futils 1448ms (cache hit)
4122 silly packumentCache full:https://registry.npmjs.org/@typescript-eslint%2futils set size:8827389 disposed:false
4123 silly fetch manifest eslint-plugin-es@^4.1.0
4124 silly packumentCache full:https://registry.npmjs.org/eslint-plugin-es cache-miss
4125 http fetch GET 200 https://registry.npmjs.org/natural-compare-lite 1913ms (cache miss)
4126 silly packumentCache full:https://registry.npmjs.org/natural-compare-lite set size:undefined disposed:false
4127 silly fetch manifest jest-cli@^29.7.0
4128 silly packumentCache full:https://registry.npmjs.org/jest-cli cache-miss
4129 http cache https://registry.npmjs.org/eslint-plugin-es 277ms (cache hit)
4130 silly packumentCache full:https://registry.npmjs.org/eslint-plugin-es set size:49575 disposed:false
4131 silly fetch manifest @jest/core@^29.7.0
4132 silly packumentCache full:https://registry.npmjs.org/@jest%2fcore cache-miss
4133 http cache https://registry.npmjs.org/@typescript-eslint%2futils 1864ms (cache hit)
4134 silly packumentCache full:https://registry.npmjs.org/@typescript-eslint%2futils set size:8827389 disposed:false
4135 silly fetch manifest @jest/types@^29.6.3
4136 silly packumentCache full:https://registry.npmjs.org/@jest%2ftypes cache-miss
4137 http fetch GET 200 https://registry.npmjs.org/builtins 1421ms (cache miss)
4138 silly packumentCache full:https://registry.npmjs.org/builtins set size:undefined disposed:false
4139 silly fetch manifest import-local@^3.0.2
4140 silly packumentCache full:https://registry.npmjs.org/import-local cache-miss
4141 http fetch GET 200 https://registry.npmjs.org/tsutils 2528ms (cache miss)
4142 silly packumentCache full:https://registry.npmjs.org/tsutils set size:undefined disposed:false
4143 silly fetch manifest bs-logger@^0.2.6
4144 silly packumentCache full:https://registry.npmjs.org/bs-logger cache-miss
4145 http fetch GET 200 https://registry.npmjs.org/is-core-module 1176ms (cache miss)
4146 silly packumentCache full:https://registry.npmjs.org/is-core-module set size:undefined disposed:false
4147 silly fetch manifest ejs@^3.1.10
4148 silly packumentCache full:https://registry.npmjs.org/ejs cache-miss
4149 http fetch GET 200 https://registry.npmjs.org/import-local 240ms (cache miss)
4150 silly packumentCache full:https://registry.npmjs.org/import-local set size:undefined disposed:false
4151 silly fetch manifest fast-json-stable-stringify@^2.1.0
4152 silly packumentCache full:https://registry.npmjs.org/fast-json-stable-stringify cache-miss
4153 http fetch GET 200 https://registry.npmjs.org/pretty-format 2645ms (cache miss)
4154 silly packumentCache full:https://registry.npmjs.org/pretty-format set size:undefined disposed:false
4155 silly fetch manifest lodash.memoize@^4.1.2
4156 silly packumentCache full:https://registry.npmjs.org/lodash.memoize cache-miss
4157 http fetch GET 200 https://registry.npmjs.org/bs-logger 286ms (cache miss)
4158 silly packumentCache full:https://registry.npmjs.org/bs-logger set size:undefined disposed:false
4159 silly fetch manifest make-error@^1.3.6
4160 silly packumentCache full:https://registry.npmjs.org/make-error cache-miss
4161 http fetch GET 200 https://registry.npmjs.org/ejs 284ms (cache miss)
4162 silly packumentCache full:https://registry.npmjs.org/ejs set size:undefined disposed:false
4163 silly fetch manifest semver@^7.7.2
4164 silly packumentCache full:https://registry.npmjs.org/semver cache-hit
4165 silly fetch manifest type-fest@^4.41.0
4166 silly packumentCache full:https://registry.npmjs.org/type-fest cache-miss
4167 http fetch GET 200 https://registry.npmjs.org/lodash.memoize 222ms (cache miss)
4168 silly packumentCache full:https://registry.npmjs.org/lodash.memoize set size:undefined disposed:false
4169 silly fetch manifest meow@^9.0.0
4170 silly packumentCache full:https://registry.npmjs.org/meow cache-miss
4171 http fetch GET 200 https://registry.npmjs.org/@jest%2ftypes 695ms (cache miss)
4172 silly packumentCache full:https://registry.npmjs.org/@jest%2ftypes set size:undefined disposed:false
4173 silly fetch manifest globby@^11.0.1
4174 silly packumentCache full:https://registry.npmjs.org/globby cache-miss
4175 http fetch GET 200 https://registry.npmjs.org/fast-json-stable-stringify 443ms (cache miss)
4176 silly packumentCache full:https://registry.npmjs.org/fast-json-stable-stringify set size:undefined disposed:false
4177 silly fetch manifest path-exists@^4.0.0
4178 silly packumentCache full:https://registry.npmjs.org/path-exists cache-miss
4179 http cache https://registry.npmjs.org/meow 214ms (cache hit)
4180 silly packumentCache full:https://registry.npmjs.org/meow set size:121720 disposed:false
4181 silly fetch manifest read-pkg-up@^7.0.0
4182 silly packumentCache full:https://registry.npmjs.org/read-pkg-up cache-miss
4183 http fetch GET 200 https://registry.npmjs.org/@jest%2fcore 1231ms (cache miss)
4184 silly packumentCache full:https://registry.npmjs.org/@jest%2fcore set size:undefined disposed:false
4185 silly fetch manifest @tsd/typescript@~4.9.3
4186 silly packumentCache full:https://registry.npmjs.org/@tsd%2ftypescript cache-miss
4187 http fetch GET 200 https://registry.npmjs.org/jest-cli 1328ms (cache miss)
4188 silly packumentCache full:https://registry.npmjs.org/jest-cli set size:undefined disposed:false
4189 silly fetch manifest eslint-formatter-pretty@^4.1.0
4190 silly packumentCache full:https://registry.npmjs.org/eslint-formatter-pretty cache-miss
4191 http fetch GET 200 https://registry.npmjs.org/make-error 505ms (cache miss)
4192 silly packumentCache full:https://registry.npmjs.org/make-error set size:undefined disposed:false
4193 http fetch GET 200 https://registry.npmjs.org/path-exists 378ms (cache miss)
4194 silly packumentCache full:https://registry.npmjs.org/path-exists set size:undefined disposed:false
4195 http fetch GET 200 https://registry.npmjs.org/read-pkg-up 340ms (cache miss)
4196 silly packumentCache full:https://registry.npmjs.org/read-pkg-up set size:undefined disposed:false
4197 http fetch GET 200 https://registry.npmjs.org/globby 499ms (cache miss)
4198 silly packumentCache full:https://registry.npmjs.org/globby set size:undefined disposed:false
4199 http fetch GET 200 https://registry.npmjs.org/type-fest 610ms (cache miss)
4200 silly packumentCache full:https://registry.npmjs.org/type-fest set size:undefined disposed:false
4201 http fetch GET 200 https://registry.npmjs.org/@typescript-eslint%2ftype-utils 4076ms (cache miss)
4202 silly packumentCache full:https://registry.npmjs.org/@typescript-eslint%2ftype-utils set size:undefined disposed:false
4203 http fetch GET 200 https://registry.npmjs.org/eslint-formatter-pretty 1051ms (cache miss)
4204 silly packumentCache full:https://registry.npmjs.org/eslint-formatter-pretty set size:undefined disposed:false
4205 http fetch GET 200 https://registry.npmjs.org/@typescript-eslint%2ftypes 4408ms (cache miss)
4206 silly packumentCache full:https://registry.npmjs.org/@typescript-eslint%2ftypes set size:undefined disposed:false
4207 http fetch GET 200 https://registry.npmjs.org/@typescript-eslint%2fscope-manager 4693ms (cache miss)
4208 silly packumentCache full:https://registry.npmjs.org/@typescript-eslint%2fscope-manager set size:undefined disposed:false
4209 http fetch GET 200 https://registry.npmjs.org/@typescript-eslint%2fscope-manager 4918ms (cache miss)
4210 silly packumentCache full:https://registry.npmjs.org/@typescript-eslint%2fscope-manager set size:undefined disposed:false
4211 http fetch GET 200 https://registry.npmjs.org/@tsd%2ftypescript 1992ms (cache miss)
4212 silly packumentCache full:https://registry.npmjs.org/@tsd%2ftypescript set size:undefined disposed:false
4213 silly fetch manifest ava@^2.4.0
4214 silly packumentCache full:https://registry.npmjs.org/ava cache-miss
4215 http fetch GET 200 https://registry.npmjs.org/ava 1051ms (cache miss)
4216 silly packumentCache full:https://registry.npmjs.org/ava set size:undefined disposed:false
4217 silly fetch manifest tsd@^0.9.0
4218 silly packumentCache full:https://registry.npmjs.org/tsd cache-miss
4219 http cache https://registry.npmjs.org/tsd 47ms (cache hit)
4220 silly packumentCache full:https://registry.npmjs.org/tsd set size:225464 disposed:false
4221 silly fetch manifest xo@^0.25.3
4222 silly packumentCache full:https://registry.npmjs.org/xo cache-miss
4223 http fetch GET 200 https://registry.npmjs.org/xo 1104ms (cache miss)
4224 silly packumentCache full:https://registry.npmjs.org/xo set size:undefined disposed:false
4225 silly placeDep ROOT ava@2.4.0 OK for: ansi-regex@5.0.1 want: ^2.4.0
4226 silly placeDep node_modules/.pnpm/ansi-regex@5.0.1/node_modules/ansi-regex tsd@0.9.0 OK for: ansi-regex@5.0.1 want: ^0.9.0
4227 silly placeDep ROOT xo@0.25.4 OK for: ansi-regex@5.0.1 want: ^0.25.3
4228 silly fetch manifest ms@^2.1.2
4229 silly packumentCache full:https://registry.npmjs.org/ms cache-miss
4230 silly fetch manifest del@^4.1.1
4231 silly packumentCache full:https://registry.npmjs.org/del cache-miss
4232 silly fetch manifest esm@^3.2.25
4233 silly packumentCache full:https://registry.npmjs.org/esm cache-miss
4234 silly fetch manifest ora@^3.4.0
4235 silly packumentCache full:https://registry.npmjs.org/ora cache-miss
4236 silly fetch manifest meow@^5.0.0
4237 silly packumentCache full:https://registry.npmjs.org/meow cache-hit
4238 silly fetch manifest plur@^3.1.1
4239 silly packumentCache full:https://registry.npmjs.org/plur cache-miss
4240 silly fetch manifest debug@^4.1.1
4241 silly packumentCache full:https://registry.npmjs.org/debug cache-hit
4242 silly fetch manifest is-ci@^2.0.0
4243 silly packumentCache full:https://registry.npmjs.org/is-ci cache-miss
4244 silly fetch manifest slash@^3.0.0
4245 silly packumentCache full:https://registry.npmjs.org/slash cache-miss
4246 silly fetch manifest arrify@^2.0.1
4247 silly packumentCache full:https://registry.npmjs.org/arrify cache-miss
4248 silly fetch manifest chunkd@^1.0.0
4249 silly packumentCache full:https://registry.npmjs.org/chunkd cache-miss
4250 silly fetch manifest globby@^10.0.1
4251 silly packumentCache full:https://registry.npmjs.org/globby cache-miss
4252 silly fetch manifest figures@^3.0.0
4253 silly packumentCache full:https://registry.npmjs.org/figures cache-hit
4254 silly fetch manifest matcher@^2.0.0
4255 silly packumentCache full:https://registry.npmjs.org/matcher cache-miss
4256 http cache https://registry.npmjs.org/globby 51ms (cache hit)
4257 silly packumentCache full:https://registry.npmjs.org/globby set size:141312 disposed:false
4258 silly fetch manifest md5-hex@^3.0.1
4259 silly packumentCache full:https://registry.npmjs.org/md5-hex cache-miss
4260 http cache https://registry.npmjs.org/slash 68ms (cache hit)
4261 silly packumentCache full:https://registry.npmjs.org/slash set size:20337 disposed:false
4262 silly fetch manifest bluebird@^3.5.5
4263 silly packumentCache full:https://registry.npmjs.org/bluebird cache-hit
4264 silly fetch manifest dot-prop@^5.1.0
4265 silly packumentCache full:https://registry.npmjs.org/dot-prop cache-miss
4266 http cache https://registry.npmjs.org/ms 85ms (cache hit)
4267 silly packumentCache full:https://registry.npmjs.org/ms set size:84883 disposed:false
4268 silly fetch manifest emittery@^0.4.1
4269 silly packumentCache full:https://registry.npmjs.org/emittery cache-miss
4270 http cache https://registry.npmjs.org/plur 93ms (cache hit)
4271 silly packumentCache full:https://registry.npmjs.org/plur set size:25110 disposed:false
4272 silly fetch manifest get-port@^5.0.0
4273 silly packumentCache full:https://registry.npmjs.org/get-port cache-miss
4274 http fetch GET 200 https://registry.npmjs.org/matcher 146ms (cache miss)
4275 silly packumentCache full:https://registry.npmjs.org/matcher set size:undefined disposed:false
4276 silly fetch manifest is-error@^2.2.2
4277 silly packumentCache full:https://registry.npmjs.org/is-error cache-miss
4278 http fetch GET 200 https://registry.npmjs.org/dot-prop 121ms (cache miss)
4279 silly packumentCache full:https://registry.npmjs.org/dot-prop set size:undefined disposed:false
4280 silly fetch manifest pkg-conf@^3.1.0
4281 silly packumentCache full:https://registry.npmjs.org/pkg-conf cache-miss
4282 http fetch GET 200 https://registry.npmjs.org/del 244ms (cache miss)
4283 silly packumentCache full:https://registry.npmjs.org/del set size:undefined disposed:false
4284 silly fetch manifest supertap@^1.0.0
4285 silly packumentCache full:https://registry.npmjs.org/supertap cache-miss
4286 http fetch GET 200 https://registry.npmjs.org/get-port 174ms (cache miss)
4287 silly packumentCache full:https://registry.npmjs.org/get-port set size:undefined disposed:false
4288 silly fetch manifest pretty-ms@^5.0.0
4289 silly packumentCache full:https://registry.npmjs.org/pretty-ms cache-hit
4290 silly fetch manifest array-uniq@^2.1.0
4291 silly packumentCache full:https://registry.npmjs.org/array-uniq cache-miss
4292 http fetch GET 200 https://registry.npmjs.org/is-ci 283ms (cache miss)
4293 silly packumentCache full:https://registry.npmjs.org/is-ci set size:undefined disposed:false
4294 silly fetch manifest cli-cursor@^3.1.0
4295 silly packumentCache full:https://registry.npmjs.org/cli-cursor cache-miss
4296 http fetch GET 200 https://registry.npmjs.org/ora 291ms (cache miss)
4297 silly packumentCache full:https://registry.npmjs.org/ora set size:undefined disposed:false
4298 silly fetch manifest is-promise@^2.1.0
4299 silly packumentCache full:https://registry.npmjs.org/is-promise cache-miss
4300 http fetch GET 200 https://registry.npmjs.org/emittery 228ms (cache miss)
4301 silly packumentCache full:https://registry.npmjs.org/emittery set size:undefined disposed:false
4302 silly fetch manifest micromatch@^4.0.2
4303 silly packumentCache full:https://registry.npmjs.org/micromatch cache-miss
4304 http fetch GET 200 https://registry.npmjs.org/md5-hex 264ms (cache miss)
4305 silly packumentCache full:https://registry.npmjs.org/md5-hex set size:undefined disposed:false
4306 silly fetch manifest strip-ansi@^5.2.0
4307 silly packumentCache full:https://registry.npmjs.org/strip-ansi cache-miss
4308 http fetch GET 200 https://registry.npmjs.org/esm 344ms (cache miss)
4309 silly packumentCache full:https://registry.npmjs.org/esm set size:undefined disposed:false
4310 silly fetch manifest trim-right@^1.0.1
4311 silly packumentCache full:https://registry.npmjs.org/trim-right cache-miss
4312 http cache https://registry.npmjs.org/is-promise 58ms (cache hit)
4313 silly packumentCache full:https://registry.npmjs.org/is-promise set size:18599 disposed:false
4314 silly fetch manifest ansi-styles@^4.1.0
4315 silly packumentCache full:https://registry.npmjs.org/ansi-styles cache-miss
4316 http fetch GET 200 https://registry.npmjs.org/pkg-conf 160ms (cache miss)
4317 silly packumentCache full:https://registry.npmjs.org/pkg-conf set size:undefined disposed:false
4318 silly fetch manifest arr-flatten@^1.1.0
4319 silly packumentCache full:https://registry.npmjs.org/arr-flatten cache-miss
4320 http cache https://registry.npmjs.org/micromatch 56ms (cache hit)
4321 silly packumentCache full:https://registry.npmjs.org/micromatch set size:240630 disposed:false
4322 silly fetch manifest array-union@^2.1.0
4323 silly packumentCache full:https://registry.npmjs.org/array-union cache-miss
4324 http cache https://registry.npmjs.org/ansi-styles 54ms (cache hit)
4325 silly packumentCache full:https://registry.npmjs.org/ansi-styles set size:66356 disposed:false
4326 silly fetch manifest clean-stack@^2.2.0
4327 silly packumentCache full:https://registry.npmjs.org/clean-stack cache-miss
4328 http fetch GET 200 https://registry.npmjs.org/strip-ansi 84ms (cache miss)
4329 silly packumentCache full:https://registry.npmjs.org/strip-ansi set size:undefined disposed:false
4330 silly fetch manifest concordance@^4.0.0
4331 silly packumentCache full:https://registry.npmjs.org/concordance cache-miss
4332 http fetch GET 200 https://registry.npmjs.org/supertap 217ms (cache miss)
4333 silly packumentCache full:https://registry.npmjs.org/supertap set size:undefined disposed:false
4334 silly fetch manifest resolve-cwd@^3.0.0
4335 silly packumentCache full:https://registry.npmjs.org/resolve-cwd cache-miss
4336 http fetch GET 200 https://registry.npmjs.org/array-uniq 225ms (cache miss)
4337 silly packumentCache full:https://registry.npmjs.org/array-uniq set size:undefined disposed:false
4338 silly fetch manifest stack-utils@^1.0.2
4339 silly packumentCache full:https://registry.npmjs.org/stack-utils cache-miss
4340 http fetch GET 200 https://registry.npmjs.org/array-union 111ms (cache miss)
4341 silly packumentCache full:https://registry.npmjs.org/array-union set size:undefined disposed:false
4342 silly fetch manifest ansi-escapes@^4.2.1
4343 silly packumentCache full:https://registry.npmjs.org/ansi-escapes cache-miss
4344 http fetch GET 200 https://registry.npmjs.org/clean-stack 107ms (cache miss)
4345 silly packumentCache full:https://registry.npmjs.org/clean-stack set size:undefined disposed:false
4346 silly fetch manifest cli-truncate@^2.0.0
4347 silly packumentCache full:https://registry.npmjs.org/cli-truncate cache-miss
4348 http fetch GET 200 https://registry.npmjs.org/cli-cursor 239ms (cache miss)
4349 silly packumentCache full:https://registry.npmjs.org/cli-cursor set size:undefined disposed:false
4350 silly fetch manifest code-excerpt@^2.1.1
4351 silly packumentCache full:https://registry.npmjs.org/code-excerpt cache-miss
4352 http fetch GET 200 https://registry.npmjs.org/resolve-cwd 83ms (cache miss)
4353 silly packumentCache full:https://registry.npmjs.org/resolve-cwd set size:undefined disposed:false
4354 silly fetch manifest empower-core@^1.2.0
4355 silly packumentCache full:https://registry.npmjs.org/empower-core cache-miss
4356 http fetch GET 200 https://registry.npmjs.org/stack-utils 75ms (cache miss)
4357 silly packumentCache full:https://registry.npmjs.org/stack-utils set size:undefined disposed:false
4358 silly fetch manifest equal-length@^1.0.0
4359 silly packumentCache full:https://registry.npmjs.org/equal-length cache-miss
4360 http fetch GET 200 https://registry.npmjs.org/arr-flatten 224ms (cache miss)
4361 silly packumentCache full:https://registry.npmjs.org/arr-flatten set size:undefined disposed:false
4362 silly fetch manifest package-hash@^4.0.0
4363 silly packumentCache full:https://registry.npmjs.org/package-hash cache-miss
4364 http fetch GET 200 https://registry.npmjs.org/cli-truncate 127ms (cache miss)
4365 silly packumentCache full:https://registry.npmjs.org/cli-truncate set size:undefined disposed:false
4366 silly fetch manifest indent-string@^4.0.0
4367 silly packumentCache full:https://registry.npmjs.org/indent-string cache-miss
4368 http fetch GET 200 https://registry.npmjs.org/concordance 232ms (cache miss)
4369 silly packumentCache full:https://registry.npmjs.org/concordance set size:undefined disposed:false
4370 silly fetch manifest is-observable@^2.0.0
4371 silly packumentCache full:https://registry.npmjs.org/is-observable cache-miss
4372 http fetch GET 200 https://registry.npmjs.org/code-excerpt 218ms (cache miss)
4373 silly packumentCache full:https://registry.npmjs.org/code-excerpt set size:undefined disposed:false
4374 silly fetch manifest strip-bom-buf@^2.0.0
4375 silly packumentCache full:https://registry.npmjs.org/strip-bom-buf cache-miss
4376 http fetch GET 200 https://registry.npmjs.org/ansi-escapes 254ms (cache miss)
4377 silly packumentCache full:https://registry.npmjs.org/ansi-escapes set size:undefined disposed:false
4378 silly fetch manifest loud-rejection@^2.1.0
4379 silly packumentCache full:https://registry.npmjs.org/loud-rejection cache-miss
4380 http fetch GET 200 https://registry.npmjs.org/empower-core 231ms (cache miss)
4381 silly packumentCache full:https://registry.npmjs.org/empower-core set size:undefined disposed:false
4382 silly fetch manifest supports-color@^7.0.0
4383 silly packumentCache full:https://registry.npmjs.org/supports-color cache-hit
4384 silly fetch manifest is-plain-object@^3.0.0
4385 silly packumentCache full:https://registry.npmjs.org/is-plain-object cache-miss
4386 http fetch GET 200 https://registry.npmjs.org/equal-length 222ms (cache miss)
4387 silly packumentCache full:https://registry.npmjs.org/equal-length set size:undefined disposed:false
4388 silly fetch manifest unique-temp-dir@^1.0.0
4389 silly packumentCache full:https://registry.npmjs.org/unique-temp-dir cache-miss
4390 http fetch GET 200 https://registry.npmjs.org/package-hash 225ms (cache miss)
4391 silly packumentCache full:https://registry.npmjs.org/package-hash set size:undefined disposed:false
4392 silly fetch manifest update-notifier@^3.0.1
4393 silly packumentCache full:https://registry.npmjs.org/update-notifier cache-miss
4394 http fetch GET 200 https://registry.npmjs.org/strip-bom-buf 250ms (cache miss)
4395 silly packumentCache full:https://registry.npmjs.org/strip-bom-buf set size:undefined disposed:false
4396 silly fetch manifest @babel/generator@^7.6.0
4397 silly packumentCache full:https://registry.npmjs.org/@babel%2fgenerator cache-miss
4398 http fetch GET 200 https://registry.npmjs.org/loud-rejection 240ms (cache miss)
4399 silly packumentCache full:https://registry.npmjs.org/loud-rejection set size:undefined disposed:false
4400 silly fetch manifest ci-parallel-vars@^1.0.0
4401 silly packumentCache full:https://registry.npmjs.org/ci-parallel-vars cache-miss
4402 http fetch GET 200 https://registry.npmjs.org/arrify 1016ms (cache miss)
4403 silly packumentCache full:https://registry.npmjs.org/arrify set size:undefined disposed:false
4404 silly fetch manifest clean-yaml-object@^0.1.0
4405 silly packumentCache full:https://registry.npmjs.org/clean-yaml-object cache-miss
4406 http fetch GET 200 https://registry.npmjs.org/unique-temp-dir 221ms (cache miss)
4407 silly packumentCache full:https://registry.npmjs.org/unique-temp-dir set size:undefined disposed:false
4408 silly fetch manifest ignore-by-default@^1.0.0
4409 silly packumentCache full:https://registry.npmjs.org/ignore-by-default cache-miss
4410 http cache https://registry.npmjs.org/@babel%2fgenerator 31ms (cache hit)
4411 silly packumentCache full:https://registry.npmjs.org/@babel%2fgenerator set size:484005 disposed:false
4412 silly fetch manifest trim-off-newlines@^1.0.1
4413 silly packumentCache full:https://registry.npmjs.org/trim-off-newlines cache-miss
4414 http fetch GET 200 https://registry.npmjs.org/update-notifier 235ms (cache miss)
4415 silly packumentCache full:https://registry.npmjs.org/update-notifier set size:undefined disposed:false
4416 silly fetch manifest write-file-atomic@^3.0.0
4417 silly packumentCache full:https://registry.npmjs.org/write-file-atomic cache-miss
4418 http fetch GET 200 https://registry.npmjs.org/chunkd 1062ms (cache miss)
4419 silly packumentCache full:https://registry.npmjs.org/chunkd set size:undefined disposed:false
4420 silly fetch manifest @concordance/react@^2.0.0
4421 silly packumentCache full:https://registry.npmjs.org/@concordance%2freact cache-miss
4422 http fetch GET 200 https://registry.npmjs.org/is-error 952ms (cache miss)
4423 silly packumentCache full:https://registry.npmjs.org/is-error set size:undefined disposed:false
4424 silly fetch manifest common-path-prefix@^1.0.0
4425 silly packumentCache full:https://registry.npmjs.org/common-path-prefix cache-miss
4426 http fetch GET 200 https://registry.npmjs.org/indent-string 505ms (cache miss)
4427 silly packumentCache full:https://registry.npmjs.org/indent-string set size:undefined disposed:false
4428 silly fetch manifest convert-source-map@^1.6.0
4429 silly packumentCache full:https://registry.npmjs.org/convert-source-map cache-hit
4430 silly fetch manifest currently-unhandled@^0.4.1
4431 silly packumentCache full:https://registry.npmjs.org/currently-unhandled cache-miss
4432 http fetch GET 200 https://registry.npmjs.org/ignore-by-default 216ms (cache miss)
4433 silly packumentCache full:https://registry.npmjs.org/ignore-by-default set size:undefined disposed:false
4434 silly fetch manifest require-precompiled@^0.1.0
4435 silly packumentCache full:https://registry.npmjs.org/require-precompiled cache-miss
4436 http fetch GET 200 https://registry.npmjs.org/clean-yaml-object 224ms (cache miss)
4437 silly packumentCache full:https://registry.npmjs.org/clean-yaml-object set size:undefined disposed:false
4438 silly fetch manifest observable-to-promise@^1.0.0
4439 silly packumentCache full:https://registry.npmjs.org/observable-to-promise cache-miss
4440 http fetch GET 200 https://registry.npmjs.org/common-path-prefix 181ms (cache miss)
4441 silly packumentCache full:https://registry.npmjs.org/common-path-prefix set size:undefined disposed:false
4442 silly fetch manifest @ava/babel-preset-stage-4@^4.0.0
4443 silly packumentCache full:https://registry.npmjs.org/@ava%2fbabel-preset-stage-4 cache-miss
4444 http fetch GET 200 https://registry.npmjs.org/write-file-atomic 242ms (cache miss)
4445 silly packumentCache full:https://registry.npmjs.org/write-file-atomic set size:undefined disposed:false
4446 silly fetch manifest @ava/babel-preset-transform-test-files@^6.0.0
4447 silly packumentCache full:https://registry.npmjs.org/@ava%2fbabel-preset-transform-test-files cache-miss
4448 http fetch GET 200 https://registry.npmjs.org/trim-right 1014ms (cache miss)
4449 silly packumentCache full:https://registry.npmjs.org/trim-right set size:undefined disposed:false
4450 silly fetch manifest globby@^9.1.0
4451 silly packumentCache full:https://registry.npmjs.org/globby cache-hit
4452 silly fetch manifest path-exists@^3.0.0
4453 silly packumentCache full:https://registry.npmjs.org/path-exists cache-miss
4454 http cache https://registry.npmjs.org/path-exists 10ms (cache hit)
4455 silly packumentCache full:https://registry.npmjs.org/path-exists set size:13704 disposed:false
4456 silly fetch manifest read-pkg-up@^4.0.0
4457 silly packumentCache full:https://registry.npmjs.org/read-pkg-up cache-miss
4458 http cache https://registry.npmjs.org/read-pkg-up 11ms (cache hit)
4459 silly packumentCache full:https://registry.npmjs.org/read-pkg-up set size:35986 disposed:false
4460 silly fetch manifest update-notifier@^2.5.0
4461 silly packumentCache full:https://registry.npmjs.org/update-notifier cache-miss
4462 http cache https://registry.npmjs.org/update-notifier 21ms (cache hit)
4463 silly packumentCache full:https://registry.npmjs.org/update-notifier set size:133068 disposed:false
4464 silly fetch manifest eslint-formatter-pretty@^1.3.0
4465 silly packumentCache full:https://registry.npmjs.org/eslint-formatter-pretty cache-miss
4466 http cache https://registry.npmjs.org/eslint-formatter-pretty 15ms (cache hit)
4467 silly packumentCache full:https://registry.npmjs.org/eslint-formatter-pretty set size:51463 disposed:false
4468 silly fetch manifest eslint@^6.4.0
4469 silly packumentCache full:https://registry.npmjs.org/eslint cache-miss
4470 http cache https://registry.npmjs.org/eslint 20ms (cache hit)
4471 silly packumentCache full:https://registry.npmjs.org/eslint set size:1811205 disposed:false
4472 silly fetch manifest globby@^9.0.0
4473 silly packumentCache full:https://registry.npmjs.org/globby cache-hit
4474 silly fetch manifest xo-init@^0.7.0
4475 silly packumentCache full:https://registry.npmjs.org/xo-init cache-miss
4476 http fetch GET 200 https://registry.npmjs.org/@concordance%2freact 496ms (cache miss)
4477 silly packumentCache full:https://registry.npmjs.org/@concordance%2freact set size:undefined disposed:false
4478 silly fetch manifest has-flag@^4.0.0
4479 silly packumentCache full:https://registry.npmjs.org/has-flag cache-miss
4480 http fetch GET 200 https://registry.npmjs.org/is-observable 961ms (cache miss)
4481 silly packumentCache full:https://registry.npmjs.org/is-observable set size:undefined disposed:false
4482 silly fetch manifest prettier@^1.15.2
4483 silly packumentCache full:https://registry.npmjs.org/prettier cache-miss
4484 http cache https://registry.npmjs.org/prettier 17ms (cache hit)
4485 silly packumentCache full:https://registry.npmjs.org/prettier set size:608248 disposed:false
4486 silly fetch manifest get-stdin@^7.0.0
4487 silly packumentCache full:https://registry.npmjs.org/get-stdin cache-miss
4488 http fetch GET 200 https://registry.npmjs.org/xo-init 213ms (cache miss)
4489 silly packumentCache full:https://registry.npmjs.org/xo-init set size:undefined disposed:false
4490 silly fetch manifest multimatch@^4.0.0
4491 silly packumentCache full:https://registry.npmjs.org/multimatch cache-miss
4492 http fetch GET 200 https://registry.npmjs.org/get-stdin 118ms (cache miss)
4493 silly packumentCache full:https://registry.npmjs.org/get-stdin set size:undefined disposed:false
4494 silly fetch manifest open-editor@^2.0.1
4495 silly packumentCache full:https://registry.npmjs.org/open-editor cache-miss
4496 http fetch GET 200 https://registry.npmjs.org/has-flag 220ms (cache miss)
4497 silly packumentCache full:https://registry.npmjs.org/has-flag set size:undefined disposed:false
4498 silly fetch manifest find-cache-dir@^3.0.0
4499 silly packumentCache full:https://registry.npmjs.org/find-cache-dir cache-hit
4500 silly fetch manifest lodash.isequal@^4.5.0
4501 silly packumentCache full:https://registry.npmjs.org/lodash.isequal cache-miss
4502 http fetch GET 200 https://registry.npmjs.org/is-plain-object 1033ms (cache miss)
4503 silly packumentCache full:https://registry.npmjs.org/is-plain-object set size:undefined disposed:false
4504 silly fetch manifest eslint-config-xo@^0.27.1
4505 silly packumentCache full:https://registry.npmjs.org/eslint-config-xo cache-miss
4506 http fetch GET 200 https://registry.npmjs.org/multimatch 221ms (cache miss)
4507 silly packumentCache full:https://registry.npmjs.org/multimatch set size:undefined disposed:false
4508 silly fetch manifest lodash.mergewith@^4.6.2
4509 silly packumentCache full:https://registry.npmjs.org/lodash.mergewith cache-miss
4510 http fetch GET 200 https://registry.npmjs.org/lodash.isequal 221ms (cache miss)
4511 silly packumentCache full:https://registry.npmjs.org/lodash.isequal set size:undefined disposed:false
4512 silly fetch manifest eslint-plugin-ava@^9.0.0
4513 silly packumentCache full:https://registry.npmjs.org/eslint-plugin-ava cache-miss
4514 http fetch GET 200 https://registry.npmjs.org/trim-off-newlines 1004ms (cache miss)
4515 silly packumentCache full:https://registry.npmjs.org/trim-off-newlines set size:undefined disposed:false
4516 silly fetch manifest eslint-plugin-node@^10.0.0
4517 silly packumentCache full:https://registry.npmjs.org/eslint-plugin-node cache-miss
4518 http fetch GET 200 https://registry.npmjs.org/ci-parallel-vars 1045ms (cache miss)
4519 silly packumentCache full:https://registry.npmjs.org/ci-parallel-vars set size:undefined disposed:false
4520 silly fetch manifest eslint-plugin-promise@^4.0.0
4521 silly packumentCache full:https://registry.npmjs.org/eslint-plugin-promise cache-hit
4522 silly fetch manifest eslint-plugin-unicorn@^12.0.0
4523 silly packumentCache full:https://registry.npmjs.org/eslint-plugin-unicorn cache-miss
4524 http cache https://registry.npmjs.org/eslint-plugin-node 16ms (cache hit)
4525 silly packumentCache full:https://registry.npmjs.org/eslint-plugin-node set size:170627 disposed:false
4526 silly fetch manifest eslint-config-prettier@^6.3.0
4527 silly packumentCache full:https://registry.npmjs.org/eslint-config-prettier cache-miss
4528 http cache https://registry.npmjs.org/eslint-config-prettier 15ms (cache hit)
4529 silly packumentCache full:https://registry.npmjs.org/eslint-config-prettier set size:258499 disposed:false
4530 silly fetch manifest eslint-plugin-prettier@^3.1.1
4531 silly packumentCache full:https://registry.npmjs.org/eslint-plugin-prettier cache-miss
4532 http fetch GET 200 https://registry.npmjs.org/lodash.mergewith 207ms (cache miss)
4533 silly packumentCache full:https://registry.npmjs.org/lodash.mergewith set size:undefined disposed:false
4534 silly fetch manifest eslint-formatter-pretty@^2.0.0
4535 silly packumentCache full:https://registry.npmjs.org/eslint-formatter-pretty cache-hit
4536 silly fetch manifest eslint-plugin-eslint-comments@^3.0.1
4537 silly packumentCache full:https://registry.npmjs.org/eslint-plugin-eslint-comments cache-miss
4538 http fetch GET 200 https://registry.npmjs.org/currently-unhandled 1038ms (cache miss)
4539 silly packumentCache full:https://registry.npmjs.org/currently-unhandled set size:undefined disposed:false
4540 silly fetch manifest eslint-plugin-no-use-extend-native@^0.4.0
4541 silly packumentCache full:https://registry.npmjs.org/eslint-plugin-no-use-extend-native cache-miss
4542 http fetch GET 200 https://registry.npmjs.org/eslint-plugin-ava 224ms (cache miss)
4543 silly packumentCache full:https://registry.npmjs.org/eslint-plugin-ava set size:undefined disposed:false
4544 http fetch GET 200 https://registry.npmjs.org/require-precompiled 1040ms (cache miss)
4545 silly packumentCache full:https://registry.npmjs.org/require-precompiled set size:undefined disposed:false
4546 http fetch GET 200 https://registry.npmjs.org/observable-to-promise 1040ms (cache miss)
4547 silly packumentCache full:https://registry.npmjs.org/observable-to-promise set size:undefined disposed:false
4548 http fetch GET 200 https://registry.npmjs.org/eslint-plugin-unicorn 234ms (cache miss)
4549 silly packumentCache full:https://registry.npmjs.org/eslint-plugin-unicorn set size:undefined disposed:false
4550 http fetch GET 200 https://registry.npmjs.org/eslint-plugin-prettier 224ms (cache miss)
4551 silly packumentCache full:https://registry.npmjs.org/eslint-plugin-prettier set size:undefined disposed:false
4552 http fetch GET 200 https://registry.npmjs.org/@ava%2fbabel-preset-stage-4 1111ms (cache miss)
4553 silly packumentCache full:https://registry.npmjs.org/@ava%2fbabel-preset-stage-4 set size:undefined disposed:false
4554 http fetch GET 200 https://registry.npmjs.org/eslint-plugin-eslint-comments 264ms (cache miss)
4555 silly packumentCache full:https://registry.npmjs.org/eslint-plugin-eslint-comments set size:undefined disposed:false
4556 http fetch GET 200 https://registry.npmjs.org/eslint-plugin-no-use-extend-native 265ms (cache miss)
4557 silly packumentCache full:https://registry.npmjs.org/eslint-plugin-no-use-extend-native set size:undefined disposed:false
4558 http fetch GET 200 https://registry.npmjs.org/open-editor 952ms (cache miss)
4559 silly packumentCache full:https://registry.npmjs.org/open-editor set size:undefined disposed:false
4560 http fetch GET 200 https://registry.npmjs.org/eslint-config-xo 1044ms (cache miss)
4561 silly packumentCache full:https://registry.npmjs.org/eslint-config-xo set size:undefined disposed:false
4562 http fetch GET 200 https://registry.npmjs.org/@ava%2fbabel-preset-transform-test-files 2157ms (cache miss)
4563 silly packumentCache full:https://registry.npmjs.org/@ava%2fbabel-preset-transform-test-files set size:undefined disposed:false
4564 silly fetch manifest jest@^20.0.4
4565 silly packumentCache full:https://registry.npmjs.org/jest cache-miss
4566 http cache https://registry.npmjs.org/jest 18ms (cache hit)
4567 silly packumentCache full:https://registry.npmjs.org/jest set size:840188 disposed:false
4568 silly fetch manifest xo@^0.18.2
4569 silly packumentCache full:https://registry.npmjs.org/xo cache-miss
4570 http cache https://registry.npmjs.org/xo 13ms (cache hit)
4571 silly packumentCache full:https://registry.npmjs.org/xo set size:481897 disposed:false
4572 silly placeDep node_modules/.pnpm/arg@4.1.3/node_modules/arg jest@20.0.4 OK for: arg@4.1.3 want: ^20.0.4
4573 silly placeDep node_modules/.pnpm/arg@4.1.3/node_modules/arg xo@0.18.2 OK for: arg@4.1.3 want: ^0.18.2
4574 silly fetch manifest jest-cli@^20.0.4
4575 silly packumentCache full:https://registry.npmjs.org/jest-cli cache-miss
4576 silly fetch manifest meow@^3.4.2
4577 silly packumentCache full:https://registry.npmjs.org/meow cache-hit
4578 silly fetch manifest debug@^2.2.0
4579 silly packumentCache full:https://registry.npmjs.org/debug cache-hit
4580 silly fetch manifest slash@^1.0.0
4581 silly packumentCache full:https://registry.npmjs.org/slash cache-hit
4582 silly fetch manifest arrify@^1.0.0
4583 silly packumentCache full:https://registry.npmjs.org/arrify cache-miss
4584 silly fetch manifest eslint@^3.18.0
4585 silly packumentCache full:https://registry.npmjs.org/eslint cache-miss
4586 silly fetch manifest globby@^6.0.0
4587 silly packumentCache full:https://registry.npmjs.org/globby cache-hit
4588 silly fetch manifest ignore@^3.2.6
4589 silly packumentCache full:https://registry.npmjs.org/ignore cache-hit
4590 silly fetch manifest xo-init@^0.5.0
4591 silly packumentCache full:https://registry.npmjs.org/xo-init cache-miss
4592 silly fetch manifest has-flag@^2.0.0
4593 silly packumentCache full:https://registry.npmjs.org/has-flag cache-miss
4594 silly fetch manifest pkg-conf@^2.0.0
4595 silly packumentCache full:https://registry.npmjs.org/pkg-conf cache-miss
4596 silly fetch manifest get-stdin@^5.0.0
4597 silly packumentCache full:https://registry.npmjs.org/get-stdin cache-miss
4598 silly fetch manifest multimatch@^2.1.0
4599 silly packumentCache full:https://registry.npmjs.org/multimatch cache-miss
4600 silly fetch manifest deep-assign@^1.0.0
4601 silly packumentCache full:https://registry.npmjs.org/deep-assign cache-miss
4602 silly fetch manifest resolve-cwd@^1.0.0
4603 silly packumentCache full:https://registry.npmjs.org/resolve-cwd cache-miss
4604 silly fetch manifest resolve-from@^2.0.0
4605 silly packumentCache full:https://registry.npmjs.org/resolve-from cache-miss
4606 http cache https://registry.npmjs.org/xo-init 57ms (cache hit)
4607 silly packumentCache full:https://registry.npmjs.org/xo-init set size:26681 disposed:false
4608 silly fetch manifest lodash.isequal@^4.4.0
4609 silly packumentCache full:https://registry.npmjs.org/lodash.isequal cache-miss
4610 http cache https://registry.npmjs.org/arrify 63ms (cache hit)
4611 silly packumentCache full:https://registry.npmjs.org/arrify set size:11862 disposed:false
4612 silly fetch manifest update-notifier@^2.1.0
4613 silly packumentCache full:https://registry.npmjs.org/update-notifier cache-hit
4614 silly fetch manifest eslint-config-xo@^0.18.0
4615 silly packumentCache full:https://registry.npmjs.org/eslint-config-xo cache-miss
4616 http cache https://registry.npmjs.org/jest-cli 75ms (cache hit)
4617 silly packumentCache full:https://registry.npmjs.org/jest-cli set size:1154682 disposed:false
4618 silly fetch manifest eslint-plugin-ava@^4.2.0
4619 silly packumentCache full:https://registry.npmjs.org/eslint-plugin-ava cache-miss
4620 http cache https://registry.npmjs.org/pkg-conf 112ms (cache hit)
4621 silly packumentCache full:https://registry.npmjs.org/pkg-conf set size:26982 disposed:false
4622 silly fetch manifest eslint-plugin-promise@^3.4.0
4623 silly packumentCache full:https://registry.npmjs.org/eslint-plugin-promise cache-hit
4624 silly fetch manifest eslint-plugin-unicorn@^2.1.0
4625 silly packumentCache full:https://registry.npmjs.org/eslint-plugin-unicorn cache-miss
4626 http cache https://registry.npmjs.org/has-flag 120ms (cache hit)
4627 silly packumentCache full:https://registry.npmjs.org/has-flag set size:15180 disposed:false
4628 silly fetch manifest eslint-formatter-pretty@^1.0.0
4629 silly packumentCache full:https://registry.npmjs.org/eslint-formatter-pretty cache-hit
4630 silly fetch manifest eslint-plugin-no-use-extend-native@^0.3.2
4631 silly packumentCache full:https://registry.npmjs.org/eslint-plugin-no-use-extend-native cache-miss
4632 http cache https://registry.npmjs.org/eslint 135ms (cache hit)
4633 silly packumentCache full:https://registry.npmjs.org/eslint set size:1811205 disposed:false
4634 http cache https://registry.npmjs.org/resolve-cwd 167ms (cache hit)
4635 silly packumentCache full:https://registry.npmjs.org/resolve-cwd set size:8449 disposed:false
4636 http cache https://registry.npmjs.org/multimatch 170ms (cache hit)
4637 silly packumentCache full:https://registry.npmjs.org/multimatch set size:26285 disposed:false
4638 http cache https://registry.npmjs.org/get-stdin 175ms (cache hit)
4639 silly packumentCache full:https://registry.npmjs.org/get-stdin set size:26009 disposed:false
4640 http cache https://registry.npmjs.org/resolve-from 173ms (cache hit)
4641 silly packumentCache full:https://registry.npmjs.org/resolve-from set size:12911 disposed:false
4642 http cache https://registry.npmjs.org/eslint-config-xo 143ms (cache hit)
4643 silly packumentCache full:https://registry.npmjs.org/eslint-config-xo set size:176121 disposed:false
4644 http cache https://registry.npmjs.org/lodash.isequal 155ms (cache hit)
4645 silly packumentCache full:https://registry.npmjs.org/lodash.isequal set size:48202 disposed:false
4646 http cache https://registry.npmjs.org/eslint-plugin-unicorn 100ms (cache hit)
4647 silly packumentCache full:https://registry.npmjs.org/eslint-plugin-unicorn set size:505199 disposed:false
4648 http cache https://registry.npmjs.org/eslint-plugin-no-use-extend-native 113ms (cache hit)
4649 silly packumentCache full:https://registry.npmjs.org/eslint-plugin-no-use-extend-native set size:72893 disposed:false
4650 http cache https://registry.npmjs.org/eslint-plugin-ava 131ms (cache hit)
4651 silly packumentCache full:https://registry.npmjs.org/eslint-plugin-ava set size:171590 disposed:false
4652 http fetch GET 200 https://registry.npmjs.org/deep-assign 248ms (cache miss)
4653 silly packumentCache full:https://registry.npmjs.org/deep-assign set size:undefined disposed:false
4654 silly fetch manifest ava@^1.4.1
4655 silly packumentCache full:https://registry.npmjs.org/ava cache-miss
4656 http cache https://registry.npmjs.org/ava 12ms (cache hit)
4657 silly packumentCache full:https://registry.npmjs.org/ava set size:545385 disposed:false
4658 silly fetch manifest tsd@^0.7.2
4659 silly packumentCache full:https://registry.npmjs.org/tsd cache-hit
4660 silly fetch manifest xo@^0.24.0
4661 silly packumentCache full:https://registry.npmjs.org/xo cache-hit
4662 silly placeDep node_modules/.pnpm/array-union@2.1.0/node_modules/array-union ava@1.4.1 OK for: array-union@2.1.0 want: ^1.4.1
4663 silly placeDep node_modules/.pnpm/array-union@2.1.0/node_modules/array-union tsd@0.7.4 OK for: array-union@2.1.0 want: ^0.7.2
4664 silly placeDep node_modules/.pnpm/array-union@2.1.0/node_modules/array-union xo@0.24.0 OK for: array-union@2.1.0 want: ^0.24.0
4665 silly fetch manifest del@^4.0.0
4666 silly packumentCache full:https://registry.npmjs.org/del cache-miss
4667 silly fetch manifest esm@^3.2.20
4668 silly packumentCache full:https://registry.npmjs.org/esm cache-miss
4669 silly fetch manifest ora@^3.2.0
4670 silly packumentCache full:https://registry.npmjs.org/ora cache-miss
4671 silly fetch manifest plur@^3.0.1
4672 silly packumentCache full:https://registry.npmjs.org/plur cache-hit
4673 silly fetch manifest globby@^7.1.1
4674 silly packumentCache full:https://registry.npmjs.org/globby cache-hit
4675 silly fetch manifest figures@^2.0.0
4676 silly packumentCache full:https://registry.npmjs.org/figures cache-hit
4677 silly fetch manifest find-up@^3.0.0
4678 silly packumentCache full:https://registry.npmjs.org/find-up cache-hit
4679 silly fetch manifest matcher@^1.1.1
4680 silly packumentCache full:https://registry.npmjs.org/matcher cache-miss
4681 silly fetch manifest md5-hex@^2.0.0
4682 silly packumentCache full:https://registry.npmjs.org/md5-hex cache-miss
4683 silly fetch manifest bluebird@^3.5.3
4684 silly packumentCache full:https://registry.npmjs.org/bluebird cache-hit
4685 silly fetch manifest chokidar@^2.1.5
4686 silly packumentCache full:https://registry.npmjs.org/chokidar cache-hit
4687 silly fetch manifest dot-prop@^4.2.0
4688 silly packumentCache full:https://registry.npmjs.org/dot-prop cache-miss
4689 silly fetch manifest get-port@^4.2.0
4690 silly packumentCache full:https://registry.npmjs.org/get-port cache-miss
4691 silly fetch manifest is-error@^2.2.1
4692 silly packumentCache full:https://registry.npmjs.org/is-error cache-miss
4693 silly fetch manifest pkg-conf@^3.0.0
4694 silly packumentCache full:https://registry.npmjs.org/pkg-conf cache-hit
4695 silly fetch manifest pretty-ms@^4.0.0
4696 silly packumentCache full:https://registry.npmjs.org/pretty-ms cache-hit
4697 silly fetch manifest array-uniq@^2.0.0
4698 silly packumentCache full:https://registry.npmjs.org/array-uniq cache-miss
4699 silly fetch manifest cli-cursor@^2.1.0
4700 silly packumentCache full:https://registry.npmjs.org/cli-cursor cache-miss
4701 silly fetch manifest multimatch@^3.0.0
4702 silly packumentCache full:https://registry.npmjs.org/multimatch cache-hit
4703 silly fetch manifest array-union@^1.0.1
4704 silly packumentCache full:https://registry.npmjs.org/array-union cache-miss
4705 http cache https://registry.npmjs.org/matcher 52ms (cache hit)
4706 silly packumentCache full:https://registry.npmjs.org/matcher set size:29549 disposed:false
4707 silly fetch manifest clean-stack@^2.0.0
4708 silly packumentCache full:https://registry.npmjs.org/clean-stack cache-miss
4709 http cache https://registry.npmjs.org/del 64ms (cache hit)
4710 silly packumentCache full:https://registry.npmjs.org/del set size:68371 disposed:false
4711 silly fetch manifest resolve-cwd@^2.0.0
4712 silly packumentCache full:https://registry.npmjs.org/resolve-cwd cache-hit
4713 silly fetch manifest ansi-escapes@^3.2.0
4714 silly packumentCache full:https://registry.npmjs.org/ansi-escapes cache-miss
4715 http cache https://registry.npmjs.org/ora 72ms (cache hit)
4716 silly packumentCache full:https://registry.npmjs.org/ora set size:131088 disposed:false
4717 silly fetch manifest cli-truncate@^1.1.0
4718 silly packumentCache full:https://registry.npmjs.org/cli-truncate cache-miss
4719 http cache https://registry.npmjs.org/esm 80ms (cache hit)
4720 silly packumentCache full:https://registry.npmjs.org/esm set size:316948 disposed:false
4721 silly fetch manifest import-local@^2.0.0
4722 silly packumentCache full:https://registry.npmjs.org/import-local cache-miss
4723 http cache https://registry.npmjs.org/is-error 73ms (cache hit)
4724 silly packumentCache full:https://registry.npmjs.org/is-error set size:13820 disposed:false
4725 silly fetch manifest lodash.clone@^4.5.0
4726 silly packumentCache full:https://registry.npmjs.org/lodash.clone cache-miss
4727 http cache https://registry.npmjs.org/md5-hex 86ms (cache hit)
4728 silly packumentCache full:https://registry.npmjs.org/md5-hex set size:23173 disposed:false
4729 silly fetch manifest package-hash@^3.0.0
4730 silly packumentCache full:https://registry.npmjs.org/package-hash cache-miss
4731 http cache https://registry.npmjs.org/get-port 81ms (cache hit)
4732 silly packumentCache full:https://registry.npmjs.org/get-port set size:44855 disposed:false
4733 silly fetch manifest indent-string@^3.2.0
4734 silly packumentCache full:https://registry.npmjs.org/indent-string cache-miss
4735 http cache https://registry.npmjs.org/dot-prop 92ms (cache hit)
4736 silly packumentCache full:https://registry.npmjs.org/dot-prop set size:68929 disposed:false
4737 silly fetch manifest is-observable@^1.1.0
4738 silly packumentCache full:https://registry.npmjs.org/is-observable cache-miss
4739 http cache https://registry.npmjs.org/array-uniq 102ms (cache hit)
4740 silly packumentCache full:https://registry.npmjs.org/array-uniq set size:17812 disposed:false
4741 silly fetch manifest strip-bom-buf@^1.0.0
4742 silly packumentCache full:https://registry.npmjs.org/strip-bom-buf cache-miss
4743 http cache https://registry.npmjs.org/array-union 105ms (cache hit)
4744 silly packumentCache full:https://registry.npmjs.org/array-union set size:18386 disposed:false
4745 silly fetch manifest lodash.flatten@^4.2.0
4746 silly packumentCache full:https://registry.npmjs.org/lodash.flatten cache-miss
4747 http cache https://registry.npmjs.org/cli-cursor 112ms (cache hit)
4748 silly packumentCache full:https://registry.npmjs.org/cli-cursor set size:18913 disposed:false
4749 silly fetch manifest loud-rejection@^1.2.0
4750 silly packumentCache full:https://registry.npmjs.org/loud-rejection cache-miss
4751 http cache https://registry.npmjs.org/clean-stack 115ms (cache hit)
4752 silly packumentCache full:https://registry.npmjs.org/clean-stack set size:48891 disposed:false
4753 silly fetch manifest supports-color@^6.1.0
4754 silly packumentCache full:https://registry.npmjs.org/supports-color cache-hit
4755 silly fetch manifest is-plain-object@^2.0.4
4756 silly packumentCache full:https://registry.npmjs.org/is-plain-object cache-miss
4757 http cache https://registry.npmjs.org/import-local 91ms (cache hit)
4758 silly packumentCache full:https://registry.npmjs.org/import-local set size:24258 disposed:false
4759 silly fetch manifest lodash.debounce@^4.0.3
4760 silly packumentCache full:https://registry.npmjs.org/lodash.debounce cache-miss
4761 http cache https://registry.npmjs.org/cli-truncate 107ms (cache hit)
4762 silly packumentCache full:https://registry.npmjs.org/cli-truncate set size:25521 disposed:false
4763 silly fetch manifest @babel/generator@^7.4.0
4764 silly packumentCache full:https://registry.npmjs.org/@babel%2fgenerator cache-hit
4765 silly fetch manifest lodash.clonedeep@^4.5.0
4766 silly packumentCache full:https://registry.npmjs.org/lodash.clonedeep cache-miss
4767 http cache https://registry.npmjs.org/ansi-escapes 121ms (cache hit)
4768 silly packumentCache full:https://registry.npmjs.org/ansi-escapes set size:61494 disposed:false
4769 silly fetch manifest lodash.difference@^4.3.0
4770 silly packumentCache full:https://registry.npmjs.org/lodash.difference cache-miss
4771 http cache https://registry.npmjs.org/package-hash 114ms (cache hit)
4772 silly packumentCache full:https://registry.npmjs.org/package-hash set size:19988 disposed:false
4773 silly fetch manifest escape-string-regexp@^1.0.5
4774 silly packumentCache full:https://registry.npmjs.org/escape-string-regexp cache-hit
4775 silly fetch manifest lodash.clonedeepwith@^4.5.0
4776 silly packumentCache full:https://registry.npmjs.org/lodash.clonedeepwith cache-miss
4777 http cache https://registry.npmjs.org/indent-string 116ms (cache hit)
4778 silly packumentCache full:https://registry.npmjs.org/indent-string set size:28547 disposed:false
4779 silly fetch manifest observable-to-promise@^0.5.0
4780 silly packumentCache full:https://registry.npmjs.org/observable-to-promise cache-miss
4781 http cache https://registry.npmjs.org/is-observable 112ms (cache hit)
4782 silly packumentCache full:https://registry.npmjs.org/is-observable set size:16004 disposed:false
4783 silly fetch manifest @ava/write-file-atomic@^2.2.0
4784 silly packumentCache full:https://registry.npmjs.org/@ava%2fwrite-file-atomic cache-miss
4785 http cache https://registry.npmjs.org/strip-bom-buf 100ms (cache hit)
4786 silly packumentCache full:https://registry.npmjs.org/strip-bom-buf set size:13258 disposed:false
4787 silly fetch manifest @ava/babel-preset-stage-4@^2.0.0
4788 silly packumentCache full:https://registry.npmjs.org/@ava%2fbabel-preset-stage-4 cache-miss
4789 http cache https://registry.npmjs.org/loud-rejection 90ms (cache hit)
4790 silly packumentCache full:https://registry.npmjs.org/loud-rejection set size:29632 disposed:false
4791 silly fetch manifest @babel/plugin-syntax-async-generators@^7.2.0
4792 silly packumentCache full:https://registry.npmjs.org/@babel%2fplugin-syntax-async-generators cache-miss
4793 http cache https://registry.npmjs.org/is-plain-object 63ms (cache hit)
4794 silly packumentCache full:https://registry.npmjs.org/is-plain-object set size:47016 disposed:false
4795 silly fetch manifest @ava/babel-preset-transform-test-files@^5.0.0
4796 silly packumentCache full:https://registry.npmjs.org/@ava%2fbabel-preset-transform-test-files cache-miss
4797 http cache https://registry.npmjs.org/@ava%2fbabel-preset-stage-4 23ms (cache hit)
4798 silly packumentCache full:https://registry.npmjs.org/@ava%2fbabel-preset-stage-4 set size:75618 disposed:false
4799 silly fetch manifest @babel/plugin-syntax-object-rest-spread@^7.2.0
4800 silly packumentCache full:https://registry.npmjs.org/@babel%2fplugin-syntax-object-rest-spread cache-miss
4801 http cache https://registry.npmjs.org/observable-to-promise 37ms (cache hit)
4802 silly packumentCache full:https://registry.npmjs.org/observable-to-promise set size:15357 disposed:false
4803 silly fetch manifest @babel/plugin-syntax-optional-catch-binding@^7.2.0
4804 silly packumentCache full:https://registry.npmjs.org/@babel%2fplugin-syntax-optional-catch-binding cache-miss
4805 http cache https://registry.npmjs.org/@ava%2fbabel-preset-transform-test-files 25ms (cache hit)
4806 silly packumentCache full:https://registry.npmjs.org/@ava%2fbabel-preset-transform-test-files set size:52690 disposed:false
4807 silly fetch manifest typescript@^3.0.1
4808 silly packumentCache full:https://registry.npmjs.org/typescript cache-miss
4809 http cache https://registry.npmjs.org/@babel%2fplugin-syntax-object-rest-spread 23ms (cache hit)
4810 silly packumentCache full:https://registry.npmjs.org/@babel%2fplugin-syntax-object-rest-spread set size:82808 disposed:false
4811 silly fetch manifest arrify@^1.0.1
4812 silly packumentCache full:https://registry.npmjs.org/arrify cache-hit
4813 silly fetch manifest eslint@^5.12.0
4814 silly packumentCache full:https://registry.npmjs.org/eslint cache-miss
4815 http cache https://registry.npmjs.org/eslint 30ms (cache hit)
4816 silly packumentCache full:https://registry.npmjs.org/eslint set size:1811205 disposed:false
4817 silly fetch manifest semver@^5.5.0
4818 silly packumentCache full:https://registry.npmjs.org/semver cache-hit
4819 silly fetch manifest has-flag@^3.0.0
4820 silly packumentCache full:https://registry.npmjs.org/has-flag cache-hit
4821 silly fetch manifest pkg-conf@^2.1.0
4822 silly packumentCache full:https://registry.npmjs.org/pkg-conf cache-hit
4823 silly fetch manifest get-stdin@^6.0.0
4824 silly packumentCache full:https://registry.npmjs.org/get-stdin cache-hit
4825 silly fetch manifest open-editor@^1.2.0
4826 silly packumentCache full:https://registry.npmjs.org/open-editor cache-miss
4827 http cache https://registry.npmjs.org/typescript 140ms (cache hit)
4828 silly packumentCache full:https://registry.npmjs.org/typescript set size:14432499 disposed:false
4829 silly fetch manifest update-notifier@^2.3.0
4830 silly packumentCache full:https://registry.npmjs.org/update-notifier cache-hit
4831 silly fetch manifest eslint-config-xo@^0.26.0
4832 silly packumentCache full:https://registry.npmjs.org/eslint-config-xo cache-hit
4833 silly fetch manifest lodash.mergewith@^4.6.1
4834 silly packumentCache full:https://registry.npmjs.org/lodash.mergewith cache-miss
4835 http fetch GET 200 https://registry.npmjs.org/lodash.clonedeep 613ms (cache miss)
4836 silly packumentCache full:https://registry.npmjs.org/lodash.clonedeep set size:undefined disposed:false
4837 silly fetch manifest eslint-plugin-ava@^5.1.0
4838 silly packumentCache full:https://registry.npmjs.org/eslint-plugin-ava cache-hit
4839 silly fetch manifest eslint-plugin-node@^8.0.0
4840 silly packumentCache full:https://registry.npmjs.org/eslint-plugin-node cache-hit
4841 silly fetch manifest eslint-plugin-unicorn@^7.0.0
4842 silly packumentCache full:https://registry.npmjs.org/eslint-plugin-unicorn cache-hit
4843 silly fetch manifest eslint-config-prettier@^3.3.0
4844 silly packumentCache full:https://registry.npmjs.org/eslint-config-prettier cache-hit
4845 silly fetch manifest eslint-plugin-prettier@^3.0.0
4846 silly packumentCache full:https://registry.npmjs.org/eslint-plugin-prettier cache-miss
4847 http fetch GET 200 https://registry.npmjs.org/lodash.difference 650ms (cache miss)
4848 silly packumentCache full:https://registry.npmjs.org/lodash.difference set size:undefined disposed:false
4849 http fetch GET 200 https://registry.npmjs.org/lodash.flatten 717ms (cache miss)
4850 silly packumentCache full:https://registry.npmjs.org/lodash.flatten set size:undefined disposed:false
4851 http fetch GET 200 https://registry.npmjs.org/@ava%2fwrite-file-atomic 637ms (cache miss)
4852 silly packumentCache full:https://registry.npmjs.org/@ava%2fwrite-file-atomic set size:undefined disposed:false
4853 http fetch GET 200 https://registry.npmjs.org/lodash.clonedeepwith 649ms (cache miss)
4854 silly packumentCache full:https://registry.npmjs.org/lodash.clonedeepwith set size:undefined disposed:false
4855 http cache https://registry.npmjs.org/lodash.mergewith 99ms (cache hit)
4856 silly packumentCache full:https://registry.npmjs.org/lodash.mergewith set size:42135 disposed:false
4857 http cache https://registry.npmjs.org/open-editor 511ms (cache hit)
4858 silly packumentCache full:https://registry.npmjs.org/open-editor set size:29063 disposed:false
4859 http fetch GET 200 https://registry.npmjs.org/@babel%2fplugin-syntax-async-generators 650ms (cache miss)
4860 silly packumentCache full:https://registry.npmjs.org/@babel%2fplugin-syntax-async-generators set size:undefined disposed:false
4861 http fetch GET 200 https://registry.npmjs.org/lodash.debounce 699ms (cache miss)
4862 silly packumentCache full:https://registry.npmjs.org/lodash.debounce set size:undefined disposed:false
4863 http fetch GET 200 https://registry.npmjs.org/@babel%2fplugin-syntax-optional-catch-binding 628ms (cache miss)
4864 silly packumentCache full:https://registry.npmjs.org/@babel%2fplugin-syntax-optional-catch-binding set size:undefined disposed:false
4865 http cache https://registry.npmjs.org/eslint-plugin-prettier 77ms (cache hit)
4866 silly packumentCache full:https://registry.npmjs.org/eslint-plugin-prettier set size:172343 disposed:false
4867 http fetch GET 200 https://registry.npmjs.org/lodash.clone 1090ms (cache miss)
4868 silly packumentCache full:https://registry.npmjs.org/lodash.clone set size:undefined disposed:false
4869 silly placeDep node_modules/.pnpm/callsites@3.1.0/node_modules/callsites ava@1.4.1 OK for: callsites@3.1.0 want: ^1.4.1
4870 silly placeDep node_modules/.pnpm/callsites@3.1.0/node_modules/callsites tsd@0.7.4 OK for: callsites@3.1.0 want: ^0.7.2
4871 silly placeDep node_modules/.pnpm/callsites@3.1.0/node_modules/callsites xo@0.24.0 OK for: callsites@3.1.0 want: ^0.24.0
4872 silly placeDep node_modules/.pnpm/clean-stack@2.2.0/node_modules/clean-stack ava@1.4.1 OK for: clean-stack@2.2.0 want: ^1.4.1
4873 silly placeDep node_modules/.pnpm/clean-stack@2.2.0/node_modules/clean-stack tsd@0.7.4 OK for: clean-stack@2.2.0 want: ^0.7.2
4874 silly placeDep node_modules/.pnpm/clean-stack@2.2.0/node_modules/clean-stack xo@0.24.0 OK for: clean-stack@2.2.0 want: ^0.24.0
4875 silly fetch manifest @types/node@^17.0.41
4876 silly packumentCache full:https://registry.npmjs.org/@types%2fnode cache-miss
4877 http cache https://registry.npmjs.org/@types%2fnode 128ms (cache hit)
4878 silly packumentCache full:https://registry.npmjs.org/@types%2fnode set size:10434236 disposed:false
4879 silly fetch manifest log-update@^3.2.0
4880 silly packumentCache full:https://registry.npmjs.org/log-update cache-miss
4881 http fetch GET 200 https://registry.npmjs.org/log-update 518ms (cache miss)
4882 silly packumentCache full:https://registry.npmjs.org/log-update set size:undefined disposed:false
4883 silly fetch manifest string-length@^4.0.1
4884 silly packumentCache full:https://registry.npmjs.org/string-length cache-miss
4885 http fetch GET 200 https://registry.npmjs.org/string-length 278ms (cache miss)
4886 silly packumentCache full:https://registry.npmjs.org/string-length set size:undefined disposed:false
4887 silly placeDep node_modules/.pnpm/cli-spinners@2.9.2/node_modules/cli-spinners @types/node@17.0.45 OK for: cli-spinners@2.9.2 want: ^17.0.41
4888 silly placeDep node_modules/.pnpm/cli-spinners@2.9.2/node_modules/cli-spinners ava@1.4.1 OK for: cli-spinners@2.9.2 want: ^1.4.1
4889 silly placeDep ROOT log-update@3.4.0 OK for: cli-spinners@2.9.2 want: ^3.2.0
4890 silly placeDep ROOT string-length@4.0.2 OK for: cli-spinners@2.9.2 want: ^4.0.1
4891 silly placeDep node_modules/.pnpm/cli-spinners@2.9.2/node_modules/cli-spinners tsd@0.7.4 OK for: cli-spinners@2.9.2 want: ^0.7.2
4892 silly placeDep node_modules/.pnpm/cli-spinners@2.9.2/node_modules/cli-spinners xo@0.24.0 OK for: cli-spinners@2.9.2 want: ^0.24.0
4893 silly fetch manifest wrap-ansi@^5.0.0
4894 silly packumentCache full:https://registry.npmjs.org/wrap-ansi cache-miss
4895 silly fetch manifest char-regex@^1.0.2
4896 silly packumentCache full:https://registry.npmjs.org/char-regex cache-miss
4897 silly fetch manifest strip-ansi@^6.0.0
4898 silly packumentCache full:https://registry.npmjs.org/strip-ansi cache-miss
4899 http cache https://registry.npmjs.org/strip-ansi 152ms (cache hit)
4900 silly packumentCache full:https://registry.npmjs.org/strip-ansi set size:43180 disposed:false
4901 http fetch GET 200 https://registry.npmjs.org/wrap-ansi 214ms (cache miss)
4902 silly packumentCache full:https://registry.npmjs.org/wrap-ansi set size:undefined disposed:false
4903 http fetch GET 200 https://registry.npmjs.org/char-regex 226ms (cache miss)
4904 silly packumentCache full:https://registry.npmjs.org/char-regex set size:undefined disposed:false
4905 silly fetch manifest beautify-benchmark@0.2.4
4906 silly packumentCache full:https://registry.npmjs.org/beautify-benchmark cache-miss
4907 http fetch GET 200 https://registry.npmjs.org/beautify-benchmark 1002ms (cache miss)
4908 silly packumentCache full:https://registry.npmjs.org/beautify-benchmark set size:undefined disposed:false
4909 silly fetch manifest eslint@8.53.0
4910 silly packumentCache full:https://registry.npmjs.org/eslint cache-miss
4911 http cache https://registry.npmjs.org/eslint 30ms (cache hit)
4912 silly packumentCache full:https://registry.npmjs.org/eslint set size:1811205 disposed:false
4913 silly fetch manifest eslint-plugin-markdown@3.0.1
4914 silly packumentCache full:https://registry.npmjs.org/eslint-plugin-markdown cache-miss
4915 http cache https://registry.npmjs.org/eslint-plugin-markdown 35ms (cache hit)
4916 silly packumentCache full:https://registry.npmjs.org/eslint-plugin-markdown set size:88065 disposed:false
4917 silly fetch manifest top-sites@1.1.194
4918 silly packumentCache full:https://registry.npmjs.org/top-sites cache-miss
4919 http fetch GET 200 https://registry.npmjs.org/top-sites 1138ms (cache miss)
4920 silly packumentCache full:https://registry.npmjs.org/top-sites set size:undefined disposed:false
4921 silly placeDep ROOT beautify-benchmark@0.2.4 OK for: cookie@0.7.2 want: 0.2.4
4922 silly placeDep node_modules/.pnpm/cookie@0.7.2/node_modules/cookie eslint@8.53.0 OK for: cookie@0.7.2 want: 8.53.0
4923 silly placeDep node_modules/.pnpm/cookie@0.7.2/node_modules/cookie eslint-plugin-markdown@3.0.1 OK for: cookie@0.7.2 want: 3.0.1
4924 silly placeDep node_modules/.pnpm/cookie@0.7.2/node_modules/cookie mocha@10.2.0 OK for: cookie@0.7.2 want: 10.2.0
4925 silly placeDep ROOT top-sites@1.1.194 OK for: cookie@0.7.2 want: 1.1.194
4926 silly fetch manifest @eslint/js@8.53.0
4927 silly packumentCache full:https://registry.npmjs.org/@eslint%2fjs cache-hit
4928 silly fetch manifest @eslint/eslintrc@^2.1.3
4929 silly packumentCache full:https://registry.npmjs.org/@eslint%2feslintrc cache-hit
4930 silly fetch manifest @humanwhocodes/config-array@^0.11.13
4931 silly packumentCache full:https://registry.npmjs.org/@humanwhocodes%2fconfig-array cache-hit
4932 silly fetch manifest got@~11.8.6
4933 silly packumentCache full:https://registry.npmjs.org/got cache-miss
4934 silly fetch manifest p-any@~3.0.0
4935 silly packumentCache full:https://registry.npmjs.org/p-any cache-miss
4936 silly fetch manifest lodash@~4.17.21
4937 silly packumentCache full:https://registry.npmjs.org/lodash cache-hit
4938 silly fetch manifest cheerio@~1.0.0-rc.5
4939 silly packumentCache full:https://registry.npmjs.org/cheerio cache-miss
4940 silly fetch manifest papaparse@~5.4.0
4941 silly packumentCache full:https://registry.npmjs.org/papaparse cache-miss
4942 silly fetch manifest p-cancelable@2.1.1
4943 silly packumentCache full:https://registry.npmjs.org/p-cancelable cache-miss
4944 silly fetch manifest write-json-file@~4.3.0
4945 silly packumentCache full:https://registry.npmjs.org/write-json-file cache-miss
4946 silly fetch manifest parse-decimal-number@~1.0.0
4947 silly packumentCache full:https://registry.npmjs.org/parse-decimal-number cache-miss
4948 http cache https://registry.npmjs.org/got 139ms (cache hit)
4949 silly packumentCache full:https://registry.npmjs.org/got set size:620110 disposed:false
4950 http fetch GET 200 https://registry.npmjs.org/p-cancelable 326ms (cache miss)
4951 silly packumentCache full:https://registry.npmjs.org/p-cancelable set size:undefined disposed:false
4952 http fetch GET 200 https://registry.npmjs.org/p-any 335ms (cache miss)
4953 silly packumentCache full:https://registry.npmjs.org/p-any set size:undefined disposed:false
4954 http fetch GET 200 https://registry.npmjs.org/papaparse 338ms (cache miss)
4955 silly packumentCache full:https://registry.npmjs.org/papaparse set size:undefined disposed:false
4956 http fetch GET 200 https://registry.npmjs.org/cheerio 353ms (cache miss)
4957 silly packumentCache full:https://registry.npmjs.org/cheerio set size:undefined disposed:false
4958 http fetch GET 200 https://registry.npmjs.org/write-json-file 1039ms (cache miss)
4959 silly packumentCache full:https://registry.npmjs.org/write-json-file set size:undefined disposed:false
4960 http fetch GET 200 https://registry.npmjs.org/parse-decimal-number 1054ms (cache miss)
4961 silly packumentCache full:https://registry.npmjs.org/parse-decimal-number set size:undefined disposed:false
4962 silly fetch manifest @types/chokidar@^2.1.3
4963 silly packumentCache full:https://registry.npmjs.org/@types%2fchokidar cache-miss
4964 http fetch GET 200 https://registry.npmjs.org/@types%2fchokidar 381ms (cache miss)
4965 silly packumentCache full:https://registry.npmjs.org/@types%2fchokidar set size:undefined disposed:false
4966 silly fetch manifest @types/css-tree@^2.3.1
4967 silly packumentCache full:https://registry.npmjs.org/@types%2fcss-tree cache-miss
4968 http fetch GET 200 https://registry.npmjs.org/@types%2fcss-tree 374ms (cache miss)
4969 silly packumentCache full:https://registry.npmjs.org/@types%2fcss-tree set size:undefined disposed:false
4970 silly fetch manifest @types/jsdom@^21.1.1
4971 silly packumentCache full:https://registry.npmjs.org/@types%2fjsdom cache-miss
4972 http fetch GET 200 https://registry.npmjs.org/@types%2fjsdom 185ms (cache miss)
4973 silly packumentCache full:https://registry.npmjs.org/@types%2fjsdom set size:undefined disposed:false
4974 silly fetch manifest @types/node@^16.18.23
4975 silly packumentCache full:https://registry.npmjs.org/@types%2fnode cache-miss
4976 http cache https://registry.npmjs.org/@types%2fnode 57ms (cache hit)
4977 silly packumentCache full:https://registry.npmjs.org/@types%2fnode set size:10434236 disposed:false
4978 silly fetch manifest @types/prettier@^2.7.2
4979 silly packumentCache full:https://registry.npmjs.org/@types%2fprettier cache-miss
4980 http fetch GET 200 https://registry.npmjs.org/@types%2fprettier 174ms (cache miss)
4981 silly packumentCache full:https://registry.npmjs.org/@types%2fprettier set size:undefined disposed:false
4982 silly fetch manifest @types/request@^2.48.8
4983 silly packumentCache full:https://registry.npmjs.org/@types%2frequest cache-miss
4984 http fetch GET 200 https://registry.npmjs.org/@types%2frequest 426ms (cache miss)
4985 silly packumentCache full:https://registry.npmjs.org/@types%2frequest set size:undefined disposed:false
4986 silly fetch manifest @types/turndown@^5.0.1
4987 silly packumentCache full:https://registry.npmjs.org/@types%2fturndown cache-miss
4988 http fetch GET 200 https://registry.npmjs.org/@types%2fturndown 140ms (cache miss)
4989 silly packumentCache full:https://registry.npmjs.org/@types%2fturndown set size:undefined disposed:false
4990 silly fetch manifest @typescript-eslint/eslint-plugin@^5.57.0
4991 silly packumentCache full:https://registry.npmjs.org/@typescript-eslint%2feslint-plugin cache-miss
4992 http cache https://registry.npmjs.org/@typescript-eslint%2feslint-plugin 130ms (cache hit)
4993 silly packumentCache full:https://registry.npmjs.org/@typescript-eslint%2feslint-plugin set size:16347174 disposed:false
4994 silly fetch manifest @typescript-eslint/parser@^5.57.0
4995 silly packumentCache full:https://registry.npmjs.org/@typescript-eslint%2fparser cache-miss
4996 http cache https://registry.npmjs.org/@typescript-eslint%2fparser 162ms (cache hit)
4997 silly packumentCache full:https://registry.npmjs.org/@typescript-eslint%2fparser set size:14035609 disposed:false
4998 silly fetch manifest eslint@^8.37.0
4999 silly packumentCache full:https://registry.npmjs.org/eslint cache-miss
5000 http cache https://registry.npmjs.org/eslint 37ms (cache hit)
5001 silly packumentCache full:https://registry.npmjs.org/eslint set size:1811205 disposed:false
5002 silly fetch manifest css-tree@^2.3.1
5003 silly packumentCache full:https://registry.npmjs.org/css-tree cache-miss
5004 http fetch GET 200 https://registry.npmjs.org/css-tree 957ms (cache miss)
5005 silly packumentCache full:https://registry.npmjs.org/css-tree set size:undefined disposed:false
5006 silly fetch manifest eslint-config-prettier@^8.8.0
5007 silly packumentCache full:https://registry.npmjs.org/eslint-config-prettier cache-hit
5008 silly fetch manifest eslint-plugin-prettier@^4.2.1
5009 silly packumentCache full:https://registry.npmjs.org/eslint-plugin-prettier cache-hit
5010 silly fetch manifest flow-bin@^0.203.1
5011 silly packumentCache full:https://registry.npmjs.org/flow-bin cache-miss
5012 http cache https://registry.npmjs.org/flow-bin 144ms (cache hit)
5013 silly packumentCache full:https://registry.npmjs.org/flow-bin set size:1007682 disposed:false
5014 silly fetch manifest jsdom@^21.1.1
5015 silly packumentCache full:https://registry.npmjs.org/jsdom cache-miss
5016 http cache https://registry.npmjs.org/jsdom 67ms (cache hit)
5017 silly packumentCache full:https://registry.npmjs.org/jsdom set size:973427 disposed:false
5018 silly fetch manifest mdn-browser-compat-data@git+https://github.com/mdn/browser-compat-data.git#1bf44517bd08de735e9ec20dbfe8e86c96341054
5019 http fetch GET 200 https://codeload.github.com/mdn/browser-compat-data/tar.gz/1bf44517bd08de735e9ec20dbfe8e86c96341054 15229ms (cache miss)
5020 silly fetch manifest mdn-data@git+https://github.com/mdn/data.git#7f0c865a3c4b5d891285c93308ee5c25cb5cfee8
5021 http fetch GET 200 https://codeload.github.com/mdn/data/tar.gz/7f0c865a3c4b5d891285c93308ee5c25cb5cfee8 2283ms (cache miss)
5022 silly packumentCache heap:2197815296 maxSize:549453824 maxEntrySize:274726912
5023 silly fetch manifest prettier@^2.8.7
5024 silly packumentCache full:https://registry.npmjs.org/prettier cache-hit
5025 silly fetch manifest turndown@^7.1.2
5026 silly packumentCache full:https://registry.npmjs.org/turndown cache-miss
5027 http fetch GET 200 https://registry.npmjs.org/turndown 226ms (cache miss)
5028 silly packumentCache full:https://registry.npmjs.org/turndown set size:undefined disposed:false
5029 silly fetch manifest typescript@~5.0.3
5030 silly packumentCache full:https://registry.npmjs.org/typescript cache-miss
5031 http cache https://registry.npmjs.org/typescript 84ms (cache hit)
5032 silly packumentCache full:https://registry.npmjs.org/typescript set size:14432499 disposed:false
5033 silly placeDep ROOT @types/chokidar@2.1.7 OK for: csstype@3.1.3 want: ^2.1.3
5034 silly placeDep ROOT @types/css-tree@2.3.10 OK for: csstype@3.1.3 want: ^2.3.1
5035 silly placeDep ROOT @types/jsdom@21.1.7 OK for: csstype@3.1.3 want: ^21.1.1
5036 silly placeDep node_modules/.pnpm/csstype@3.1.3/node_modules/csstype @types/node@16.18.126 OK for: csstype@3.1.3 want: ^16.18.23
5037 silly placeDep ROOT @types/prettier@2.7.3 OK for: csstype@3.1.3 want: ^2.7.2
5038 silly placeDep ROOT @types/request@2.48.12 OK for: csstype@3.1.3 want: ^2.48.8
5039 silly placeDep ROOT @types/turndown@5.0.5 OK for: csstype@3.1.3 want: ^5.0.1
5040 silly placeDep node_modules/.pnpm/csstype@3.1.3/node_modules/csstype @typescript-eslint/eslint-plugin@5.62.0 OK for: csstype@3.1.3 want: ^5.57.0
5041 silly placeDep node_modules/.pnpm/csstype@3.1.3/node_modules/csstype @typescript-eslint/parser@5.62.0 OK for: csstype@3.1.3 want: ^5.57.0
5042 silly placeDep ROOT css-tree@2.3.1 OK for: csstype@3.1.3 want: ^2.3.1
5043 silly placeDep node_modules/.pnpm/csstype@3.1.3/node_modules/csstype eslint@8.57.1 OK for: csstype@3.1.3 want: ^8.37.0
5044 silly placeDep node_modules/.pnpm/csstype@3.1.3/node_modules/csstype eslint-config-prettier@8.10.0 OK for: csstype@3.1.3 want: ^8.8.0
5045 silly placeDep ROOT eslint-plugin-prettier@4.2.1 OK for: csstype@3.1.3 want: ^4.2.1
5046 silly placeDep node_modules/.pnpm/csstype@3.1.3/node_modules/csstype flow-bin@0.203.1 OK for: csstype@3.1.3 want: ^0.203.1
5047 silly placeDep node_modules/.pnpm/csstype@3.1.3/node_modules/csstype jsdom@21.1.2 OK for: csstype@3.1.3 want: ^21.1.1
5048 silly placeDep node_modules/.pnpm/csstype@3.1.3/node_modules/csstype mdn-browser-compat-data@ OK for: csstype@3.1.3 want: git+https://github.com/mdn/browser-compat-data.git#1bf44517bd08de735e9ec20dbfe8e86c96341054
5049 silly placeDep ROOT mdn-data@2.3.0 OK for: csstype@3.1.3 want: git+https://github.com/mdn/data.git#7f0c865a3c4b5d891285c93308ee5c25cb5cfee8
5050 silly placeDep node_modules/.pnpm/csstype@3.1.3/node_modules/csstype prettier@2.8.8 OK for: csstype@3.1.3 want: ^2.8.7
5051 silly placeDep ROOT request@2.88.2 OK for: csstype@3.1.3 want: ^2.88.2
5052 silly placeDep ROOT turndown@7.2.0 OK for: csstype@3.1.3 want: ^7.1.2
5053 silly placeDep node_modules/.pnpm/csstype@3.1.3/node_modules/csstype typescript@5.0.4 OK for: csstype@3.1.3 want: ~5.0.3
5054 silly fetch manifest parse5@^7.0.0
5055 silly packumentCache full:https://registry.npmjs.org/parse5 cache-miss
5056 silly fetch manifest @types/tough-cookie@*
5057 silly packumentCache full:https://registry.npmjs.org/@types%2ftough-cookie cache-miss
5058 silly fetch manifest form-data@^2.5.0
5059 silly packumentCache full:https://registry.npmjs.org/form-data cache-miss
5060 silly fetch manifest @types/caseless@*
5061 silly packumentCache full:https://registry.npmjs.org/@types%2fcaseless cache-miss
5062 silly fetch manifest @types/tough-cookie@*
5063 silly packumentCache full:https://registry.npmjs.org/@types%2ftough-cookie cache-miss
5064 silly fetch manifest mdn-data@2.0.30
5065 silly packumentCache full:https://registry.npmjs.org/mdn-data cache-miss
5066 silly fetch manifest source-map-js@^1.0.1
5067 silly packumentCache full:https://registry.npmjs.org/source-map-js cache-miss
5068 silly fetch manifest prettier-linter-helpers@^1.0.0
5069 silly packumentCache full:https://registry.npmjs.org/prettier-linter-helpers cache-miss
5070 silly fetch manifest ws@^8.13.0
5071 silly packumentCache full:https://registry.npmjs.org/ws cache-hit
5072 silly fetch manifest abab@^2.0.6
5073 silly packumentCache full:https://registry.npmjs.org/abab cache-miss
5074 silly fetch manifest nwsapi@^2.2.4
5075 silly packumentCache full:https://registry.npmjs.org/nwsapi cache-miss
5076 silly fetch manifest cssstyle@^3.0.0
5077 silly packumentCache full:https://registry.npmjs.org/cssstyle cache-miss
5078 http cache https://registry.npmjs.org/form-data 65ms (cache hit)
5079 silly packumentCache full:https://registry.npmjs.org/form-data set size:129468 disposed:false
5080 silly fetch manifest data-urls@^4.0.0
5081 silly packumentCache full:https://registry.npmjs.org/data-urls cache-miss
5082 http cache https://registry.npmjs.org/parse5 77ms (cache hit)
5083 silly packumentCache full:https://registry.npmjs.org/parse5 set size:120809 disposed:false
5084 silly fetch manifest escodegen@^2.0.0
5085 silly packumentCache full:https://registry.npmjs.org/escodegen cache-miss
5086 http cache https://registry.npmjs.org/nwsapi 63ms (cache hit)
5087 silly packumentCache full:https://registry.npmjs.org/nwsapi set size:86013 disposed:false
5088 silly fetch manifest whatwg-url@^12.0.1
5089 silly packumentCache full:https://registry.npmjs.org/whatwg-url cache-miss
5090 http cache https://registry.npmjs.org/cssstyle 66ms (cache hit)
5091 silly packumentCache full:https://registry.npmjs.org/cssstyle set size:125875 disposed:false
5092 silly fetch manifest rrweb-cssom@^0.6.0
5093 silly packumentCache full:https://registry.npmjs.org/rrweb-cssom cache-miss
5094 http cache https://registry.npmjs.org/data-urls 36ms (cache hit)
5095 silly packumentCache full:https://registry.npmjs.org/data-urls set size:30209 disposed:false
5096 silly fetch manifest domexception@^4.0.0
5097 silly packumentCache full:https://registry.npmjs.org/domexception cache-miss
5098 http cache https://registry.npmjs.org/escodegen 35ms (cache hit)
5099 silly packumentCache full:https://registry.npmjs.org/escodegen set size:119723 disposed:false
5100 silly fetch manifest tough-cookie@^4.1.2
5101 silly packumentCache full:https://registry.npmjs.org/tough-cookie cache-miss
5102 http cache https://registry.npmjs.org/whatwg-url 48ms (cache hit)
5103 silly packumentCache full:https://registry.npmjs.org/whatwg-url set size:160604 disposed:false
5104 silly fetch manifest acorn-globals@^7.0.0
5105 silly packumentCache full:https://registry.npmjs.org/acorn-globals cache-miss
5106 http cache https://registry.npmjs.org/rrweb-cssom 48ms (cache hit)
5107 silly packumentCache full:https://registry.npmjs.org/rrweb-cssom set size:10104 disposed:false
5108 silly fetch manifest whatwg-encoding@^2.0.0
5109 silly packumentCache full:https://registry.npmjs.org/whatwg-encoding cache-miss
5110 http cache https://registry.npmjs.org/tough-cookie 54ms (cache hit)
5111 silly packumentCache full:https://registry.npmjs.org/tough-cookie set size:125700 disposed:false
5112 silly fetch manifest whatwg-mimetype@^3.0.0
5113 silly packumentCache full:https://registry.npmjs.org/whatwg-mimetype cache-miss
5114 http fetch GET 200 https://registry.npmjs.org/source-map-js 211ms (cache miss)
5115 silly packumentCache full:https://registry.npmjs.org/source-map-js set size:undefined disposed:false
5116 silly fetch manifest http-proxy-agent@^5.0.0
5117 silly packumentCache full:https://registry.npmjs.org/http-proxy-agent cache-miss
5118 http cache https://registry.npmjs.org/whatwg-encoding 82ms (cache hit)
5119 silly packumentCache full:https://registry.npmjs.org/whatwg-encoding set size:24764 disposed:false
5120 silly fetch manifest https-proxy-agent@^5.0.1
5121 silly packumentCache full:https://registry.npmjs.org/https-proxy-agent cache-miss
5122 http fetch GET 200 https://registry.npmjs.org/prettier-linter-helpers 220ms (cache miss)
5123 silly packumentCache full:https://registry.npmjs.org/prettier-linter-helpers set size:undefined disposed:false
5124 silly fetch manifest w3c-xmlserializer@^4.0.0
5125 silly packumentCache full:https://registry.npmjs.org/w3c-xmlserializer cache-miss
5126 http fetch GET 200 https://registry.npmjs.org/abab 285ms (cache miss)
5127 silly packumentCache full:https://registry.npmjs.org/abab set size:undefined disposed:false
5128 silly fetch manifest xml-name-validator@^4.0.0
5129 silly packumentCache full:https://registry.npmjs.org/xml-name-validator cache-miss
5130 http cache https://registry.npmjs.org/https-proxy-agent 188ms (cache hit)
5131 silly packumentCache full:https://registry.npmjs.org/https-proxy-agent set size:76222 disposed:false
5132 silly fetch manifest qs@~6.5.2
5133 silly packumentCache full:https://registry.npmjs.org/qs cache-miss
5134 http cache https://registry.npmjs.org/http-proxy-agent 205ms (cache hit)
5135 silly packumentCache full:https://registry.npmjs.org/http-proxy-agent set size:50096 disposed:false
5136 silly fetch manifest aws4@^1.8.0
5137 silly packumentCache full:https://registry.npmjs.org/aws4 cache-miss
5138 http cache https://registry.npmjs.org/whatwg-mimetype 247ms (cache hit)
5139 silly packumentCache full:https://registry.npmjs.org/whatwg-mimetype set size:23788 disposed:false
5140 silly fetch manifest uuid@^3.3.2
5141 silly packumentCache full:https://registry.npmjs.org/uuid cache-miss
5142 http cache https://registry.npmjs.org/w3c-xmlserializer 258ms (cache hit)
5143 silly packumentCache full:https://registry.npmjs.org/w3c-xmlserializer set size:36375 disposed:false
5144 silly fetch manifest extend@~3.0.2
5145 silly packumentCache full:https://registry.npmjs.org/extend cache-miss
5146 http fetch GET 200 https://registry.npmjs.org/mdn-data 524ms (cache miss)
5147 silly packumentCache full:https://registry.npmjs.org/mdn-data set size:undefined disposed:false
5148 silly fetch manifest caseless@~0.12.0
5149 silly packumentCache full:https://registry.npmjs.org/caseless cache-miss
5150 http cache https://registry.npmjs.org/xml-name-validator 235ms (cache hit)
5151 silly packumentCache full:https://registry.npmjs.org/xml-name-validator set size:11085 disposed:false
5152 silly fetch manifest isstream@~0.1.2
5153 silly packumentCache full:https://registry.npmjs.org/isstream cache-miss
5154 http fetch GET 200 https://registry.npmjs.org/domexception 442ms (cache miss)
5155 silly packumentCache full:https://registry.npmjs.org/domexception set size:undefined disposed:false
5156 silly fetch manifest aws-sign2@~0.7.0
5157 silly packumentCache full:https://registry.npmjs.org/aws-sign2 cache-miss
5158 http fetch GET 200 https://registry.npmjs.org/acorn-globals 445ms (cache miss)
5159 silly packumentCache full:https://registry.npmjs.org/acorn-globals set size:undefined disposed:false
5160 silly fetch manifest form-data@~2.3.2
5161 silly packumentCache full:https://registry.npmjs.org/form-data cache-hit
5162 silly fetch manifest mime-types@~2.1.19
5163 silly packumentCache full:https://registry.npmjs.org/mime-types cache-miss
5164 http fetch GET 200 https://registry.npmjs.org/@types%2fcaseless 621ms (cache miss)
5165 silly packumentCache full:https://registry.npmjs.org/@types%2fcaseless set size:undefined disposed:false
5166 silly fetch manifest oauth-sign@~0.9.0
5167 silly packumentCache full:https://registry.npmjs.org/oauth-sign cache-miss
5168 http fetch GET 200 https://registry.npmjs.org/@types%2ftough-cookie 643ms (cache miss)
5169 silly packumentCache full:https://registry.npmjs.org/@types%2ftough-cookie set size:undefined disposed:false
5170 silly fetch manifest safe-buffer@^5.1.2
5171 silly packumentCache full:https://registry.npmjs.org/safe-buffer cache-miss
5172 http fetch GET 200 https://registry.npmjs.org/@types%2ftough-cookie 659ms (cache miss)
5173 silly packumentCache full:https://registry.npmjs.org/@types%2ftough-cookie set size:undefined disposed:false
5174 silly fetch manifest tough-cookie@~2.5.0
5175 silly packumentCache full:https://registry.npmjs.org/tough-cookie cache-hit
5176 silly fetch manifest tunnel-agent@^0.6.0
5177 silly packumentCache full:https://registry.npmjs.org/tunnel-agent cache-miss
5178 http cache https://registry.npmjs.org/uuid 244ms (cache hit)
5179 silly packumentCache full:https://registry.npmjs.org/uuid set size:215972 disposed:false
5180 silly fetch manifest forever-agent@~0.6.1
5181 silly packumentCache full:https://registry.npmjs.org/forever-agent cache-miss
5182 http cache https://registry.npmjs.org/mime-types 127ms (cache hit)
5183 silly packumentCache full:https://registry.npmjs.org/mime-types set size:136716 disposed:false
5184 silly fetch manifest har-validator@~5.1.3
5185 silly packumentCache full:https://registry.npmjs.org/har-validator cache-miss
5186 http fetch GET 200 https://registry.npmjs.org/qs 329ms (cache miss)
5187 silly packumentCache full:https://registry.npmjs.org/qs set size:undefined disposed:false
5188 silly fetch manifest is-typedarray@~1.0.0
5189 silly packumentCache full:https://registry.npmjs.org/is-typedarray cache-miss
5190 http fetch GET 200 https://registry.npmjs.org/isstream 242ms (cache miss)
5191 silly packumentCache full:https://registry.npmjs.org/isstream set size:undefined disposed:false
5192 silly fetch manifest http-signature@~1.2.0
5193 silly packumentCache full:https://registry.npmjs.org/http-signature cache-miss
5194 http fetch GET 200 https://registry.npmjs.org/caseless 261ms (cache miss)
5195 silly packumentCache full:https://registry.npmjs.org/caseless set size:undefined disposed:false
5196 silly fetch manifest combined-stream@~1.0.6
5197 silly packumentCache full:https://registry.npmjs.org/combined-stream cache-miss
5198 http fetch GET 200 https://registry.npmjs.org/safe-buffer 169ms (cache miss)
5199 silly packumentCache full:https://registry.npmjs.org/safe-buffer set size:undefined disposed:false
5200 silly fetch manifest performance-now@^2.1.0
5201 silly packumentCache full:https://registry.npmjs.org/performance-now cache-miss
5202 http fetch GET 200 https://registry.npmjs.org/aws4 402ms (cache miss)
5203 silly packumentCache full:https://registry.npmjs.org/aws4 set size:undefined disposed:false
5204 silly fetch manifest json-stringify-safe@~5.0.1
5205 silly packumentCache full:https://registry.npmjs.org/json-stringify-safe cache-miss
5206 http fetch GET 200 https://registry.npmjs.org/extend 331ms (cache miss)
5207 silly packumentCache full:https://registry.npmjs.org/extend set size:undefined disposed:false
5208 silly fetch manifest @mixmark-io/domino@^2.2.0
5209 silly packumentCache full:https://registry.npmjs.org/@mixmark-io%2fdomino cache-miss
5210 http fetch GET 200 https://registry.npmjs.org/aws-sign2 363ms (cache miss)
5211 silly packumentCache full:https://registry.npmjs.org/aws-sign2 set size:undefined disposed:false
5212 http fetch GET 200 https://registry.npmjs.org/tunnel-agent 275ms (cache miss)
5213 silly packumentCache full:https://registry.npmjs.org/tunnel-agent set size:undefined disposed:false
5214 http fetch GET 200 https://registry.npmjs.org/combined-stream 152ms (cache miss)
5215 silly packumentCache full:https://registry.npmjs.org/combined-stream set size:undefined disposed:false
5216 http fetch GET 200 https://registry.npmjs.org/oauth-sign 335ms (cache miss)
5217 silly packumentCache full:https://registry.npmjs.org/oauth-sign set size:undefined disposed:false
5218 http fetch GET 200 https://registry.npmjs.org/forever-agent 289ms (cache miss)
5219 silly packumentCache full:https://registry.npmjs.org/forever-agent set size:undefined disposed:false
5220 http fetch GET 200 https://registry.npmjs.org/performance-now 169ms (cache miss)
5221 silly packumentCache full:https://registry.npmjs.org/performance-now set size:undefined disposed:false
5222 http fetch GET 200 https://registry.npmjs.org/http-signature 206ms (cache miss)
5223 silly packumentCache full:https://registry.npmjs.org/http-signature set size:undefined disposed:false
5224 http fetch GET 200 https://registry.npmjs.org/is-typedarray 252ms (cache miss)
5225 silly packumentCache full:https://registry.npmjs.org/is-typedarray set size:undefined disposed:false
5226 http fetch GET 200 https://registry.npmjs.org/har-validator 284ms (cache miss)
5227 silly packumentCache full:https://registry.npmjs.org/har-validator set size:undefined disposed:false
5228 http fetch GET 200 https://registry.npmjs.org/json-stringify-safe 227ms (cache miss)
5229 silly packumentCache full:https://registry.npmjs.org/json-stringify-safe set size:undefined disposed:false
5230 http fetch GET 200 https://registry.npmjs.org/@mixmark-io%2fdomino 554ms (cache miss)
5231 silly packumentCache full:https://registry.npmjs.org/@mixmark-io%2fdomino set size:undefined disposed:false
5232 silly fetch manifest mocha@^9.1.3
5233 silly packumentCache full:https://registry.npmjs.org/mocha cache-miss
5234 http fetch GET 200 https://registry.npmjs.org/mocha 283ms (cache revalidated)
5235 silly packumentCache full:https://registry.npmjs.org/mocha set size:3824074 disposed:false
5236 silly placeDep node_modules/.pnpm/damerau-levenshtein@1.0.8/node_modules/damerau-levenshtein mocha@9.2.2 OK for: damerau-levenshtein@1.0.8 want: ^9.1.3
5237 silly fetch manifest nanoid@3.3.1
5238 silly packumentCache full:https://registry.npmjs.org/nanoid cache-hit
5239 silly fetch manifest minimatch@4.2.1
5240 silly packumentCache full:https://registry.npmjs.org/minimatch cache-hit
5241 silly fetch manifest tape@~1.0.2
5242 silly packumentCache full:https://registry.npmjs.org/tape cache-hit
5243 silly placeDep node_modules/.pnpm/deep-is@0.1.4/node_modules/deep-is tape@1.0.4 OK for: deep-is@0.1.4 want: ~1.0.2
5244 silly fetch manifest deep-equal@~0.0.0
5245 silly packumentCache full:https://registry.npmjs.org/deep-equal cache-hit
5246 silly fetch manifest eslint@5.7.0
5247 silly packumentCache full:https://registry.npmjs.org/eslint cache-miss
5248 http cache https://registry.npmjs.org/eslint 67ms (cache hit)
5249 silly packumentCache full:https://registry.npmjs.org/eslint set size:1811205 disposed:false
5250 silly fetch manifest eslint-config-standard@12.0.0
5251 silly packumentCache full:https://registry.npmjs.org/eslint-config-standard cache-hit
5252 silly fetch manifest eslint-plugin-import@2.14.0
5253 silly packumentCache full:https://registry.npmjs.org/eslint-plugin-import cache-miss
5254 http cache https://registry.npmjs.org/eslint-plugin-import 38ms (cache hit)
5255 silly packumentCache full:https://registry.npmjs.org/eslint-plugin-import set size:484928 disposed:false
5256 silly fetch manifest eslint-plugin-markdown@1.0.0-beta.7
5257 silly packumentCache full:https://registry.npmjs.org/eslint-plugin-markdown cache-hit
5258 silly fetch manifest eslint-plugin-node@7.0.1
5259 silly packumentCache full:https://registry.npmjs.org/eslint-plugin-node cache-hit
5260 silly fetch manifest eslint-plugin-promise@4.0.1
5261 silly packumentCache full:https://registry.npmjs.org/eslint-plugin-promise cache-hit
5262 silly fetch manifest eslint-plugin-standard@4.0.0
5263 silly packumentCache full:https://registry.npmjs.org/eslint-plugin-standard cache-miss
5264 http cache https://registry.npmjs.org/eslint-plugin-standard 16ms (cache hit)
5265 silly packumentCache full:https://registry.npmjs.org/eslint-plugin-standard set size:46568 disposed:false
5266 silly fetch manifest mocha@5.2.0
5267 silly packumentCache full:https://registry.npmjs.org/mocha cache-miss
5268 http cache https://registry.npmjs.org/mocha 53ms (cache hit)
5269 silly packumentCache full:https://registry.npmjs.org/mocha set size:3824074 disposed:false
5270 silly fetch manifest safe-buffer@5.1.2
5271 silly packumentCache full:https://registry.npmjs.org/safe-buffer cache-miss
5272 http cache https://registry.npmjs.org/safe-buffer 14ms (cache hit)
5273 silly packumentCache full:https://registry.npmjs.org/safe-buffer set size:41183 disposed:false
5274 silly fetch manifest uid-safe@2.1.5
5275 silly packumentCache full:https://registry.npmjs.org/uid-safe cache-miss
5276 http fetch GET 200 https://registry.npmjs.org/uid-safe 225ms (cache miss)
5277 silly packumentCache full:https://registry.npmjs.org/uid-safe set size:undefined disposed:false
5278 silly placeDep node_modules/.pnpm/depd@2.0.0/node_modules/depd eslint@5.7.0 OK for: depd@2.0.0 want: 5.7.0
5279 silly placeDep node_modules/.pnpm/depd@2.0.0/node_modules/depd eslint-config-standard@12.0.0 OK for: depd@2.0.0 want: 12.0.0
5280 silly placeDep node_modules/.pnpm/depd@2.0.0/node_modules/depd eslint-plugin-import@2.14.0 OK for: depd@2.0.0 want: 2.14.0
5281 silly placeDep node_modules/.pnpm/depd@2.0.0/node_modules/depd eslint-plugin-markdown@1.0.0-beta.7 OK for: depd@2.0.0 want: 1.0.0-beta.7
5282 silly placeDep node_modules/.pnpm/depd@2.0.0/node_modules/depd eslint-plugin-node@7.0.1 OK for: depd@2.0.0 want: 7.0.1
5283 silly placeDep node_modules/.pnpm/depd@2.0.0/node_modules/depd eslint-plugin-promise@4.0.1 OK for: depd@2.0.0 want: 4.0.1
5284 silly placeDep node_modules/.pnpm/depd@2.0.0/node_modules/depd eslint-plugin-standard@4.0.0 OK for: depd@2.0.0 want: 4.0.0
5285 silly placeDep node_modules/.pnpm/depd@2.0.0/node_modules/depd mocha@5.2.0 OK for: depd@2.0.0 want: 5.2.0
5286 silly placeDep node_modules/.pnpm/depd@2.0.0/node_modules/depd safe-buffer@5.1.2 OK for: depd@2.0.0 want: 5.1.2
5287 silly placeDep ROOT uid-safe@2.1.5 OK for: depd@2.0.0 want: 2.1.5
5288 silly fetch manifest chalk@^2.1.0
5289 silly packumentCache full:https://registry.npmjs.org/chalk cache-hit
5290 silly fetch manifest table@^5.0.2
5291 silly packumentCache full:https://registry.npmjs.org/table cache-hit
5292 silly fetch manifest espree@^4.0.0
5293 silly packumentCache full:https://registry.npmjs.org/espree cache-hit
5294 silly fetch manifest semver@^5.5.1
5295 silly packumentCache full:https://registry.npmjs.org/semver cache-hit
5296 silly fetch manifest globals@^11.7.0
5297 silly packumentCache full:https://registry.npmjs.org/globals cache-hit
5298 silly fetch manifest js-yaml@^3.12.0
5299 silly packumentCache full:https://registry.npmjs.org/js-yaml cache-hit
5300 silly fetch manifest regexpp@^2.0.1
5301 silly packumentCache full:https://registry.npmjs.org/regexpp cache-hit
5302 silly fetch manifest inquirer@^6.1.0
5303 silly packumentCache full:https://registry.npmjs.org/inquirer cache-miss
5304 silly fetch manifest pluralize@^7.0.0
5305 silly packumentCache full:https://registry.npmjs.org/pluralize cache-miss
5306 silly fetch manifest optionator@^0.8.2
5307 silly packumentCache full:https://registry.npmjs.org/optionator cache-hit
5308 silly fetch manifest strip-ansi@^4.0.0
5309 silly packumentCache full:https://registry.npmjs.org/strip-ansi cache-hit
5310 silly fetch manifest eslint-scope@^4.0.0
5311 silly packumentCache full:https://registry.npmjs.org/eslint-scope cache-hit
5312 silly fetch manifest eslint-utils@^1.3.1
5313 silly packumentCache full:https://registry.npmjs.org/eslint-utils cache-hit
5314 silly fetch manifest is-resolvable@^1.1.0
5315 silly packumentCache full:https://registry.npmjs.org/is-resolvable cache-miss
5316 silly fetch manifest path-is-inside@^1.0.2
5317 silly packumentCache full:https://registry.npmjs.org/path-is-inside cache-hit
5318 silly fetch manifest file-entry-cache@^2.0.0
5319 silly packumentCache full:https://registry.npmjs.org/file-entry-cache cache-hit
5320 silly fetch manifest require-uncached@^1.0.3
5321 silly packumentCache full:https://registry.npmjs.org/require-uncached cache-miss
5322 silly fetch manifest @babel/code-frame@^7.0.0
5323 silly packumentCache full:https://registry.npmjs.org/@babel%2fcode-frame cache-hit
5324 silly fetch manifest eslint-visitor-keys@^1.0.0
5325 silly packumentCache full:https://registry.npmjs.org/eslint-visitor-keys cache-hit
5326 silly fetch manifest strip-json-comments@^2.0.1
5327 silly packumentCache full:https://registry.npmjs.org/strip-json-comments cache-hit
5328 silly fetch manifest has@^1.0.1
5329 silly packumentCache full:https://registry.npmjs.org/has cache-hit
5330 silly fetch manifest debug@^2.6.8
5331 silly packumentCache full:https://registry.npmjs.org/debug cache-hit
5332 silly fetch manifest resolve@^1.6.0
5333 silly packumentCache full:https://registry.npmjs.org/resolve cache-hit
5334 silly fetch manifest doctrine@1.5.0
5335 silly packumentCache full:https://registry.npmjs.org/doctrine cache-hit
5336 silly fetch manifest read-pkg-up@^2.0.0
5337 silly packumentCache full:https://registry.npmjs.org/read-pkg-up cache-hit
5338 silly fetch manifest contains-path@^0.1.0
5339 silly packumentCache full:https://registry.npmjs.org/contains-path cache-miss
5340 silly fetch manifest unified@^6.1.2
5341 silly packumentCache full:https://registry.npmjs.org/unified cache-miss
5342 silly fetch manifest remark-parse@^3.0.0
5343 silly packumentCache full:https://registry.npmjs.org/remark-parse cache-miss
5344 silly fetch manifest object-assign@^4.0.1
5345 silly packumentCache full:https://registry.npmjs.org/object-assign cache-miss
5346 silly fetch manifest eslint-plugin-es@^1.3.1
5347 silly packumentCache full:https://registry.npmjs.org/eslint-plugin-es cache-hit
5348 silly fetch manifest ignore@^4.0.2
5349 silly packumentCache full:https://registry.npmjs.org/ignore cache-hit
5350 silly fetch manifest resolve@^1.8.1
5351 silly packumentCache full:https://registry.npmjs.org/resolve cache-hit
5352 silly fetch manifest random-bytes@~1.0.0
5353 silly packumentCache full:https://registry.npmjs.org/random-bytes cache-miss
5354 http cache https://registry.npmjs.org/pluralize 70ms (cache hit)
5355 silly packumentCache full:https://registry.npmjs.org/pluralize set size:55503 disposed:false
5356 http cache https://registry.npmjs.org/require-uncached 65ms (cache hit)
5357 silly packumentCache full:https://registry.npmjs.org/require-uncached set size:7866 disposed:false
5358 http cache https://registry.npmjs.org/is-resolvable 73ms (cache hit)
5359 silly packumentCache full:https://registry.npmjs.org/is-resolvable set size:11660 disposed:false
5360 http cache https://registry.npmjs.org/inquirer 84ms (cache hit)
5361 silly packumentCache full:https://registry.npmjs.org/inquirer set size:507596 disposed:false
5362 http fetch GET 200 https://registry.npmjs.org/object-assign 104ms (cache miss)
5363 silly packumentCache full:https://registry.npmjs.org/object-assign set size:undefined disposed:false
5364 http fetch GET 200 https://registry.npmjs.org/remark-parse 160ms (cache miss)
5365 silly packumentCache full:https://registry.npmjs.org/remark-parse set size:undefined disposed:false
5366 http fetch GET 200 https://registry.npmjs.org/random-bytes 152ms (cache miss)
5367 silly packumentCache full:https://registry.npmjs.org/random-bytes set size:undefined disposed:false
5368 http fetch GET 200 https://registry.npmjs.org/contains-path 336ms (cache miss)
5369 silly packumentCache full:https://registry.npmjs.org/contains-path set size:undefined disposed:false
5370 http fetch GET 200 https://registry.npmjs.org/unified 345ms (cache miss)
5371 silly packumentCache full:https://registry.npmjs.org/unified set size:undefined disposed:false
5372 silly fetch manifest @babel/plugin-transform-modules-commonjs@^7.2.0
5373 silly packumentCache full:https://registry.npmjs.org/@babel%2fplugin-transform-modules-commonjs cache-miss
5374 http cache https://registry.npmjs.org/@babel%2fplugin-transform-modules-commonjs 12ms (cache hit)
5375 silly packumentCache full:https://registry.npmjs.org/@babel%2fplugin-transform-modules-commonjs set size:284447 disposed:false
5376 silly fetch manifest babel-eslint@^10.0.1
5377 silly packumentCache full:https://registry.npmjs.org/babel-eslint cache-miss
5378 http fetch GET 200 https://registry.npmjs.org/babel-eslint 345ms (cache miss)
5379 silly packumentCache full:https://registry.npmjs.org/babel-eslint set size:undefined disposed:false
5380 silly fetch manifest babel-loader@^8.0.5
5381 silly packumentCache full:https://registry.npmjs.org/babel-loader cache-miss
5382 http fetch GET 200 https://registry.npmjs.org/babel-loader 231ms (cache miss)
5383 silly packumentCache full:https://registry.npmjs.org/babel-loader set size:undefined disposed:false
5384 silly fetch manifest colors@^1.3.3
5385 silly packumentCache full:https://registry.npmjs.org/colors cache-miss
5386 http cache https://registry.npmjs.org/colors 12ms (cache hit)
5387 silly packumentCache full:https://registry.npmjs.org/colors set size:55725 disposed:false
5388 silly fetch manifest grunt-clean@^0.4.0
5389 silly packumentCache full:https://registry.npmjs.org/grunt-clean cache-miss
5390 http fetch GET 200 https://registry.npmjs.org/grunt-clean 1042ms (cache miss)
5391 silly packumentCache full:https://registry.npmjs.org/grunt-clean set size:undefined disposed:false
5392 silly fetch manifest grunt-cli@^1.3.2
5393 silly packumentCache full:https://registry.npmjs.org/grunt-cli cache-miss
5394 http cache https://registry.npmjs.org/grunt-cli 36ms (cache hit)
5395 silly packumentCache full:https://registry.npmjs.org/grunt-cli set size:63957 disposed:false
5396 silly fetch manifest grunt-contrib-copy@^1.0.0
5397 silly packumentCache full:https://registry.npmjs.org/grunt-contrib-copy cache-miss
5398 http fetch GET 200 https://registry.npmjs.org/grunt-contrib-copy 1038ms (cache miss)
5399 silly packumentCache full:https://registry.npmjs.org/grunt-contrib-copy set size:undefined disposed:false
5400 silly fetch manifest grunt-contrib-uglify@^4.0.0
5401 silly packumentCache full:https://registry.npmjs.org/grunt-contrib-uglify cache-miss
5402 http cache https://registry.npmjs.org/grunt-contrib-uglify 12ms (cache hit)
5403 silly packumentCache full:https://registry.npmjs.org/grunt-contrib-uglify set size:144232 disposed:false
5404 silly fetch manifest grunt-eslint@^21.0.0
5405 silly packumentCache full:https://registry.npmjs.org/grunt-eslint cache-miss
5406 http fetch GET 200 https://registry.npmjs.org/grunt-eslint 239ms (cache miss)
5407 silly packumentCache full:https://registry.npmjs.org/grunt-eslint set size:undefined disposed:false
5408 silly fetch manifest grunt-exec@^3.0.0
5409 silly packumentCache full:https://registry.npmjs.org/grunt-exec cache-miss
5410 http fetch GET 200 https://registry.npmjs.org/grunt-exec 248ms (cache miss)
5411 silly packumentCache full:https://registry.npmjs.org/grunt-exec set size:undefined disposed:false
5412 silly fetch manifest grunt-karma@^3.0.1
5413 silly packumentCache full:https://registry.npmjs.org/grunt-karma cache-miss
5414 http fetch GET 200 https://registry.npmjs.org/grunt-karma 230ms (cache miss)
5415 silly packumentCache full:https://registry.npmjs.org/grunt-karma set size:undefined disposed:false
5416 silly fetch manifest grunt-mocha-istanbul@^5.0.2
5417 silly packumentCache full:https://registry.npmjs.org/grunt-mocha-istanbul cache-miss
5418 http fetch GET 200 https://registry.npmjs.org/grunt-mocha-istanbul 129ms (cache miss)
5419 silly packumentCache full:https://registry.npmjs.org/grunt-mocha-istanbul set size:undefined disposed:false
5420 silly fetch manifest grunt-mocha-test@^0.13.3
5421 silly packumentCache full:https://registry.npmjs.org/grunt-mocha-test cache-miss
5422 http fetch GET 200 https://registry.npmjs.org/grunt-mocha-test 943ms (cache miss)
5423 silly packumentCache full:https://registry.npmjs.org/grunt-mocha-test set size:undefined disposed:false
5424 silly fetch manifest grunt-webpack@^3.1.3
5425 silly packumentCache full:https://registry.npmjs.org/grunt-webpack cache-miss
5426 http fetch GET 200 https://registry.npmjs.org/grunt-webpack 288ms (cache miss)
5427 silly packumentCache full:https://registry.npmjs.org/grunt-webpack set size:undefined disposed:false
5428 silly fetch manifest istanbul@github:kpdecker/istanbul
5429 silly fetch manifest karma@^3.1.4
5430 silly packumentCache full:https://registry.npmjs.org/karma cache-miss
5431 http cache https://registry.npmjs.org/karma 27ms (cache hit)
5432 silly packumentCache full:https://registry.npmjs.org/karma set size:3361521 disposed:false
5433 silly fetch manifest karma-chrome-launcher@^2.2.0
5434 silly packumentCache full:https://registry.npmjs.org/karma-chrome-launcher cache-miss
5435 http cache https://registry.npmjs.org/karma-chrome-launcher 10ms (cache hit)
5436 silly packumentCache full:https://registry.npmjs.org/karma-chrome-launcher set size:86868 disposed:false
5437 silly fetch manifest karma-mocha@^1.3.0
5438 silly packumentCache full:https://registry.npmjs.org/karma-mocha cache-miss
5439 http cache https://registry.npmjs.org/karma-mocha 16ms (cache hit)
5440 silly packumentCache full:https://registry.npmjs.org/karma-mocha set size:76114 disposed:false
5441 silly fetch manifest karma-mocha-reporter@^2.0.0
5442 silly packumentCache full:https://registry.npmjs.org/karma-mocha-reporter cache-miss
5443 http fetch GET 200 https://registry.npmjs.org/karma-mocha-reporter 236ms (cache miss)
5444 silly packumentCache full:https://registry.npmjs.org/karma-mocha-reporter set size:undefined disposed:false
5445 silly fetch manifest karma-sauce-launcher@^2.0.2
5446 silly packumentCache full:https://registry.npmjs.org/karma-sauce-launcher cache-miss
5447 http fetch GET 200 https://registry.npmjs.org/karma-sauce-launcher 249ms (cache miss)
5448 silly packumentCache full:https://registry.npmjs.org/karma-sauce-launcher set size:undefined disposed:false
5449 silly fetch manifest karma-sourcemap-loader@^0.3.6
5450 silly packumentCache full:https://registry.npmjs.org/karma-sourcemap-loader cache-miss
5451 http fetch GET 200 https://registry.npmjs.org/karma-sourcemap-loader 1057ms (cache miss)
5452 silly packumentCache full:https://registry.npmjs.org/karma-sourcemap-loader set size:undefined disposed:false
5453 silly fetch manifest karma-webpack@^3.0.5
5454 silly packumentCache full:https://registry.npmjs.org/karma-webpack cache-miss
5455 http fetch GET 200 https://registry.npmjs.org/karma-webpack 1247ms (cache miss)
5456 silly packumentCache full:https://registry.npmjs.org/karma-webpack set size:undefined disposed:false
5457 silly fetch manifest rollup@^1.0.2
5458 silly packumentCache full:https://registry.npmjs.org/rollup cache-miss
5459 http fetch GET 200 https://registry.npmjs.org/rollup 207ms (cache miss)
5460 silly packumentCache full:https://registry.npmjs.org/rollup set size:undefined disposed:false
5461 silly fetch manifest rollup-plugin-babel@^4.2.0
5462 silly packumentCache full:https://registry.npmjs.org/rollup-plugin-babel cache-miss
5463 http fetch GET 200 https://registry.npmjs.org/rollup-plugin-babel 239ms (cache miss)
5464 silly packumentCache full:https://registry.npmjs.org/rollup-plugin-babel set size:undefined disposed:false
5465 silly fetch manifest semver@^5.6.0
5466 silly packumentCache full:https://registry.npmjs.org/semver cache-hit
5467 silly fetch manifest webpack@^4.28.3
5468 silly packumentCache full:https://registry.npmjs.org/webpack cache-miss
5469 http fetch GET 200 https://registry.npmjs.org/webpack 324ms (cache miss)
5470 silly packumentCache full:https://registry.npmjs.org/webpack set size:undefined disposed:false
5471 silly fetch manifest webpack-dev-server@^3.1.14
5472 silly packumentCache full:https://registry.npmjs.org/webpack-dev-server cache-miss
5473 http fetch GET 200 https://registry.npmjs.org/webpack-dev-server 260ms (cache miss)
5474 silly packumentCache full:https://registry.npmjs.org/webpack-dev-server set size:undefined disposed:false
5475 silly placeDep ROOT @babel/plugin-transform-modules-commonjs@7.27.1 OK for: diff@4.0.2 want: ^7.2.0
5476 silly placeDep ROOT babel-eslint@10.1.0 OK for: diff@4.0.2 want: ^10.0.1
5477 silly placeDep ROOT babel-loader@8.4.1 OK for: diff@4.0.2 want: ^8.0.5
5478 silly placeDep ROOT colors@1.4.0 OK for: diff@4.0.2 want: ^1.3.3
5479 silly placeDep node_modules/.pnpm/diff@4.0.2/node_modules/diff eslint@5.16.0 OK for: diff@4.0.2 want: ^5.12.0
5480 silly placeDep ROOT grunt-clean@0.4.0 OK for: diff@4.0.2 want: ^0.4.0
5481 silly placeDep ROOT grunt-cli@1.5.0 OK for: diff@4.0.2 want: ^1.3.2
5482 silly placeDep ROOT grunt-contrib-copy@1.0.0 OK for: diff@4.0.2 want: ^1.0.0
5483 silly placeDep node_modules/.pnpm/diff@4.0.2/node_modules/diff grunt-contrib-uglify@4.0.1 OK for: diff@4.0.2 want: ^4.0.0
5484 silly placeDep ROOT grunt-eslint@21.1.0 OK for: diff@4.0.2 want: ^21.0.0
5485 silly placeDep ROOT grunt-exec@3.0.0 OK for: diff@4.0.2 want: ^3.0.0
5486 silly placeDep ROOT grunt-karma@3.0.2 OK for: diff@4.0.2 want: ^3.0.1
5487 silly placeDep ROOT grunt-mocha-istanbul@5.0.2 OK for: diff@4.0.2 want: ^5.0.2
5488 silly placeDep ROOT grunt-mocha-test@0.13.3 OK for: diff@4.0.2 want: ^0.13.3
5489 silly placeDep ROOT grunt-webpack@3.1.3 OK for: diff@4.0.2 want: ^3.1.3
5490 silly placeDep node_modules/.pnpm/diff@4.0.2/node_modules/diff istanbul@0.4.0 OK for: diff@4.0.2 want: github:kpdecker/istanbul
5491 silly placeDep node_modules/.pnpm/diff@4.0.2/node_modules/diff karma@3.1.4 OK for: diff@4.0.2 want: ^3.1.4
5492 silly placeDep node_modules/.pnpm/diff@4.0.2/node_modules/diff karma-chrome-launcher@2.2.0 OK for: diff@4.0.2 want: ^2.2.0
5493 silly placeDep node_modules/.pnpm/diff@4.0.2/node_modules/diff karma-mocha@1.3.0 OK for: diff@4.0.2 want: ^1.3.0
5494 silly placeDep ROOT karma-mocha-reporter@2.2.5 OK for: diff@4.0.2 want: ^2.0.0
5495 silly placeDep ROOT karma-sauce-launcher@2.0.2 OK for: diff@4.0.2 want: ^2.0.2
5496 silly placeDep ROOT karma-sourcemap-loader@0.3.8 OK for: diff@4.0.2 want: ^0.3.6
5497 silly placeDep ROOT karma-webpack@3.0.5 OK for: diff@4.0.2 want: ^3.0.5
5498 silly placeDep node_modules/.pnpm/diff@4.0.2/node_modules/diff mocha@5.2.0 OK for: diff@4.0.2 want: ^5.2.0
5499 silly placeDep ROOT rollup@1.32.1 OK for: diff@4.0.2 want: ^1.0.2
5500 silly placeDep ROOT rollup-plugin-babel@4.4.0 OK for: diff@4.0.2 want: ^4.2.0
5501 silly placeDep node_modules/.pnpm/diff@4.0.2/node_modules/diff semver@5.7.2 OK for: diff@4.0.2 want: ^5.6.0
5502 silly placeDep ROOT webpack@4.47.0 OK for: diff@4.0.2 want: ^4.28.3
5503 silly placeDep ROOT webpack-dev-server@3.11.3 OK for: diff@4.0.2 want: ^3.1.14
5504 silly fetch manifest @babel/helper-module-transforms@^7.27.1
5505 silly packumentCache full:https://registry.npmjs.org/@babel%2fhelper-module-transforms cache-miss
5506 silly fetch manifest resolve@^1.12.0
5507 silly packumentCache full:https://registry.npmjs.org/resolve cache-hit
5508 silly fetch manifest @babel/types@^7.7.0
5509 silly packumentCache full:https://registry.npmjs.org/@babel%2ftypes cache-hit
5510 silly fetch manifest @babel/parser@^7.7.0
5511 silly packumentCache full:https://registry.npmjs.org/@babel%2fparser cache-hit
5512 silly fetch manifest @babel/traverse@^7.7.0
5513 silly packumentCache full:https://registry.npmjs.org/@babel%2ftraverse cache-miss
5514 silly fetch manifest make-dir@^3.1.0
5515 silly packumentCache full:https://registry.npmjs.org/make-dir cache-hit
5516 silly fetch manifest loader-utils@^2.0.4
5517 silly packumentCache full:https://registry.npmjs.org/loader-utils cache-miss
5518 silly fetch manifest schema-utils@^2.6.5
5519 silly packumentCache full:https://registry.npmjs.org/schema-utils cache-miss
5520 silly fetch manifest find-cache-dir@^3.3.1
5521 silly packumentCache full:https://registry.npmjs.org/find-cache-dir cache-hit
5522 silly fetch manifest table@^5.2.3
5523 silly packumentCache full:https://registry.npmjs.org/table cache-hit
5524 silly fetch manifest espree@^5.0.1
5525 silly packumentCache full:https://registry.npmjs.org/espree cache-hit
5526 silly fetch manifest js-yaml@^3.13.0
5527 silly packumentCache full:https://registry.npmjs.org/js-yaml cache-hit
5528 silly fetch manifest inquirer@^6.2.2
5529 silly packumentCache full:https://registry.npmjs.org/inquirer cache-hit
5530 silly fetch manifest eslint-scope@^4.0.3
5531 silly packumentCache full:https://registry.npmjs.org/eslint-scope cache-hit
5532 silly fetch manifest file-entry-cache@^5.0.1
5533 silly packumentCache full:https://registry.npmjs.org/file-entry-cache cache-hit
5534 silly fetch manifest grunt@~0.3.9
5535 silly packumentCache full:https://registry.npmjs.org/grunt cache-miss
5536 silly fetch manifest nopt@~5.0.0
5537 silly packumentCache full:https://registry.npmjs.org/nopt cache-hit
5538 silly fetch manifest liftup@~3.0.1
5539 silly packumentCache full:https://registry.npmjs.org/liftup cache-miss
5540 silly fetch manifest v8flags@^4.0.1
5541 silly packumentCache full:https://registry.npmjs.org/v8flags cache-miss
5542 silly fetch manifest interpret@~1.1.0
5543 silly packumentCache full:https://registry.npmjs.org/interpret cache-miss
5544 silly fetch manifest chalk@^1.1.1
5545 silly packumentCache full:https://registry.npmjs.org/chalk cache-hit
5546 silly fetch manifest file-sync-cmp@^0.1.0
5547 silly packumentCache full:https://registry.npmjs.org/file-sync-cmp cache-miss
5548 silly fetch manifest maxmin@^2.1.0
5549 silly packumentCache full:https://registry.npmjs.org/maxmin cache-miss
5550 silly fetch manifest eslint@^5.16.0
5551 silly packumentCache full:https://registry.npmjs.org/eslint cache-miss
5552 http cache https://registry.npmjs.org/@babel%2fhelper-module-transforms 62ms (cache hit)
5553 silly packumentCache full:https://registry.npmjs.org/@babel%2fhelper-module-transforms set size:317388 disposed:false
5554 silly fetch manifest hooker@^0.2.3
5555 silly packumentCache full:https://registry.npmjs.org/hooker cache-miss
5556 http cache https://registry.npmjs.org/v8flags 41ms (cache hit)
5557 silly packumentCache full:https://registry.npmjs.org/v8flags set size:65611 disposed:false
5558 silly fetch manifest mkdirp@^0.5.0
5559 silly packumentCache full:https://registry.npmjs.org/mkdirp cache-hit
5560 silly fetch manifest lodash@^4.7.0
5561 silly packumentCache full:https://registry.npmjs.org/lodash cache-hit
5562 silly fetch manifest deep-for-each@^2.0.2
5563 silly packumentCache full:https://registry.npmjs.org/deep-for-each cache-miss
5564 http cache https://registry.npmjs.org/grunt 51ms (cache hit)
5565 silly packumentCache full:https://registry.npmjs.org/grunt set size:169561 disposed:false
5566 silly fetch manifest convert-source-map@^1.1.1
5567 silly packumentCache full:https://registry.npmjs.org/convert-source-map cache-hit
5568 silly fetch manifest escodegen@1.7.x
5569 silly packumentCache full:https://registry.npmjs.org/escodegen cache-hit
5570 silly fetch manifest esprima@2.5.x
5571 silly packumentCache full:https://registry.npmjs.org/esprima cache-miss
5572 http cache https://registry.npmjs.org/eslint 65ms (cache hit)
5573 silly packumentCache full:https://registry.npmjs.org/eslint set size:1811205 disposed:false
5574 silly fetch manifest fileset@0.2.x
5575 silly packumentCache full:https://registry.npmjs.org/fileset cache-miss
5576 http cache https://registry.npmjs.org/maxmin 101ms (cache hit)
5577 silly packumentCache full:https://registry.npmjs.org/maxmin set size:23034 disposed:false
5578 silly fetch manifest source-map@^0.4.4
5579 silly packumentCache full:https://registry.npmjs.org/source-map cache-hit
5580 silly fetch manifest source-map-support@^0.3.2
5581 silly packumentCache full:https://registry.npmjs.org/source-map-support cache-miss
5582 http cache https://registry.npmjs.org/@babel%2ftraverse 137ms (cache hit)
5583 silly packumentCache full:https://registry.npmjs.org/@babel%2ftraverse set size:525342 disposed:false
5584 silly fetch manifest mime@^2.3.1
5585 silly packumentCache full:https://registry.npmjs.org/mime cache-hit
5586 silly fetch manifest qjobs@^1.1.4
5587 silly packumentCache full:https://registry.npmjs.org/qjobs cache-miss
5588 http cache https://registry.npmjs.org/esprima 98ms (cache hit)
5589 silly packumentCache full:https://registry.npmjs.org/esprima set size:118410 disposed:false
5590 silly fetch manifest log4js@^3.0.0
5591 silly packumentCache full:https://registry.npmjs.org/log4js cache-miss
5592 http cache https://registry.npmjs.org/qjobs 46ms (cache hit)
5593 silly packumentCache full:https://registry.npmjs.org/qjobs set size:24885 disposed:false
5594 silly fetch manifest rimraf@^2.6.0
5595 silly packumentCache full:https://registry.npmjs.org/rimraf cache-hit
5596 silly fetch manifest connect@^3.6.0
5597 silly packumentCache full:https://registry.npmjs.org/connect cache-miss
5598 http fetch GET 200 https://registry.npmjs.org/schema-utils 201ms (cache miss)
5599 silly packumentCache full:https://registry.npmjs.org/schema-utils set size:undefined disposed:false
5600 silly fetch manifest core-js@^2.2.0
5601 silly packumentCache full:https://registry.npmjs.org/core-js cache-miss
5602 http fetch GET 200 https://registry.npmjs.org/loader-utils 209ms (cache miss)
5603 silly packumentCache full:https://registry.npmjs.org/loader-utils set size:undefined disposed:false
5604 silly fetch manifest flatted@^2.0.0
5605 silly packumentCache full:https://registry.npmjs.org/flatted cache-miss
5606 http cache https://registry.npmjs.org/log4js 94ms (cache hit)
5607 silly packumentCache full:https://registry.npmjs.org/log4js set size:409691 disposed:false
5608 silly fetch manifest bluebird@^3.3.0
5609 silly packumentCache full:https://registry.npmjs.org/bluebird cache-hit
5610 silly fetch manifest chokidar@^2.0.3
5611 silly packumentCache full:https://registry.npmjs.org/chokidar cache-hit
5612 silly fetch manifest optimist@^0.6.1
5613 silly packumentCache full:https://registry.npmjs.org/optimist cache-miss
5614 http cache https://registry.npmjs.org/connect 97ms (cache hit)
5615 silly packumentCache full:https://registry.npmjs.org/connect set size:438385 disposed:false
5616 silly fetch manifest socket.io@2.1.1
5617 silly packumentCache full:https://registry.npmjs.org/socket.io cache-miss
5618 http cache https://registry.npmjs.org/core-js 110ms (cache hit)
5619 silly packumentCache full:https://registry.npmjs.org/core-js set size:765745 disposed:false
5620 silly fetch manifest useragent@2.3.0
5621 silly packumentCache full:https://registry.npmjs.org/useragent cache-miss
5622 http fetch GET 200 https://registry.npmjs.org/liftup 333ms (cache miss)
5623 silly packumentCache full:https://registry.npmjs.org/liftup set size:undefined disposed:false
5624 silly fetch manifest http-proxy@^1.13.0
5625 silly packumentCache full:https://registry.npmjs.org/http-proxy cache-miss
5626 http cache https://registry.npmjs.org/socket.io 66ms (cache hit)
5627 silly packumentCache full:https://registry.npmjs.org/socket.io set size:373575 disposed:false
5628 silly fetch manifest body-parser@^1.16.1
5629 silly packumentCache full:https://registry.npmjs.org/body-parser cache-miss
5630 http fetch GET 200 https://registry.npmjs.org/flatted 179ms (cache miss)
5631 silly packumentCache full:https://registry.npmjs.org/flatted set size:undefined disposed:false
5632 silly fetch manifest graceful-fs@^4.1.2
5633 silly packumentCache full:https://registry.npmjs.org/graceful-fs cache-miss
5634 http fetch GET 200 https://registry.npmjs.org/source-map-support 303ms (cache revalidated)
5635 silly packumentCache full:https://registry.npmjs.org/source-map-support set size:125488 disposed:false
5636 silly fetch manifest isbinaryfile@^3.0.0
5637 silly packumentCache full:https://registry.npmjs.org/isbinaryfile cache-miss
5638 http cache https://registry.npmjs.org/http-proxy 104ms (cache hit)
5639 silly packumentCache full:https://registry.npmjs.org/http-proxy set size:183156 disposed:false
5640 silly fetch manifest range-parser@^1.2.0
5641 silly packumentCache full:https://registry.npmjs.org/range-parser cache-hit
5642 silly fetch manifest combine-lists@^1.0.0
5643 silly packumentCache full:https://registry.npmjs.org/combine-lists cache-miss
5644 http fetch GET 200 https://registry.npmjs.org/fileset 358ms (cache miss)
5645 silly packumentCache full:https://registry.npmjs.org/fileset set size:undefined disposed:false
5646 silly fetch manifest dom-serialize@^2.2.0
5647 silly packumentCache full:https://registry.npmjs.org/dom-serialize cache-miss
5648 http cache https://registry.npmjs.org/graceful-fs 93ms (cache hit)
5649 silly packumentCache full:https://registry.npmjs.org/graceful-fs set size:124285 disposed:false
5650 silly fetch manifest expand-braces@^0.1.1
5651 silly packumentCache full:https://registry.npmjs.org/expand-braces cache-miss
5652 http cache https://registry.npmjs.org/body-parser 115ms (cache hit)
5653 silly packumentCache full:https://registry.npmjs.org/body-parser set size:209520 disposed:false
5654 silly fetch manifest fs-access@^1.0.0
5655 silly packumentCache full:https://registry.npmjs.org/fs-access cache-miss
5656 http cache https://registry.npmjs.org/isbinaryfile 73ms (cache hit)
5657 silly packumentCache full:https://registry.npmjs.org/isbinaryfile set size:73206 disposed:false
5658 silly fetch manifest log-symbols@^2.1.0
5659 silly packumentCache full:https://registry.npmjs.org/log-symbols cache-hit
5660 silly fetch manifest sauce-connect-launcher@^1.2.4
5661 silly packumentCache full:https://registry.npmjs.org/sauce-connect-launcher cache-miss
5662 http fetch GET 200 https://registry.npmjs.org/useragent 199ms (cache miss)
5663 silly packumentCache full:https://registry.npmjs.org/useragent set size:undefined disposed:false
5664 silly fetch manifest saucelabs@^1.5.0
5665 silly packumentCache full:https://registry.npmjs.org/saucelabs cache-miss
5666 http cache https://registry.npmjs.org/dom-serialize 51ms (cache hit)
5667 silly packumentCache full:https://registry.npmjs.org/dom-serialize set size:14341 disposed:false
5668 silly fetch manifest async@^2.0.0
5669 silly packumentCache full:https://registry.npmjs.org/async cache-hit
5670 silly fetch manifest babel-runtime@^6.0.0
5671 silly packumentCache full:https://registry.npmjs.org/babel-runtime cache-miss
5672 http cache https://registry.npmjs.org/fs-access 36ms (cache hit)
5673 silly packumentCache full:https://registry.npmjs.org/fs-access set size:7887 disposed:false
5674 silly fetch manifest loader-utils@^1.0.0
5675 silly packumentCache full:https://registry.npmjs.org/loader-utils cache-miss
5676 http cache https://registry.npmjs.org/loader-utils 9ms (cache hit)
5677 silly packumentCache full:https://registry.npmjs.org/loader-utils set size:168663 disposed:false
5678 silly fetch manifest lodash@^4.0.0
5679 silly packumentCache full:https://registry.npmjs.org/lodash cache-hit
5680 silly fetch manifest source-map@^0.5.6
5681 silly packumentCache full:https://registry.npmjs.org/source-map cache-hit
5682 silly fetch manifest webpack-dev-middleware@^2.0.6
5683 silly packumentCache full:https://registry.npmjs.org/webpack-dev-middleware cache-miss
5684 http fetch GET 200 https://registry.npmjs.org/optimist 283ms (cache miss)
5685 silly packumentCache full:https://registry.npmjs.org/optimist set size:undefined disposed:false
5686 silly fetch manifest acorn@^7.1.0
5687 silly packumentCache full:https://registry.npmjs.org/acorn cache-hit
5688 silly fetch manifest @types/estree@*
5689 silly packumentCache full:https://registry.npmjs.org/@types%2festree cache-miss
5690 http fetch GET 200 https://registry.npmjs.org/combine-lists 123ms (cache miss)
5691 silly packumentCache full:https://registry.npmjs.org/combine-lists set size:undefined disposed:false
5692 silly fetch manifest @babel/helper-module-imports@^7.0.0
5693 silly packumentCache full:https://registry.npmjs.org/@babel%2fhelper-module-imports cache-miss
5694 http cache https://registry.npmjs.org/@babel%2fhelper-module-imports 9ms (cache hit)
5695 silly packumentCache full:https://registry.npmjs.org/@babel%2fhelper-module-imports set size:180179 disposed:false
5696 silly fetch manifest rollup-pluginutils@^2.8.1
5697 silly packumentCache full:https://registry.npmjs.org/rollup-pluginutils cache-miss
5698 http fetch GET 200 https://registry.npmjs.org/@types%2festree 93ms (cache miss)
5699 silly packumentCache full:https://registry.npmjs.org/@types%2festree set size:undefined disposed:false
5700 silly fetch manifest ajv@^6.10.2
5701 silly packumentCache full:https://registry.npmjs.org/ajv cache-miss
5702 http fetch GET 200 https://registry.npmjs.org/webpack-dev-middleware 131ms (cache miss)
5703 silly packumentCache full:https://registry.npmjs.org/webpack-dev-middleware set size:undefined disposed:false
5704 silly fetch manifest acorn@^6.4.1
5705 silly packumentCache full:https://registry.npmjs.org/acorn cache-hit
5706 silly fetch manifest mkdirp@^0.5.3
5707 silly packumentCache full:https://registry.npmjs.org/mkdirp cache-hit
5708 silly fetch manifest tapable@^1.1.3
5709 silly packumentCache full:https://registry.npmjs.org/tapable cache-miss
5710 http fetch GET 200 https://registry.npmjs.org/ajv 121ms (cache revalidated)
5711 silly packumentCache full:https://registry.npmjs.org/ajv set size:1126055 disposed:false
5712 silly fetch manifest memory-fs@^0.4.1
5713 silly packumentCache full:https://registry.npmjs.org/memory-fs cache-miss
5714 http fetch GET 200 https://registry.npmjs.org/sauce-connect-launcher 317ms (cache miss)
5715 silly packumentCache full:https://registry.npmjs.org/sauce-connect-launcher set size:undefined disposed:false
5716 silly fetch manifest neo-async@^2.6.1
5717 silly packumentCache full:https://registry.npmjs.org/neo-async cache-miss
5718 http fetch GET 200 https://registry.npmjs.org/expand-braces 353ms (cache miss)
5719 silly packumentCache full:https://registry.npmjs.org/expand-braces set size:undefined disposed:false
5720 silly fetch manifest watchpack@^1.7.4
5721 silly packumentCache full:https://registry.npmjs.org/watchpack cache-miss
5722 http fetch GET 200 https://registry.npmjs.org/tapable 147ms (cache miss)
5723 silly packumentCache full:https://registry.npmjs.org/tapable set size:undefined disposed:false
5724 silly fetch manifest micromatch@^3.1.10
5725 silly packumentCache full:https://registry.npmjs.org/micromatch cache-hit
5726 silly fetch manifest ajv-keywords@^3.4.1
5727 silly packumentCache full:https://registry.npmjs.org/ajv-keywords cache-miss
5728 http fetch GET 200 https://registry.npmjs.org/saucelabs 335ms (cache miss)
5729 silly packumentCache full:https://registry.npmjs.org/saucelabs set size:undefined disposed:false
5730 silly fetch manifest loader-utils@^1.2.3
5731 silly packumentCache full:https://registry.npmjs.org/loader-utils cache-hit
5732 silly fetch manifest schema-utils@^1.0.0
5733 silly packumentCache full:https://registry.npmjs.org/schema-utils cache-miss
5734 http cache https://registry.npmjs.org/schema-utils 15ms (cache hit)
5735 silly packumentCache full:https://registry.npmjs.org/schema-utils set size:162860 disposed:false
5736 silly fetch manifest loader-runner@^2.4.0
5737 silly packumentCache full:https://registry.npmjs.org/loader-runner cache-miss
5738 http fetch GET 200 https://registry.npmjs.org/neo-async 83ms (cache miss)
5739 silly packumentCache full:https://registry.npmjs.org/neo-async set size:undefined disposed:false
5740 silly fetch manifest webpack-sources@^1.4.1
5741 silly packumentCache full:https://registry.npmjs.org/webpack-sources cache-miss
5742 http fetch GET 200 https://registry.npmjs.org/watchpack 108ms (cache miss)
5743 silly packumentCache full:https://registry.npmjs.org/watchpack set size:undefined disposed:false
5744 silly fetch manifest enhanced-resolve@^4.5.0
5745 silly packumentCache full:https://registry.npmjs.org/enhanced-resolve cache-miss
5746 http fetch GET 200 https://registry.npmjs.org/babel-runtime 424ms (cache miss)
5747 silly packumentCache full:https://registry.npmjs.org/babel-runtime set size:undefined disposed:false
5748 silly fetch manifest node-libs-browser@^2.2.1
5749 silly packumentCache full:https://registry.npmjs.org/node-libs-browser cache-miss
5750 http fetch GET 200 https://registry.npmjs.org/interpret 1035ms (cache miss)
5751 silly packumentCache full:https://registry.npmjs.org/interpret set size:undefined disposed:false
5752 silly fetch manifest @webassemblyjs/ast@1.9.0
5753 silly packumentCache full:https://registry.npmjs.org/@webassemblyjs%2fast cache-miss
5754 http fetch GET 200 https://registry.npmjs.org/ajv-keywords 225ms (cache miss)
5755 silly packumentCache full:https://registry.npmjs.org/ajv-keywords set size:undefined disposed:false
5756 silly fetch manifest chrome-trace-event@^1.0.2
5757 silly packumentCache full:https://registry.npmjs.org/chrome-trace-event cache-miss
5758 http fetch GET 200 https://registry.npmjs.org/deep-for-each 1041ms (cache miss)
5759 silly packumentCache full:https://registry.npmjs.org/deep-for-each set size:undefined disposed:false
5760 silly fetch manifest terser-webpack-plugin@^1.4.3
5761 silly packumentCache full:https://registry.npmjs.org/terser-webpack-plugin cache-miss
5762 http fetch GET 200 https://registry.npmjs.org/file-sync-cmp 1090ms (cache miss)
5763 silly packumentCache full:https://registry.npmjs.org/file-sync-cmp set size:undefined disposed:false
5764 silly fetch manifest @webassemblyjs/wasm-edit@1.9.0
5765 silly packumentCache full:https://registry.npmjs.org/@webassemblyjs%2fwasm-edit cache-miss
5766 http fetch GET 200 https://registry.npmjs.org/memory-fs 302ms (cache miss)
5767 silly packumentCache full:https://registry.npmjs.org/memory-fs set size:undefined disposed:false
5768 silly fetch manifest json-parse-better-errors@^1.0.2
5769 silly packumentCache full:https://registry.npmjs.org/json-parse-better-errors cache-miss
5770 http fetch GET 200 https://registry.npmjs.org/node-libs-browser 155ms (cache miss)
5771 silly packumentCache full:https://registry.npmjs.org/node-libs-browser set size:undefined disposed:false
5772 silly fetch manifest @webassemblyjs/wasm-parser@1.9.0
5773 silly packumentCache full:https://registry.npmjs.org/@webassemblyjs%2fwasm-parser cache-miss
5774 http fetch GET 200 https://registry.npmjs.org/hooker 1077ms (cache miss)
5775 silly packumentCache full:https://registry.npmjs.org/hooker set size:undefined disposed:false
5776 silly fetch manifest @webassemblyjs/helper-module-context@1.9.0
5777 silly packumentCache full:https://registry.npmjs.org/@webassemblyjs%2fhelper-module-context cache-miss
5778 http fetch GET 200 https://registry.npmjs.org/loader-runner 276ms (cache miss)
5779 silly packumentCache full:https://registry.npmjs.org/loader-runner set size:undefined disposed:false
5780 silly fetch manifest ip@^1.1.5
5781 silly packumentCache full:https://registry.npmjs.org/ip cache-miss
5782 http fetch GET 200 https://registry.npmjs.org/json-parse-better-errors 203ms (cache miss)
5783 silly packumentCache full:https://registry.npmjs.org/json-parse-better-errors set size:undefined disposed:false
5784 silly fetch manifest ws@^6.2.1
5785 silly packumentCache full:https://registry.npmjs.org/ws cache-hit
5786 silly fetch manifest opn@^5.5.0
5787 silly packumentCache full:https://registry.npmjs.org/opn cache-miss
5788 http fetch GET 200 https://registry.npmjs.org/webpack-sources 408ms (cache miss)
5789 silly packumentCache full:https://registry.npmjs.org/webpack-sources set size:undefined disposed:false
5790 silly fetch manifest url@^0.11.0
5791 silly packumentCache full:https://registry.npmjs.org/url cache-miss
5792 http fetch GET 200 https://registry.npmjs.org/@webassemblyjs%2fwasm-parser 226ms (cache miss)
5793 silly packumentCache full:https://registry.npmjs.org/@webassemblyjs%2fwasm-parser set size:undefined disposed:false
5794 silly fetch manifest spdy@^4.0.2
5795 silly packumentCache full:https://registry.npmjs.org/spdy cache-miss
5796 http fetch GET 200 https://registry.npmjs.org/enhanced-resolve 400ms (cache miss)
5797 silly packumentCache full:https://registry.npmjs.org/enhanced-resolve set size:undefined disposed:false
5798 silly fetch manifest yargs@^13.3.2
5799 silly packumentCache full:https://registry.npmjs.org/yargs cache-hit
5800 silly fetch manifest sockjs@^0.3.21
5801 silly packumentCache full:https://registry.npmjs.org/sockjs cache-miss
5802 http cache https://registry.npmjs.org/url 32ms (cache hit)
5803 silly packumentCache full:https://registry.npmjs.org/url set size:22041 disposed:false
5804 silly fetch manifest bonjour@^3.5.0
5805 silly packumentCache full:https://registry.npmjs.org/bonjour cache-miss
5806 http fetch GET 200 https://registry.npmjs.org/@webassemblyjs%2fast 463ms (cache miss)
5807 silly packumentCache full:https://registry.npmjs.org/@webassemblyjs%2fast set size:undefined disposed:false
5808 silly fetch manifest express@^4.17.1
5809 silly packumentCache full:https://registry.npmjs.org/express cache-miss
5810 http fetch GET 200 https://registry.npmjs.org/bonjour 187ms (cache miss)
5811 silly packumentCache full:https://registry.npmjs.org/bonjour set size:undefined disposed:false
5812 silly fetch manifest p-retry@^3.0.1
5813 silly packumentCache full:https://registry.npmjs.org/p-retry cache-miss
5814 http fetch GET 200 https://registry.npmjs.org/rollup-pluginutils 975ms (cache miss)
5815 silly packumentCache full:https://registry.npmjs.org/rollup-pluginutils set size:undefined disposed:false
5816 silly fetch manifest chokidar@^2.1.8
5817 silly packumentCache full:https://registry.npmjs.org/chokidar cache-hit
5818 silly fetch manifest killable@^1.0.1
5819 silly packumentCache full:https://registry.npmjs.org/killable cache-miss
5820 http fetch GET 200 https://registry.npmjs.org/@webassemblyjs%2fwasm-edit 491ms (cache miss)
5821 silly packumentCache full:https://registry.npmjs.org/@webassemblyjs%2fwasm-edit set size:undefined disposed:false
5822 silly fetch manifest loglevel@^1.6.8
5823 silly packumentCache full:https://registry.npmjs.org/loglevel cache-miss
5824 http fetch GET 200 https://registry.npmjs.org/opn 323ms (cache miss)
5825 silly packumentCache full:https://registry.npmjs.org/opn set size:undefined disposed:false
5826 silly fetch manifest portfinder@^1.0.26
5827 silly packumentCache full:https://registry.npmjs.org/portfinder cache-miss
5828 http fetch GET 200 https://registry.npmjs.org/sockjs 288ms (cache miss)
5829 silly packumentCache full:https://registry.npmjs.org/sockjs set size:undefined disposed:false
5830 silly fetch manifest selfsigned@^1.10.8
5831 silly packumentCache full:https://registry.npmjs.org/selfsigned cache-miss
5832 http fetch GET 200 https://registry.npmjs.org/p-retry 124ms (cache miss)
5833 silly packumentCache full:https://registry.npmjs.org/p-retry set size:undefined disposed:false
5834 silly fetch manifest strip-ansi@^3.0.1
5835 silly packumentCache full:https://registry.npmjs.org/strip-ansi cache-hit
5836 silly fetch manifest compression@^1.7.4
5837 silly packumentCache full:https://registry.npmjs.org/compression cache-miss
5838 http fetch GET 200 https://registry.npmjs.org/terser-webpack-plugin 595ms (cache miss)
5839 silly packumentCache full:https://registry.npmjs.org/terser-webpack-plugin set size:undefined disposed:false
5840 silly fetch manifest internal-ip@^4.3.0
5841 silly packumentCache full:https://registry.npmjs.org/internal-ip cache-miss
5842 http fetch GET 200 https://registry.npmjs.org/spdy 364ms (cache miss)
5843 silly packumentCache full:https://registry.npmjs.org/spdy set size:undefined disposed:false
5844 silly fetch manifest serve-index@^1.9.1
5845 silly packumentCache full:https://registry.npmjs.org/serve-index cache-miss
5846 http cache https://registry.npmjs.org/portfinder 74ms (cache hit)
5847 silly packumentCache full:https://registry.npmjs.org/portfinder set size:91093 disposed:false
5848 silly fetch manifest webpack-log@^2.0.0
5849 silly packumentCache full:https://registry.npmjs.org/webpack-log cache-miss
5850 http fetch GET 200 https://registry.npmjs.org/@webassemblyjs%2fhelper-module-context 615ms (cache miss)
5851 silly packumentCache full:https://registry.npmjs.org/@webassemblyjs%2fhelper-module-context set size:undefined disposed:false
5852 silly fetch manifest html-entities@^1.3.1
5853 silly packumentCache full:https://registry.npmjs.org/html-entities cache-miss
5854 http fetch GET 200 https://registry.npmjs.org/loglevel 144ms (cache miss)
5855 silly packumentCache full:https://registry.npmjs.org/loglevel set size:undefined disposed:false
5856 silly fetch manifest sockjs-client@^1.5.0
5857 silly packumentCache full:https://registry.npmjs.org/sockjs-client cache-miss
5858 http fetch GET 200 https://registry.npmjs.org/express 237ms (cache miss)
5859 silly packumentCache full:https://registry.npmjs.org/express set size:undefined disposed:false
5860 silly fetch manifest is-absolute-url@^3.0.3
5861 silly packumentCache full:https://registry.npmjs.org/is-absolute-url cache-miss
5862 http cache https://registry.npmjs.org/html-entities 85ms (cache hit)
5863 silly packumentCache full:https://registry.npmjs.org/html-entities set size:145148 disposed:false
5864 silly fetch manifest ansi-html-community@0.0.8
5865 silly packumentCache full:https://registry.npmjs.org/ansi-html-community cache-miss
5866 http fetch GET 200 https://registry.npmjs.org/killable 256ms (cache miss)
5867 silly packumentCache full:https://registry.npmjs.org/killable set size:undefined disposed:false
5868 silly fetch manifest http-proxy-middleware@0.19.1
5869 silly packumentCache full:https://registry.npmjs.org/http-proxy-middleware cache-miss
5870 http fetch GET 200 https://registry.npmjs.org/selfsigned 209ms (cache miss)
5871 silly packumentCache full:https://registry.npmjs.org/selfsigned set size:undefined disposed:false
5872 silly fetch manifest webpack-dev-middleware@^3.7.2
5873 silly packumentCache full:https://registry.npmjs.org/webpack-dev-middleware cache-miss
5874 http fetch GET 200 https://registry.npmjs.org/sockjs-client 117ms (cache miss)
5875 silly packumentCache full:https://registry.npmjs.org/sockjs-client set size:undefined disposed:false
5876 silly fetch manifest connect-history-api-fallback@^1.6.0
5877 silly packumentCache full:https://registry.npmjs.org/connect-history-api-fallback cache-miss
5878 http cache https://registry.npmjs.org/webpack-dev-middleware 15ms (cache hit)
5879 silly packumentCache full:https://registry.npmjs.org/webpack-dev-middleware set size:344689 disposed:false
5880 http fetch GET 200 https://registry.npmjs.org/compression 218ms (cache miss)
5881 silly packumentCache full:https://registry.npmjs.org/compression set size:undefined disposed:false
5882 http fetch GET 200 https://registry.npmjs.org/internal-ip 213ms (cache miss)
5883 silly packumentCache full:https://registry.npmjs.org/internal-ip set size:undefined disposed:false
5884 http fetch GET 200 https://registry.npmjs.org/ansi-html-community 93ms (cache miss)
5885 silly packumentCache full:https://registry.npmjs.org/ansi-html-community set size:undefined disposed:false
5886 http fetch GET 200 https://registry.npmjs.org/webpack-log 217ms (cache miss)
5887 silly packumentCache full:https://registry.npmjs.org/webpack-log set size:undefined disposed:false
5888 http fetch GET 200 https://registry.npmjs.org/http-proxy-middleware 210ms (cache miss)
5889 silly packumentCache full:https://registry.npmjs.org/http-proxy-middleware set size:undefined disposed:false
5890 http fetch GET 200 https://registry.npmjs.org/connect-history-api-fallback 216ms (cache miss)
5891 silly packumentCache full:https://registry.npmjs.org/connect-history-api-fallback set size:undefined disposed:false
5892 http fetch GET 200 https://registry.npmjs.org/is-absolute-url 360ms (cache miss)
5893 silly packumentCache full:https://registry.npmjs.org/is-absolute-url set size:undefined disposed:false
5894 http fetch GET 200 https://registry.npmjs.org/ip 1082ms (cache miss)
5895 silly packumentCache full:https://registry.npmjs.org/ip set size:undefined disposed:false
5896 http fetch GET 200 https://registry.npmjs.org/chrome-trace-event 1319ms (cache miss)
5897 silly packumentCache full:https://registry.npmjs.org/chrome-trace-event set size:undefined disposed:false
5898 http fetch GET 200 https://registry.npmjs.org/serve-index 1083ms (cache miss)
5899 silly packumentCache full:https://registry.npmjs.org/serve-index set size:undefined disposed:false
5900 silly fetch manifest @types/node@^17.0.9
5901 silly packumentCache full:https://registry.npmjs.org/@types%2fnode cache-miss
5902 http fetch GET 200 https://registry.npmjs.org/@types%2fnode 245ms (cache revalidated)
5903 silly packumentCache full:https://registry.npmjs.org/@types%2fnode set size:10434236 disposed:false
5904 silly fetch manifest decache@^4.6.1
5905 silly packumentCache full:https://registry.npmjs.org/decache cache-miss
5906 http fetch GET 200 https://registry.npmjs.org/decache 243ms (cache miss)
5907 silly packumentCache full:https://registry.npmjs.org/decache set size:undefined disposed:false
5908 silly fetch manifest dtslint@^3.7.0
5909 silly packumentCache full:https://registry.npmjs.org/dtslint cache-miss
5910 http fetch GET 200 https://registry.npmjs.org/dtslint 369ms (cache miss)
5911 silly packumentCache full:https://registry.npmjs.org/dtslint set size:undefined disposed:false
5912 silly fetch manifest sinon@^12.0.1
5913 silly packumentCache full:https://registry.npmjs.org/sinon cache-miss
5914 http cache https://registry.npmjs.org/sinon 77ms (cache hit)
5915 silly packumentCache full:https://registry.npmjs.org/sinon set size:2959753 disposed:false
5916 silly fetch manifest standard@^16.0.4
5917 silly packumentCache full:https://registry.npmjs.org/standard cache-miss
5918 http cache https://registry.npmjs.org/standard 17ms (cache hit)
5919 silly packumentCache full:https://registry.npmjs.org/standard set size:515150 disposed:false
5920 silly fetch manifest standard-markdown@^7.1.0
5921 silly packumentCache full:https://registry.npmjs.org/standard-markdown cache-miss
5922 http fetch GET 200 https://registry.npmjs.org/standard-markdown 939ms (cache miss)
5923 silly packumentCache full:https://registry.npmjs.org/standard-markdown set size:undefined disposed:false
5924 silly fetch manifest tap@^15.1.6
5925 silly packumentCache full:https://registry.npmjs.org/tap cache-miss
5926 http fetch GET 200 https://registry.npmjs.org/tap 1816ms (cache miss)
5927 silly packumentCache full:https://registry.npmjs.org/tap set size:undefined disposed:false
5928 silly fetch manifest tar@^6.1.11
5929 silly packumentCache full:https://registry.npmjs.org/tar cache-miss
5930 http fetch GET 200 https://registry.npmjs.org/tar 82ms (cache miss)
5931 silly packumentCache full:https://registry.npmjs.org/tar set size:undefined disposed:false
5932 silly fetch manifest typescript@^4.5.4
5933 silly packumentCache full:https://registry.npmjs.org/typescript cache-miss
5934 http cache https://registry.npmjs.org/typescript 89ms (cache hit)
5935 silly packumentCache full:https://registry.npmjs.org/typescript set size:14432499 disposed:false
5936 silly placeDep node_modules/.pnpm/dotenv@16.0.3/node_modules/dotenv @types/node@17.0.45 OK for: dotenv@16.0.3 want: ^17.0.9
5937 silly placeDep ROOT decache@4.6.2 OK for: dotenv@16.0.3 want: ^4.6.1
5938 silly placeDep ROOT dtslint@3.7.0 OK for: dotenv@16.0.3 want: ^3.7.0
5939 silly placeDep node_modules/.pnpm/dotenv@16.0.3/node_modules/dotenv sinon@12.0.1 OK for: dotenv@16.0.3 want: ^12.0.1
5940 silly placeDep node_modules/.pnpm/dotenv@16.0.3/node_modules/dotenv standard@16.0.4 OK for: dotenv@16.0.3 want: ^16.0.4
5941 silly placeDep ROOT standard-markdown@7.1.0 OK for: dotenv@16.0.3 want: ^7.1.0
5942 silly placeDep ROOT tap@15.2.3 OK for: dotenv@16.0.3 want: ^15.1.6
5943 silly placeDep node_modules/.pnpm/dotenv@16.0.3/node_modules/dotenv tar@6.2.1 OK for: dotenv@16.0.3 want: ^6.1.11
5944 silly placeDep node_modules/.pnpm/dotenv@16.0.3/node_modules/dotenv typescript@4.9.5 OK for: dotenv@16.0.3 want: ^4.5.4
5945 silly fetch manifest callsite@^1.0.0
5946 silly packumentCache full:https://registry.npmjs.org/callsite cache-miss
5947 silly fetch manifest tslint@5.14.0
5948 silly packumentCache full:https://registry.npmjs.org/tslint cache-miss
5949 silly fetch manifest fs-extra@^6.0.1
5950 silly packumentCache full:https://registry.npmjs.org/fs-extra cache-hit
5951 silly fetch manifest dts-critic@latest
5952 silly packumentCache full:https://registry.npmjs.org/dts-critic cache-miss
5953 silly fetch manifest json-stable-stringify@^1.0.1
5954 silly packumentCache full:https://registry.npmjs.org/json-stable-stringify cache-hit
5955 silly fetch manifest @definitelytyped/utils@latest
5956 silly packumentCache full:https://registry.npmjs.org/@definitelytyped%2futils cache-miss
5957 silly fetch manifest @definitelytyped/header-parser@latest
5958 silly packumentCache full:https://registry.npmjs.org/@definitelytyped%2fheader-parser cache-miss
5959 silly fetch manifest @definitelytyped/typescript-versions@latest
5960 silly packumentCache full:https://registry.npmjs.org/@definitelytyped%2ftypescript-versions cache-miss
5961 silly fetch manifest diff@^5.0.0
5962 silly packumentCache full:https://registry.npmjs.org/diff cache-hit
5963 silly fetch manifest nise@^5.1.0
5964 silly packumentCache full:https://registry.npmjs.org/nise cache-miss
5965 silly fetch manifest @sinonjs/samsam@^6.0.2
5966 silly packumentCache full:https://registry.npmjs.org/@sinonjs%2fsamsam cache-miss
5967 silly fetch manifest @sinonjs/commons@^1.8.3
5968 silly packumentCache full:https://registry.npmjs.org/@sinonjs%2fcommons cache-miss
5969 silly fetch manifest @sinonjs/fake-timers@^8.1.0
5970 silly packumentCache full:https://registry.npmjs.org/@sinonjs%2ffake-timers cache-miss
5971 silly fetch manifest eslint@~7.18.0
5972 silly packumentCache full:https://registry.npmjs.org/eslint cache-miss
5973 http cache https://registry.npmjs.org/nise 57ms (cache hit)
5974 silly packumentCache full:https://registry.npmjs.org/nise set size:196753 disposed:false
5975 silly fetch manifest standard-engine@^14.0.1
5976 silly packumentCache full:https://registry.npmjs.org/standard-engine cache-miss
5977 http cache https://registry.npmjs.org/@sinonjs%2fsamsam 70ms (cache hit)
5978 silly packumentCache full:https://registry.npmjs.org/@sinonjs%2fsamsam set size:199420 disposed:false
5979 silly fetch manifest eslint-plugin-react@~7.25.1
5980 silly packumentCache full:https://registry.npmjs.org/eslint-plugin-react cache-miss
5981 http cache https://registry.npmjs.org/@sinonjs%2fcommons 78ms (cache hit)
5982 silly packumentCache full:https://registry.npmjs.org/@sinonjs%2fcommons set size:84818 disposed:false
5983 silly fetch manifest eslint-plugin-import@~2.24.2
5984 silly packumentCache full:https://registry.npmjs.org/eslint-plugin-import cache-hit
5985 silly fetch manifest eslint-plugin-promise@~5.1.0
5986 silly packumentCache full:https://registry.npmjs.org/eslint-plugin-promise cache-hit
5987 silly fetch manifest eslint-config-standard@16.0.3
5988 silly packumentCache full:https://registry.npmjs.org/eslint-config-standard cache-hit
5989 silly fetch manifest eslint-config-standard-jsx@10.0.0
5990 silly packumentCache full:https://registry.npmjs.org/eslint-config-standard-jsx cache-miss
5991 http cache https://registry.npmjs.org/@sinonjs%2ffake-timers 88ms (cache hit)
5992 silly packumentCache full:https://registry.npmjs.org/@sinonjs%2ffake-timers set size:300403 disposed:false
5993 silly fetch manifest commander@^4.1.0
5994 silly packumentCache full:https://registry.npmjs.org/commander cache-hit
5995 silly fetch manifest globby@^11.0.0
5996 silly packumentCache full:https://registry.npmjs.org/globby cache-hit
5997 silly fetch manifest ora@^4.0.3
5998 silly packumentCache full:https://registry.npmjs.org/ora cache-hit
5999 silly fetch manifest standard@^16.0.3
6000 silly packumentCache full:https://registry.npmjs.org/standard cache-hit
6001 silly fetch manifest findit@^2.0.0
6002 silly packumentCache full:https://registry.npmjs.org/findit cache-miss
6003 http cache https://registry.npmjs.org/eslint 123ms (cache hit)
6004 silly packumentCache full:https://registry.npmjs.org/eslint set size:1811205 disposed:false
6005 silly fetch manifest libtap@^1.3.0
6006 silly packumentCache full:https://registry.npmjs.org/libtap cache-miss
6007 http cache https://registry.npmjs.org/standard-engine 263ms (cache hit)
6008 silly packumentCache full:https://registry.npmjs.org/standard-engine set size:270780 disposed:false
6009 silly fetch manifest minipass@^3.1.1
6010 silly packumentCache full:https://registry.npmjs.org/minipass cache-miss
6011 http fetch GET 200 https://registry.npmjs.org/callsite 352ms (cache miss)
6012 silly packumentCache full:https://registry.npmjs.org/callsite set size:undefined disposed:false
6013 silly fetch manifest tap-yaml@^1.0.0
6014 silly packumentCache full:https://registry.npmjs.org/tap-yaml cache-miss
6015 http cache https://registry.npmjs.org/eslint-config-standard-jsx 255ms (cache hit)
6016 silly packumentCache full:https://registry.npmjs.org/eslint-config-standard-jsx set size:87585 disposed:false
6017 silly fetch manifest tcompare@^5.0.7
6018 silly packumentCache full:https://registry.npmjs.org/tcompare cache-miss
6019 http fetch GET 200 https://registry.npmjs.org/dts-critic 371ms (cache miss)
6020 silly packumentCache full:https://registry.npmjs.org/dts-critic set size:undefined disposed:false
6021 silly fetch manifest jackspeak@^1.4.1
6022 silly packumentCache full:https://registry.npmjs.org/jackspeak cache-miss
6023 http fetch GET 200 https://registry.npmjs.org/eslint-plugin-react 336ms (cache miss)
6024 silly packumentCache full:https://registry.npmjs.org/eslint-plugin-react set size:undefined disposed:false
6025 silly fetch manifest tap-parser@^11.0.1
6026 silly packumentCache full:https://registry.npmjs.org/tap-parser cache-miss
6027 http fetch GET 200 https://registry.npmjs.org/jackspeak 110ms (cache revalidated)
6028 silly packumentCache full:https://registry.npmjs.org/jackspeak set size:189177 disposed:false
6029 silly fetch manifest signal-exit@^3.0.6
6030 silly packumentCache full:https://registry.npmjs.org/signal-exit cache-miss
6031 http cache https://registry.npmjs.org/signal-exit 11ms (cache hit)
6032 silly packumentCache full:https://registry.npmjs.org/signal-exit set size:53489 disposed:false
6033 silly fetch manifest fs-exists-cached@^1.0.0
6034 silly packumentCache full:https://registry.npmjs.org/fs-exists-cached cache-miss
6035 http fetch GET 200 https://registry.npmjs.org/minipass 269ms (cache revalidated)
6036 silly packumentCache full:https://registry.npmjs.org/minipass set size:490195 disposed:false
6037 silly fetch manifest tap-mocha-reporter@^5.0.3
6038 silly packumentCache full:https://registry.npmjs.org/tap-mocha-reporter cache-miss
6039 http fetch GET 200 https://registry.npmjs.org/fs-exists-cached 243ms (cache miss)
6040 silly packumentCache full:https://registry.npmjs.org/fs-exists-cached set size:undefined disposed:false
6041 silly fetch manifest chownr@^2.0.0
6042 silly packumentCache full:https://registry.npmjs.org/chownr cache-miss
6043 http fetch GET 200 https://registry.npmjs.org/chownr 89ms (cache miss)
6044 silly packumentCache full:https://registry.npmjs.org/chownr set size:undefined disposed:false
6045 silly fetch manifest yallist@^4.0.0
6046 silly packumentCache full:https://registry.npmjs.org/yallist cache-miss
6047 http fetch GET 200 https://registry.npmjs.org/tap-mocha-reporter 263ms (cache miss)
6048 silly packumentCache full:https://registry.npmjs.org/tap-mocha-reporter set size:undefined disposed:false
6049 silly fetch manifest minipass@^5.0.0
6050 silly packumentCache full:https://registry.npmjs.org/minipass cache-hit
6051 silly fetch manifest minizlib@^2.1.1
6052 silly packumentCache full:https://registry.npmjs.org/minizlib cache-miss
6053 http fetch GET 200 https://registry.npmjs.org/yallist 78ms (cache miss)
6054 silly packumentCache full:https://registry.npmjs.org/yallist set size:undefined disposed:false
6055 silly fetch manifest fs-minipass@^2.0.0
6056 silly packumentCache full:https://registry.npmjs.org/fs-minipass cache-miss
6057 http fetch GET 200 https://registry.npmjs.org/minizlib 87ms (cache miss)
6058 silly packumentCache full:https://registry.npmjs.org/minizlib set size:undefined disposed:false
6059 http fetch GET 200 https://registry.npmjs.org/tslint 1115ms (cache miss)
6060 silly packumentCache full:https://registry.npmjs.org/tslint set size:undefined disposed:false
6061 http fetch GET 200 https://registry.npmjs.org/libtap 936ms (cache miss)
6062 silly packumentCache full:https://registry.npmjs.org/libtap set size:undefined disposed:false
6063 http fetch GET 200 https://registry.npmjs.org/fs-minipass 303ms (cache miss)
6064 silly packumentCache full:https://registry.npmjs.org/fs-minipass set size:undefined disposed:false
6065 http fetch GET 200 https://registry.npmjs.org/findit 1203ms (cache miss)
6066 silly packumentCache full:https://registry.npmjs.org/findit set size:undefined disposed:false
6067 http fetch GET 200 https://registry.npmjs.org/tcompare 1052ms (cache miss)
6068 silly packumentCache full:https://registry.npmjs.org/tcompare set size:undefined disposed:false
6069 http fetch GET 200 https://registry.npmjs.org/tap-yaml 1128ms (cache miss)
6070 silly packumentCache full:https://registry.npmjs.org/tap-yaml set size:undefined disposed:false
6071 http fetch GET 200 https://registry.npmjs.org/tap-parser 1048ms (cache miss)
6072 silly packumentCache full:https://registry.npmjs.org/tap-parser set size:undefined disposed:false
6073 http fetch GET 200 https://registry.npmjs.org/@definitelytyped%2ftypescript-versions 2041ms (cache miss)
6074 silly packumentCache full:https://registry.npmjs.org/@definitelytyped%2ftypescript-versions set size:undefined disposed:false
6075 http fetch GET 200 https://registry.npmjs.org/@definitelytyped%2fheader-parser 2226ms (cache miss)
6076 silly packumentCache full:https://registry.npmjs.org/@definitelytyped%2fheader-parser set size:undefined disposed:false
6077 http fetch GET 200 https://registry.npmjs.org/@definitelytyped%2futils 2255ms (cache miss)
6078 silly packumentCache full:https://registry.npmjs.org/@definitelytyped%2futils set size:undefined disposed:false
6079 silly fetch manifest mkdirp@^3.0.1
6080 silly packumentCache full:https://registry.npmjs.org/mkdirp cache-hit
6081 silly fetch manifest rimraf@^5.0.5
6082 silly packumentCache full:https://registry.npmjs.org/rimraf cache-hit
6083 silly fetch manifest tap@^18.7.2
6084 silly packumentCache full:https://registry.npmjs.org/tap cache-miss
6085 http cache https://registry.npmjs.org/tap 21ms (cache hit)
6086 silly packumentCache full:https://registry.npmjs.org/tap set size:1263323 disposed:false
6087 silly fetch manifest tshy@^1.13.1
6088 silly packumentCache full:https://registry.npmjs.org/tshy cache-miss
6089 http fetch GET 200 https://registry.npmjs.org/tshy 1118ms (cache miss)
6090 silly packumentCache full:https://registry.npmjs.org/tshy set size:undefined disposed:false
6091 silly fetch manifest typedoc@^0.25.12
6092 silly packumentCache full:https://registry.npmjs.org/typedoc cache-miss
6093 http fetch GET 200 https://registry.npmjs.org/typedoc 252ms (cache miss)
6094 silly packumentCache full:https://registry.npmjs.org/typedoc set size:undefined disposed:false
6095 silly placeDep node_modules/.pnpm/chownr@3.0.0/node_modules/chownr mkdirp@3.0.1 OK for: chownr@3.0.0 want: ^3.0.1
6096 silly placeDep node_modules/.pnpm/chownr@3.0.0/node_modules/chownr rimraf@5.0.10 OK for: chownr@3.0.0 want: ^5.0.5
6097 silly placeDep node_modules/.pnpm/chownr@3.0.0/node_modules/chownr tap@18.8.0 OK for: chownr@3.0.0 want: ^18.7.2
6098 silly placeDep ROOT tshy@1.18.0 OK for: chownr@3.0.0 want: ^1.13.1
6099 silly placeDep ROOT typedoc@0.25.13 OK for: chownr@3.0.0 want: ^0.25.12
6100 silly fetch manifest glob@^10.3.7
6101 silly packumentCache full:https://registry.npmjs.org/glob cache-hit
6102 silly fetch manifest @tapjs/run@1.5.4
6103 silly packumentCache full:https://registry.npmjs.org/@tapjs%2frun cache-miss
6104 silly fetch manifest @tapjs/core@1.5.4
6105 silly packumentCache full:https://registry.npmjs.org/@tapjs%2fcore cache-miss
6106 silly fetch manifest @tapjs/mock@1.3.4
6107 silly packumentCache full:https://registry.npmjs.org/@tapjs%2fmock cache-miss
6108 silly fetch manifest @tapjs/test@1.4.4
6109 silly packumentCache full:https://registry.npmjs.org/@tapjs%2ftest cache-miss
6110 silly fetch manifest @tapjs/after@1.1.22
6111 silly packumentCache full:https://registry.npmjs.org/@tapjs%2fafter cache-miss
6112 silly fetch manifest @tapjs/spawn@1.1.22
6113 silly packumentCache full:https://registry.npmjs.org/@tapjs%2fspawn cache-miss
6114 silly fetch manifest @tapjs/stdin@1.1.22
6115 silly packumentCache full:https://registry.npmjs.org/@tapjs%2fstdin cache-miss
6116 silly fetch manifest @tapjs/before@1.1.22
6117 silly packumentCache full:https://registry.npmjs.org/@tapjs%2fbefore cache-miss
6118 silly fetch manifest @tapjs/filter@1.2.22
6119 silly packumentCache full:https://registry.npmjs.org/@tapjs%2ffilter cache-miss
6120 silly fetch manifest @tapjs/worker@1.1.22
6121 silly packumentCache full:https://registry.npmjs.org/@tapjs%2fworker cache-miss
6122 silly fetch manifest @tapjs/asserts@1.2.0
6123 silly packumentCache full:https://registry.npmjs.org/@tapjs%2fasserts cache-miss
6124 http fetch GET 200 https://registry.npmjs.org/@tapjs%2fstdin 2041ms (cache miss)
6125 silly packumentCache full:https://registry.npmjs.org/@tapjs%2fstdin set size:undefined disposed:false
6126 silly fetch manifest @tapjs/fixture@1.2.22
6127 silly packumentCache full:https://registry.npmjs.org/@tapjs%2ffixture cache-miss
6128 http fetch GET 200 https://registry.npmjs.org/@tapjs%2fcore 2049ms (cache miss)
6129 silly packumentCache full:https://registry.npmjs.org/@tapjs%2fcore set size:undefined disposed:false
6130 silly fetch manifest resolve-import@^1.4.5
6131 silly packumentCache full:https://registry.npmjs.org/resolve-import cache-miss
6132 http fetch GET 200 https://registry.npmjs.org/@tapjs%2fmock 2140ms (cache miss)
6133 silly packumentCache full:https://registry.npmjs.org/@tapjs%2fmock set size:undefined disposed:false
6134 silly fetch manifest @tapjs/snapshot@1.2.22
6135 silly packumentCache full:https://registry.npmjs.org/@tapjs%2fsnapshot cache-miss
6136 http fetch GET 200 https://registry.npmjs.org/@tapjs%2fspawn 2153ms (cache miss)
6137 silly packumentCache full:https://registry.npmjs.org/@tapjs%2fspawn set size:undefined disposed:false
6138 silly fetch manifest @tapjs/intercept@1.2.22
6139 silly packumentCache full:https://registry.npmjs.org/@tapjs%2fintercept cache-miss
6140 http fetch GET 200 https://registry.npmjs.org/@tapjs%2frun 2196ms (cache miss)
6141 silly packumentCache full:https://registry.npmjs.org/@tapjs%2frun set size:undefined disposed:false
6142 silly fetch manifest @tapjs/after-each@1.1.22
6143 silly packumentCache full:https://registry.npmjs.org/@tapjs%2fafter-each cache-miss
6144 http fetch GET 200 https://registry.npmjs.org/@tapjs%2ftest 2212ms (cache miss)
6145 silly packumentCache full:https://registry.npmjs.org/@tapjs%2ftest set size:undefined disposed:false
6146 silly fetch manifest @tapjs/typescript@1.4.4
6147 silly packumentCache full:https://registry.npmjs.org/@tapjs%2ftypescript cache-miss
6148 http fetch GET 200 https://registry.npmjs.org/@tapjs%2fafter 2228ms (cache miss)
6149 silly packumentCache full:https://registry.npmjs.org/@tapjs%2fafter set size:undefined disposed:false
6150 silly fetch manifest @tapjs/before-each@1.1.22
6151 silly packumentCache full:https://registry.npmjs.org/@tapjs%2fbefore-each cache-miss
6152 http fetch GET 200 https://registry.npmjs.org/@tapjs%2fbefore 2241ms (cache miss)
6153 silly packumentCache full:https://registry.npmjs.org/@tapjs%2fbefore set size:undefined disposed:false
6154 silly fetch manifest @tapjs/node-serialize@1.3.4
6155 silly packumentCache full:https://registry.npmjs.org/@tapjs%2fnode-serialize cache-miss
6156 http fetch GET 200 https://registry.npmjs.org/@tapjs%2ffilter 2260ms (cache miss)
6157 silly packumentCache full:https://registry.npmjs.org/@tapjs%2ffilter set size:undefined disposed:false
6158 silly fetch manifest chalk@^5.3.0
6159 silly packumentCache full:https://registry.npmjs.org/chalk cache-hit
6160 silly fetch manifest rimraf@^5.0.1
6161 silly packumentCache full:https://registry.npmjs.org/rimraf cache-hit
6162 silly fetch manifest polite-json@^5.0.0
6163 silly packumentCache full:https://registry.npmjs.org/polite-json cache-miss
6164 http fetch GET 200 https://registry.npmjs.org/@tapjs%2fasserts 2276ms (cache miss)
6165 silly packumentCache full:https://registry.npmjs.org/@tapjs%2fasserts set size:undefined disposed:false
6166 silly fetch manifest sync-content@^1.0.2
6167 silly packumentCache full:https://registry.npmjs.org/sync-content cache-miss
6168 http fetch GET 200 https://registry.npmjs.org/@tapjs%2fworker 2301ms (cache miss)
6169 silly packumentCache full:https://registry.npmjs.org/@tapjs%2fworker set size:undefined disposed:false
6170 silly fetch manifest walk-up-path@^3.0.1
6171 silly packumentCache full:https://registry.npmjs.org/walk-up-path cache-miss
6172 http fetch GET 200 https://registry.npmjs.org/walk-up-path 265ms (cache miss)
6173 silly packumentCache full:https://registry.npmjs.org/walk-up-path set size:undefined disposed:false
6174 silly fetch manifest resolve-import@^1.4.5
6175 silly packumentCache full:https://registry.npmjs.org/resolve-import cache-miss
6176 http fetch GET 200 https://registry.npmjs.org/resolve-import 966ms (cache miss)
6177 silly packumentCache full:https://registry.npmjs.org/resolve-import set size:undefined disposed:false
6178 silly fetch manifest lunr@^2.3.9
6179 silly packumentCache full:https://registry.npmjs.org/lunr cache-miss
6180 http fetch GET 200 https://registry.npmjs.org/lunr 89ms (cache miss)
6181 silly packumentCache full:https://registry.npmjs.org/lunr set size:undefined disposed:false
6182 silly fetch manifest shiki@^0.14.7
6183 silly packumentCache full:https://registry.npmjs.org/shiki cache-miss
6184 http fetch GET 200 https://registry.npmjs.org/shiki 149ms (cache miss)
6185 silly packumentCache full:https://registry.npmjs.org/shiki set size:undefined disposed:false
6186 silly fetch manifest marked@^4.3.0
6187 silly packumentCache full:https://registry.npmjs.org/marked cache-hit
6188 silly fetch manifest minimatch@^9.0.3
6189 silly packumentCache full:https://registry.npmjs.org/minimatch cache-hit
6190 http fetch GET 200 https://registry.npmjs.org/polite-json 1079ms (cache miss)
6191 silly packumentCache full:https://registry.npmjs.org/polite-json set size:undefined disposed:false
6192 http fetch GET 200 https://registry.npmjs.org/sync-content 1145ms (cache miss)
6193 silly packumentCache full:https://registry.npmjs.org/sync-content set size:undefined disposed:false
6194 http fetch GET 200 https://registry.npmjs.org/resolve-import 1021ms (cache miss)
6195 silly packumentCache full:https://registry.npmjs.org/resolve-import set size:undefined disposed:false
6196 http fetch GET 200 https://registry.npmjs.org/@tapjs%2ffixture 2172ms (cache miss)
6197 silly packumentCache full:https://registry.npmjs.org/@tapjs%2ffixture set size:undefined disposed:false
6198 http fetch GET 200 https://registry.npmjs.org/@tapjs%2fafter-each 2107ms (cache miss)
6199 silly packumentCache full:https://registry.npmjs.org/@tapjs%2fafter-each set size:undefined disposed:false
6200 http fetch GET 200 https://registry.npmjs.org/@tapjs%2fintercept 2175ms (cache miss)
6201 silly packumentCache full:https://registry.npmjs.org/@tapjs%2fintercept set size:undefined disposed:false
6202 http fetch GET 200 https://registry.npmjs.org/@tapjs%2fnode-serialize 2147ms (cache miss)
6203 silly packumentCache full:https://registry.npmjs.org/@tapjs%2fnode-serialize set size:undefined disposed:false
6204 http fetch GET 200 https://registry.npmjs.org/@tapjs%2fsnapshot 2273ms (cache miss)
6205 silly packumentCache full:https://registry.npmjs.org/@tapjs%2fsnapshot set size:undefined disposed:false
6206 http fetch GET 200 https://registry.npmjs.org/@tapjs%2fbefore-each 2255ms (cache miss)
6207 silly packumentCache full:https://registry.npmjs.org/@tapjs%2fbefore-each set size:undefined disposed:false
6208 http fetch GET 200 https://registry.npmjs.org/@tapjs%2ftypescript 2272ms (cache miss)
6209 silly packumentCache full:https://registry.npmjs.org/@tapjs%2ftypescript set size:undefined disposed:false
6210 silly fetch manifest istanbul@0.3.9
6211 silly packumentCache full:https://registry.npmjs.org/istanbul cache-miss
6212 http cache https://registry.npmjs.org/istanbul 223ms (cache hit)
6213 silly packumentCache full:https://registry.npmjs.org/istanbul set size:359818 disposed:false
6214 silly fetch manifest mocha@2.2.5
6215 silly packumentCache full:https://registry.npmjs.org/mocha cache-miss
6216 http cache https://registry.npmjs.org/mocha 214ms (cache hit)
6217 silly packumentCache full:https://registry.npmjs.org/mocha set size:3824074 disposed:false
6218 silly placeDep node_modules/.pnpm/ee-first@1.1.1/node_modules/ee-first istanbul@0.3.9 OK for: ee-first@1.1.1 want: 0.3.9
6219 silly placeDep node_modules/.pnpm/ee-first@1.1.1/node_modules/ee-first mocha@2.2.5 OK for: ee-first@1.1.1 want: 2.2.5
6220 silly fetch manifest async@0.9.x
6221 silly packumentCache full:https://registry.npmjs.org/async cache-hit
6222 silly fetch manifest which@1.0.x
6223 silly packumentCache full:https://registry.npmjs.org/which cache-hit
6224 silly fetch manifest esprima@2.1.x
6225 silly packumentCache full:https://registry.npmjs.org/esprima cache-hit
6226 silly fetch manifest fileset@0.1.x
6227 silly packumentCache full:https://registry.npmjs.org/fileset cache-miss
6228 silly fetch manifest resolve@0.7.x
6229 silly packumentCache full:https://registry.npmjs.org/resolve cache-hit
6230 silly fetch manifest wordwrap@0.0.x
6231 silly packumentCache full:https://registry.npmjs.org/wordwrap cache-miss
6232 silly fetch manifest escodegen@1.3.x
6233 silly packumentCache full:https://registry.npmjs.org/escodegen cache-hit
6234 silly fetch manifest handlebars@1.3.x
6235 silly packumentCache full:https://registry.npmjs.org/handlebars cache-hit
6236 silly fetch manifest supports-color@1.2.x
6237 silly packumentCache full:https://registry.npmjs.org/supports-color cache-hit
6238 silly fetch manifest diff@1.4.0
6239 silly packumentCache full:https://registry.npmjs.org/diff cache-hit
6240 silly fetch manifest glob@3.2.3
6241 silly packumentCache full:https://registry.npmjs.org/glob cache-hit
6242 silly fetch manifest jade@0.26.3
6243 silly packumentCache full:https://registry.npmjs.org/jade cache-miss
6244 silly fetch manifest debug@2.0.0
6245 silly packumentCache full:https://registry.npmjs.org/debug cache-hit
6246 silly fetch manifest growl@1.8.1
6247 silly packumentCache full:https://registry.npmjs.org/growl cache-miss
6248 silly fetch manifest mkdirp@0.5.0
6249 silly packumentCache full:https://registry.npmjs.org/mkdirp cache-hit
6250 silly fetch manifest commander@2.3.0
6251 silly packumentCache full:https://registry.npmjs.org/commander cache-hit
6252 silly fetch manifest supports-color@~1.2.0
6253 silly packumentCache full:https://registry.npmjs.org/supports-color cache-hit
6254 silly fetch manifest escape-string-regexp@1.0.2
6255 silly packumentCache full:https://registry.npmjs.org/escape-string-regexp cache-hit
6256 http cache https://registry.npmjs.org/fileset 40ms (cache hit)
6257 silly packumentCache full:https://registry.npmjs.org/fileset set size:23612 disposed:false
6258 http cache https://registry.npmjs.org/wordwrap 43ms (cache hit)
6259 silly packumentCache full:https://registry.npmjs.org/wordwrap set size:9026 disposed:false
6260 http cache https://registry.npmjs.org/growl 69ms (cache hit)
6261 silly packumentCache full:https://registry.npmjs.org/growl set size:32222 disposed:false
6262 http fetch GET 200 https://registry.npmjs.org/jade 141ms (cache miss)
6263 silly packumentCache full:https://registry.npmjs.org/jade set size:undefined disposed:false
6264 silly fetch manifest @babel/plugin-proposal-unicode-property-regex@^7.2.0
6265 silly packumentCache full:https://registry.npmjs.org/@babel%2fplugin-proposal-unicode-property-regex cache-miss
6266 http fetch GET 200 https://registry.npmjs.org/@babel%2fplugin-proposal-unicode-property-regex 356ms (cache miss)
6267 silly packumentCache full:https://registry.npmjs.org/@babel%2fplugin-proposal-unicode-property-regex set size:undefined disposed:false
6268 silly fetch manifest mocha@^6.0.2
6269 silly packumentCache full:https://registry.npmjs.org/mocha cache-miss
6270 http cache https://registry.npmjs.org/mocha 22ms (cache hit)
6271 silly packumentCache full:https://registry.npmjs.org/mocha set size:3824074 disposed:false
6272 silly fetch manifest regexgen@^1.3.0
6273 silly packumentCache full:https://registry.npmjs.org/regexgen cache-miss
6274 http fetch GET 200 https://registry.npmjs.org/regexgen 1138ms (cache miss)
6275 silly packumentCache full:https://registry.npmjs.org/regexgen set size:undefined disposed:false
6276 silly fetch manifest unicode-12.0.0@^0.7.9
6277 silly packumentCache full:https://registry.npmjs.org/unicode-12.0.0 cache-miss
6278 http fetch GET 200 https://registry.npmjs.org/unicode-12.0.0 1022ms (cache miss)
6279 silly packumentCache full:https://registry.npmjs.org/unicode-12.0.0 set size:undefined disposed:false
6280 silly placeDep ROOT @babel/plugin-proposal-unicode-property-regex@7.18.6 OK for: emoji-regex@8.0.0 want: ^7.2.0
6281 silly placeDep node_modules/.pnpm/emoji-regex@8.0.0/node_modules/emoji-regex mocha@6.2.3 OK for: emoji-regex@8.0.0 want: ^6.0.2
6282 silly placeDep ROOT regexgen@1.3.0 OK for: emoji-regex@8.0.0 want: ^1.3.0
6283 silly placeDep ROOT unicode-12.0.0@0.7.9 OK for: emoji-regex@8.0.0 want: ^0.7.9
6284 silly fetch manifest @babel/helper-create-regexp-features-plugin@^7.18.6
6285 silly packumentCache full:https://registry.npmjs.org/@babel%2fhelper-create-regexp-features-plugin cache-miss
6286 silly fetch manifest @babel/helper-plugin-utils@^7.18.6
6287 silly packumentCache full:https://registry.npmjs.org/@babel%2fhelper-plugin-utils cache-miss
6288 silly fetch manifest ms@2.1.1
6289 silly packumentCache full:https://registry.npmjs.org/ms cache-hit
6290 silly fetch manifest glob@7.1.3
6291 silly packumentCache full:https://registry.npmjs.org/glob cache-hit
6292 silly fetch manifest debug@3.2.6
6293 silly packumentCache full:https://registry.npmjs.org/debug cache-hit
6294 silly fetch manifest which@1.3.1
6295 silly packumentCache full:https://registry.npmjs.org/which cache-hit
6296 silly fetch manifest yargs@13.3.2
6297 silly packumentCache full:https://registry.npmjs.org/yargs cache-hit
6298 silly fetch manifest mkdirp@0.5.4
6299 silly packumentCache full:https://registry.npmjs.org/mkdirp cache-hit
6300 silly fetch manifest find-up@3.0.0
6301 silly packumentCache full:https://registry.npmjs.org/find-up cache-hit
6302 silly fetch manifest js-yaml@3.13.1
6303 silly packumentCache full:https://registry.npmjs.org/js-yaml cache-hit
6304 silly fetch manifest wide-align@1.1.3
6305 silly packumentCache full:https://registry.npmjs.org/wide-align cache-miss
6306 silly fetch manifest ansi-colors@3.2.3
6307 silly packumentCache full:https://registry.npmjs.org/ansi-colors cache-hit
6308 silly fetch manifest log-symbols@2.2.0
6309 silly packumentCache full:https://registry.npmjs.org/log-symbols cache-hit
6310 silly fetch manifest yargs-parser@13.1.2
6311 silly packumentCache full:https://registry.npmjs.org/yargs-parser cache-hit
6312 silly fetch manifest object.assign@4.1.0
6313 silly packumentCache full:https://registry.npmjs.org/object.assign cache-hit
6314 silly fetch manifest supports-color@6.0.0
6315 silly packumentCache full:https://registry.npmjs.org/supports-color cache-hit
6316 silly fetch manifest yargs-unparser@1.6.0
6317 silly packumentCache full:https://registry.npmjs.org/yargs-unparser cache-hit
6318 silly fetch manifest strip-json-comments@2.0.1
6319 silly packumentCache full:https://registry.npmjs.org/strip-json-comments cache-hit
6320 silly fetch manifest node-environment-flags@1.0.5
6321 silly packumentCache full:https://registry.npmjs.org/node-environment-flags cache-miss
6322 silly fetch manifest jsesc@^2.3.0
6323 silly packumentCache full:https://registry.npmjs.org/jsesc cache-miss
6324 silly fetch manifest regenerate@^1.3.2
6325 silly packumentCache full:https://registry.npmjs.org/regenerate cache-miss
6326 http cache https://registry.npmjs.org/@babel%2fhelper-plugin-utils 40ms (cache hit)
6327 silly packumentCache full:https://registry.npmjs.org/@babel%2fhelper-plugin-utils set size:151129 disposed:false
6328 http cache https://registry.npmjs.org/node-environment-flags 44ms (cache hit)
6329 silly packumentCache full:https://registry.npmjs.org/node-environment-flags set size:26273 disposed:false
6330 http fetch GET 200 https://registry.npmjs.org/jsesc 123ms (cache miss)
6331 silly packumentCache full:https://registry.npmjs.org/jsesc set size:undefined disposed:false
6332 http fetch GET 200 https://registry.npmjs.org/@babel%2fhelper-create-regexp-features-plugin 184ms (cache miss)
6333 silly packumentCache full:https://registry.npmjs.org/@babel%2fhelper-create-regexp-features-plugin set size:undefined disposed:false
6334 http fetch GET 200 https://registry.npmjs.org/wide-align 233ms (cache miss)
6335 silly packumentCache full:https://registry.npmjs.org/wide-align set size:undefined disposed:false
6336 http fetch GET 200 https://registry.npmjs.org/regenerate 234ms (cache miss)
6337 silly packumentCache full:https://registry.npmjs.org/regenerate set size:undefined disposed:false
6338 silly fetch manifest @unicode/unicode-13.0.0@^1.0.3
6339 silly packumentCache full:https://registry.npmjs.org/@unicode%2funicode-13.0.0 cache-miss
6340 http fetch GET 200 https://registry.npmjs.org/@unicode%2funicode-13.0.0 2285ms (cache miss)
6341 silly packumentCache full:https://registry.npmjs.org/@unicode%2funicode-13.0.0 set size:undefined disposed:false
6342 silly fetch manifest mocha@^6.1.4
6343 silly packumentCache full:https://registry.npmjs.org/mocha cache-miss
6344 http cache https://registry.npmjs.org/mocha 21ms (cache hit)
6345 silly packumentCache full:https://registry.npmjs.org/mocha set size:3824074 disposed:false
6346 silly placeDep ROOT @unicode/unicode-13.0.0@1.6.6 OK for: emoji-regex@9.2.2 want: ^1.0.3
6347 silly placeDep node_modules/.pnpm/emoji-regex@9.2.2/node_modules/emoji-regex mocha@6.2.3 OK for: emoji-regex@9.2.2 want: ^6.1.4
6348 silly fetch manifest eslint@5.11.1
6349 silly packumentCache full:https://registry.npmjs.org/eslint cache-miss
6350 http cache https://registry.npmjs.org/eslint 20ms (cache hit)
6351 silly packumentCache full:https://registry.npmjs.org/eslint set size:1811205 disposed:false
6352 silly fetch manifest mocha@2.5.3
6353 silly packumentCache full:https://registry.npmjs.org/mocha cache-miss
6354 http cache https://registry.npmjs.org/mocha 41ms (cache hit)
6355 silly packumentCache full:https://registry.npmjs.org/mocha set size:3824074 disposed:false
6356 silly placeDep node_modules/.pnpm/encodeurl@2.0.0/node_modules/encodeurl eslint@5.11.1 OK for: encodeurl@2.0.0 want: 5.11.1
6357 silly placeDep node_modules/.pnpm/encodeurl@2.0.0/node_modules/encodeurl eslint-config-standard@12.0.0 OK for: encodeurl@2.0.0 want: 12.0.0
6358 silly placeDep node_modules/.pnpm/encodeurl@2.0.0/node_modules/encodeurl eslint-plugin-import@2.14.0 OK for: encodeurl@2.0.0 want: 2.14.0
6359 silly placeDep node_modules/.pnpm/encodeurl@2.0.0/node_modules/encodeurl eslint-plugin-node@7.0.1 OK for: encodeurl@2.0.0 want: 7.0.1
6360 silly placeDep node_modules/.pnpm/encodeurl@2.0.0/node_modules/encodeurl eslint-plugin-promise@4.0.1 OK for: encodeurl@2.0.0 want: 4.0.1
6361 silly placeDep node_modules/.pnpm/encodeurl@2.0.0/node_modules/encodeurl eslint-plugin-standard@4.0.0 OK for: encodeurl@2.0.0 want: 4.0.0
6362 silly placeDep node_modules/.pnpm/encodeurl@2.0.0/node_modules/encodeurl mocha@2.5.3 OK for: encodeurl@2.0.0 want: 2.5.3
6363 silly fetch manifest espree@^5.0.0
6364 silly packumentCache full:https://registry.npmjs.org/espree cache-hit
6365 silly fetch manifest glob@3.2.11
6366 silly packumentCache full:https://registry.npmjs.org/glob cache-hit
6367 silly fetch manifest debug@2.2.0
6368 silly packumentCache full:https://registry.npmjs.org/debug cache-hit
6369 silly fetch manifest growl@1.9.2
6370 silly packumentCache full:https://registry.npmjs.org/growl cache-hit
6371 silly fetch manifest to-iso-string@0.0.2
6372 silly packumentCache full:https://registry.npmjs.org/to-iso-string cache-miss
6373 silly fetch manifest supports-color@1.2.0
6374 silly packumentCache full:https://registry.npmjs.org/supports-color cache-hit
6375 http fetch GET 200 https://registry.npmjs.org/to-iso-string 1122ms (cache miss)
6376 silly packumentCache full:https://registry.npmjs.org/to-iso-string set size:undefined disposed:false
6377 silly fetch manifest @types/gopd@^1.0.3
6378 silly packumentCache full:https://registry.npmjs.org/@types%2fgopd cache-miss
6379 http fetch GET 200 https://registry.npmjs.org/@types%2fgopd 2047ms (cache miss)
6380 silly packumentCache full:https://registry.npmjs.org/@types%2fgopd set size:undefined disposed:false
6381 silly fetch manifest eslint@^8.8.0
6382 silly packumentCache full:https://registry.npmjs.org/eslint cache-miss
6383 http cache https://registry.npmjs.org/eslint 33ms (cache hit)
6384 silly packumentCache full:https://registry.npmjs.org/eslint set size:1811205 disposed:false
6385 silly placeDep ROOT @types/gopd@1.0.3 OK for: es-define-property@1.0.1 want: ^1.0.3
6386 silly placeDep node_modules/.pnpm/es-define-property@1.0.1/node_modules/es-define-property eslint@8.57.1 OK for: es-define-property@1.0.1 want: ^8.8.0
6387 silly placeDep node_modules/.pnpm/es-define-property@1.0.1/node_modules/es-define-property nyc@10.3.2 OK for: es-define-property@1.0.1 want: ^10.3.2
6388 silly placeDep node_modules/.pnpm/es-define-property@1.0.1/node_modules/es-define-property typescript@5.9.0-dev.20250717 OK for: es-define-property@1.0.1 want: next
6389 silly fetch manifest aud@^2.0.4
6390 silly packumentCache full:https://registry.npmjs.org/aud cache-miss
6391 http fetch GET 200 https://registry.npmjs.org/aud 986ms (cache miss)
6392 silly packumentCache full:https://registry.npmjs.org/aud set size:undefined disposed:false
6393 silly fetch manifest eclint@^2.8.1
6394 silly packumentCache full:https://registry.npmjs.org/eclint cache-miss
6395 http fetch GET 200 https://registry.npmjs.org/eclint 1229ms (cache miss)
6396 silly packumentCache full:https://registry.npmjs.org/eclint set size:undefined disposed:false
6397 silly placeDep ROOT aud@2.0.5 OK for: es-errors@1.3.0 want: ^2.0.4
6398 silly placeDep ROOT eclint@2.8.1 OK for: es-errors@1.3.0 want: ^2.8.1
6399 silly placeDep node_modules/.pnpm/es-errors@1.3.0/node_modules/es-errors eslint@8.57.1 OK for: es-errors@1.3.0 want: ^8.8.0
6400 silly placeDep node_modules/.pnpm/es-errors@1.3.0/node_modules/es-errors nyc@10.3.2 OK for: es-errors@1.3.0 want: ^10.3.2
6401 silly placeDep node_modules/.pnpm/es-errors@1.3.0/node_modules/es-errors typescript@5.9.0-dev.20250717 OK for: es-errors@1.3.0 want: next
6402 silly fetch manifest tmp@=0.2.1
6403 silly packumentCache full:https://registry.npmjs.org/tmp cache-hit
6404 silly fetch manifest libnpx@^10.2.4
6405 silly packumentCache full:https://registry.npmjs.org/libnpx cache-miss
6406 silly fetch manifest semver@^7.6.3
6407 silly packumentCache full:https://registry.npmjs.org/semver cache-hit
6408 silly fetch manifest node-cleanup@^2.1.2
6409 silly packumentCache full:https://registry.npmjs.org/node-cleanup cache-miss
6410 silly fetch manifest npm-lockfile@^3.0.7
6411 silly packumentCache full:https://registry.npmjs.org/npm-lockfile cache-miss
6412 silly fetch manifest find-package-json@^1.2.0
6413 silly packumentCache full:https://registry.npmjs.org/find-package-json cache-miss
6414 silly fetch manifest editorconfig@^0.15.2
6415 silly packumentCache full:https://registry.npmjs.org/editorconfig cache-miss
6416 silly fetch manifest file-type@^10.1.0
6417 silly packumentCache full:https://registry.npmjs.org/file-type cache-miss
6418 silly fetch manifest gulp-exclude-gitignore@^1.2.0
6419 silly packumentCache full:https://registry.npmjs.org/gulp-exclude-gitignore cache-miss
6420 silly fetch manifest gulp-filter@^5.1.0
6421 silly packumentCache full:https://registry.npmjs.org/gulp-filter cache-miss
6422 silly fetch manifest gulp-reporter@^2.9.0
6423 silly packumentCache full:https://registry.npmjs.org/gulp-reporter cache-miss
6424 silly fetch manifest gulp-tap@^1.0.1
6425 silly packumentCache full:https://registry.npmjs.org/gulp-tap cache-miss
6426 silly fetch manifest linez@^4.1.4
6427 silly packumentCache full:https://registry.npmjs.org/linez cache-miss
6428 http fetch GET 200 https://registry.npmjs.org/file-type 244ms (cache miss)
6429 silly packumentCache full:https://registry.npmjs.org/file-type set size:undefined disposed:false
6430 silly fetch manifest os-locale@^3.0.1
6431 silly packumentCache full:https://registry.npmjs.org/os-locale cache-miss
6432 http fetch GET 200 https://registry.npmjs.org/editorconfig 263ms (cache miss)
6433 silly packumentCache full:https://registry.npmjs.org/editorconfig set size:undefined disposed:false
6434 silly fetch manifest plugin-error@^1.0.1
6435 silly packumentCache full:https://registry.npmjs.org/plugin-error cache-miss
6436 http fetch GET 200 https://registry.npmjs.org/os-locale 211ms (cache miss)
6437 silly packumentCache full:https://registry.npmjs.org/os-locale set size:undefined disposed:false
6438 silly fetch manifest through2@^2.0.3
6439 silly packumentCache full:https://registry.npmjs.org/through2 cache-miss
6440 http cache https://registry.npmjs.org/through2 13ms (cache hit)
6441 silly packumentCache full:https://registry.npmjs.org/through2 set size:74174 disposed:false
6442 silly fetch manifest vinyl@^2.2.0
6443 silly packumentCache full:https://registry.npmjs.org/vinyl cache-miss
6444 http fetch GET 200 https://registry.npmjs.org/vinyl 223ms (cache miss)
6445 silly packumentCache full:https://registry.npmjs.org/vinyl set size:undefined disposed:false
6446 silly fetch manifest vinyl-fs@^3.0.3
6447 silly packumentCache full:https://registry.npmjs.org/vinyl-fs cache-miss
6448 http fetch GET 200 https://registry.npmjs.org/find-package-json 973ms (cache miss)
6449 silly packumentCache full:https://registry.npmjs.org/find-package-json set size:undefined disposed:false
6450 silly fetch manifest yargs@^12.0.2
6451 silly packumentCache full:https://registry.npmjs.org/yargs cache-hit
6452 http fetch GET 200 https://registry.npmjs.org/gulp-tap 985ms (cache miss)
6453 silly packumentCache full:https://registry.npmjs.org/gulp-tap set size:undefined disposed:false
6454 http fetch GET 200 https://registry.npmjs.org/gulp-exclude-gitignore 1031ms (cache miss)
6455 silly packumentCache full:https://registry.npmjs.org/gulp-exclude-gitignore set size:undefined disposed:false
6456 http fetch GET 200 https://registry.npmjs.org/libnpx 1036ms (cache miss)
6457 silly packumentCache full:https://registry.npmjs.org/libnpx set size:undefined disposed:false
6458 http fetch GET 200 https://registry.npmjs.org/node-cleanup 1042ms (cache miss)
6459 silly packumentCache full:https://registry.npmjs.org/node-cleanup set size:undefined disposed:false
6460 http fetch GET 200 https://registry.npmjs.org/linez 1042ms (cache miss)
6461 silly packumentCache full:https://registry.npmjs.org/linez set size:undefined disposed:false
6462 http fetch GET 200 https://registry.npmjs.org/gulp-reporter 1057ms (cache miss)
6463 silly packumentCache full:https://registry.npmjs.org/gulp-reporter set size:undefined disposed:false
6464 http fetch GET 200 https://registry.npmjs.org/npm-lockfile 1082ms (cache miss)
6465 silly packumentCache full:https://registry.npmjs.org/npm-lockfile set size:undefined disposed:false
6466 http fetch GET 200 https://registry.npmjs.org/gulp-filter 1093ms (cache miss)
6467 silly packumentCache full:https://registry.npmjs.org/gulp-filter set size:undefined disposed:false
6468 http fetch GET 200 https://registry.npmjs.org/plugin-error 1172ms (cache miss)
6469 silly packumentCache full:https://registry.npmjs.org/plugin-error set size:undefined disposed:false
6470 http fetch GET 200 https://registry.npmjs.org/vinyl-fs 1094ms (cache miss)
6471 silly packumentCache full:https://registry.npmjs.org/vinyl-fs set size:undefined disposed:false
6472 silly fetch manifest benchmark@1.0.0
6473 silly packumentCache full:https://registry.npmjs.org/benchmark cache-miss
6474 http cache https://registry.npmjs.org/benchmark 10ms (cache hit)
6475 silly packumentCache full:https://registry.npmjs.org/benchmark set size:45478 disposed:false
6476 silly placeDep node_modules/.pnpm/escape-html@1.0.3/node_modules/escape-html benchmark@1.0.0 OK for: escape-html@1.0.3 want: 1.0.0
6477 silly fetch manifest tsd@^0.11.0
6478 silly packumentCache full:https://registry.npmjs.org/tsd cache-hit
6479 silly fetch manifest xo@^0.28.3
6480 silly packumentCache full:https://registry.npmjs.org/xo cache-hit
6481 silly placeDep node_modules/.pnpm/escape-string-regexp@4.0.0/node_modules/escape-string-regexp ava@1.4.1 OK for: escape-string-regexp@4.0.0 want: ^1.4.1
6482 silly placeDep node_modules/.pnpm/escape-string-regexp@4.0.0/node_modules/escape-string-regexp tsd@0.11.0 OK for: escape-string-regexp@4.0.0 want: ^0.11.0
6483 silly placeDep node_modules/.pnpm/escape-string-regexp@4.0.0/node_modules/escape-string-regexp xo@0.28.3 OK for: escape-string-regexp@4.0.0 want: ^0.28.3
6484 silly fetch manifest json5@^2.1.1
6485 silly packumentCache full:https://registry.npmjs.org/json5 cache-miss
6486 silly fetch manifest eslint@^6.8.0
6487 silly packumentCache full:https://registry.npmjs.org/eslint cache-miss
6488 silly fetch manifest semver@^7.1.3
6489 silly packumentCache full:https://registry.npmjs.org/semver cache-hit
6490 silly fetch manifest p-reduce@^2.1.0
6491 silly packumentCache full:https://registry.npmjs.org/p-reduce cache-miss
6492 silly fetch manifest typescript@^3.0.0
6493 silly packumentCache full:https://registry.npmjs.org/typescript cache-miss
6494 silly fetch manifest cosmiconfig@^6.0.0
6495 silly packumentCache full:https://registry.npmjs.org/cosmiconfig cache-miss
6496 silly fetch manifest update-notifier@^4.0.0
6497 silly packumentCache full:https://registry.npmjs.org/update-notifier cache-hit
6498 silly fetch manifest eslint-config-xo@^0.29.0
6499 silly packumentCache full:https://registry.npmjs.org/eslint-config-xo cache-hit
6500 silly fetch manifest to-absolute-glob@^2.0.2
6501 silly packumentCache full:https://registry.npmjs.org/to-absolute-glob cache-miss
6502 silly fetch manifest eslint-plugin-ava@^10.0.1
6503 silly packumentCache full:https://registry.npmjs.org/eslint-plugin-ava cache-hit
6504 silly fetch manifest eslint-plugin-promise@^4.2.1
6505 silly packumentCache full:https://registry.npmjs.org/eslint-plugin-promise cache-hit
6506 silly fetch manifest eslint-plugin-unicorn@^17.2.0
6507 silly packumentCache full:https://registry.npmjs.org/eslint-plugin-unicorn cache-hit
6508 silly fetch manifest eslint-config-prettier@^6.10.0
6509 silly packumentCache full:https://registry.npmjs.org/eslint-config-prettier cache-hit
6510 silly fetch manifest eslint-plugin-prettier@^3.1.2
6511 silly packumentCache full:https://registry.npmjs.org/eslint-plugin-prettier cache-hit
6512 silly fetch manifest eslint-formatter-pretty@^3.0.1
6513 silly packumentCache full:https://registry.npmjs.org/eslint-formatter-pretty cache-hit
6514 silly fetch manifest @typescript-eslint/parser@^2.23.0
6515 silly packumentCache full:https://registry.npmjs.org/@typescript-eslint%2fparser cache-miss
6516 silly fetch manifest eslint-config-xo-typescript@^0.26.0
6517 silly packumentCache full:https://registry.npmjs.org/eslint-config-xo-typescript cache-miss
6518 silly fetch manifest eslint-plugin-eslint-comments@^3.1.2
6519 silly packumentCache full:https://registry.npmjs.org/eslint-plugin-eslint-comments cache-miss
6520 silly fetch manifest eslint-import-resolver-webpack@^0.12.1
6521 silly packumentCache full:https://registry.npmjs.org/eslint-import-resolver-webpack cache-miss
6522 silly fetch manifest @typescript-eslint/eslint-plugin@^2.23.0
6523 silly packumentCache full:https://registry.npmjs.org/@typescript-eslint%2feslint-plugin cache-miss
6524 http cache https://registry.npmjs.org/eslint 70ms (cache hit)
6525 silly packumentCache full:https://registry.npmjs.org/eslint set size:1811205 disposed:false
6526 silly fetch manifest eslint-plugin-no-use-extend-native@^0.4.1
6527 silly packumentCache full:https://registry.npmjs.org/eslint-plugin-no-use-extend-native cache-hit
6528 http cache https://registry.npmjs.org/typescript 174ms (cache hit)
6529 silly packumentCache full:https://registry.npmjs.org/typescript set size:14432499 disposed:false
6530 http cache https://registry.npmjs.org/json5 639ms (cache hit)
6531 silly packumentCache full:https://registry.npmjs.org/json5 set size:86136 disposed:false
6532 http cache https://registry.npmjs.org/@typescript-eslint%2feslint-plugin 679ms (cache hit)
6533 silly packumentCache full:https://registry.npmjs.org/@typescript-eslint%2feslint-plugin set size:16347174 disposed:false
6534 http cache https://registry.npmjs.org/eslint-plugin-eslint-comments 1101ms (cache hit)
6535 silly packumentCache full:https://registry.npmjs.org/eslint-plugin-eslint-comments set size:75924 disposed:false
6536 http fetch GET 200 https://registry.npmjs.org/p-reduce 1161ms (cache miss)
6537 silly packumentCache full:https://registry.npmjs.org/p-reduce set size:undefined disposed:false
6538 http fetch GET 200 https://registry.npmjs.org/to-absolute-glob 1156ms (cache miss)
6539 silly packumentCache full:https://registry.npmjs.org/to-absolute-glob set size:undefined disposed:false
6540 http fetch GET 200 https://registry.npmjs.org/@typescript-eslint%2fparser 1196ms (cache revalidated)
6541 silly packumentCache full:https://registry.npmjs.org/@typescript-eslint%2fparser set size:14035609 disposed:false
6542 http fetch GET 200 https://registry.npmjs.org/eslint-import-resolver-webpack 1544ms (cache miss)
6543 silly packumentCache full:https://registry.npmjs.org/eslint-import-resolver-webpack set size:undefined disposed:false
6544 http fetch GET 200 https://registry.npmjs.org/eslint-config-xo-typescript 1573ms (cache miss)
6545 silly packumentCache full:https://registry.npmjs.org/eslint-config-xo-typescript set size:undefined disposed:false
6546 http fetch GET 200 https://registry.npmjs.org/cosmiconfig 1629ms (cache miss)
6547 silly packumentCache full:https://registry.npmjs.org/cosmiconfig set size:undefined disposed:false
6548 silly fetch manifest eslint@^7.31.0
6549 silly packumentCache full:https://registry.npmjs.org/eslint cache-miss
6550 http cache https://registry.npmjs.org/eslint 21ms (cache hit)
6551 silly packumentCache full:https://registry.npmjs.org/eslint set size:1811205 disposed:false
6552 silly fetch manifest jest@^27.0.6
6553 silly packumentCache full:https://registry.npmjs.org/jest cache-hit
6554 silly fetch manifest prettier@^2.3.2
6555 silly packumentCache full:https://registry.npmjs.org/prettier cache-hit
6556 silly placeDep node_modules/.pnpm/eslint-plugin-only-warn@1.1.0/node_modules/eslint-plugin-only-warn eslint@7.32.0 OK for: eslint-plugin-only-warn@1.1.0 want: ^7.31.0
6557 silly placeDep node_modules/.pnpm/eslint-plugin-only-warn@1.1.0/node_modules/eslint-plugin-only-warn eslint-plugin-prettier@3.4.1 OK for: eslint-plugin-only-warn@1.1.0 want: ^3.1.2
6558 silly placeDep node_modules/.pnpm/eslint-plugin-only-warn@1.1.0/node_modules/eslint-plugin-only-warn jest@27.5.1 OK for: eslint-plugin-only-warn@1.1.0 want: ^27.0.6
6559 silly placeDep node_modules/.pnpm/eslint-plugin-only-warn@1.1.0/node_modules/eslint-plugin-only-warn prettier@2.8.8 OK for: eslint-plugin-only-warn@1.1.0 want: ^2.3.2
6560 silly fetch manifest jest-cli@^27.5.1
6561 silly packumentCache full:https://registry.npmjs.org/jest-cli cache-miss
6562 silly fetch manifest @jest/core@^27.5.1
6563 silly packumentCache full:https://registry.npmjs.org/@jest%2fcore cache-miss
6564 http cache https://registry.npmjs.org/@jest%2fcore 19ms (cache hit)
6565 silly packumentCache full:https://registry.npmjs.org/@jest%2fcore set size:603091 disposed:false
6566 http cache https://registry.npmjs.org/jest-cli 39ms (cache hit)
6567 silly packumentCache full:https://registry.npmjs.org/jest-cli set size:1154682 disposed:false
6568 silly fetch manifest @types/estree@^0.0.51
6569 silly packumentCache full:https://registry.npmjs.org/@types%2festree cache-miss
6570 http cache https://registry.npmjs.org/@types%2festree 7ms (cache hit)
6571 silly packumentCache full:https://registry.npmjs.org/@types%2festree set size:74075 disposed:false
6572 silly fetch manifest @types/estree-jsx@^0.0.1
6573 silly packumentCache full:https://registry.npmjs.org/@types%2festree-jsx cache-miss
6574 http fetch GET 200 https://registry.npmjs.org/@types%2festree-jsx 425ms (cache miss)
6575 silly packumentCache full:https://registry.npmjs.org/@types%2festree-jsx set size:undefined disposed:false
6576 silly fetch manifest eslint-release@^3.2.0
6577 silly packumentCache full:https://registry.npmjs.org/eslint-release cache-miss
6578 http fetch GET 200 https://registry.npmjs.org/eslint-release 1122ms (cache miss)
6579 silly packumentCache full:https://registry.npmjs.org/eslint-release set size:undefined disposed:false
6580 silly fetch manifest json-diff@^0.7.3
6581 silly packumentCache full:https://registry.npmjs.org/json-diff cache-miss
6582 http fetch GET 200 https://registry.npmjs.org/json-diff 206ms (cache miss)
6583 silly packumentCache full:https://registry.npmjs.org/json-diff set size:undefined disposed:false
6584 silly fetch manifest opener@^1.5.2
6585 silly packumentCache full:https://registry.npmjs.org/opener cache-miss
6586 http cache https://registry.npmjs.org/opener 10ms (cache hit)
6587 silly packumentCache full:https://registry.npmjs.org/opener set size:21206 disposed:false
6588 silly fetch manifest rollup@^4.22.4
6589 silly packumentCache full:https://registry.npmjs.org/rollup cache-miss
6590 http cache https://registry.npmjs.org/rollup 28ms (cache hit)
6591 silly packumentCache full:https://registry.npmjs.org/rollup set size:5608194 disposed:false
6592 silly fetch manifest rollup-plugin-dts@^6.1.1
6593 silly packumentCache full:https://registry.npmjs.org/rollup-plugin-dts cache-miss
6594 http fetch GET 200 https://registry.npmjs.org/rollup-plugin-dts 231ms (cache miss)
6595 silly packumentCache full:https://registry.npmjs.org/rollup-plugin-dts set size:undefined disposed:false
6596 silly fetch manifest tsd@^0.31.2
6597 silly packumentCache full:https://registry.npmjs.org/tsd cache-hit
6598 silly placeDep node_modules/.pnpm/eslint-visitor-keys@4.2.1/node_modules/eslint-visitor-keys @types/estree@0.0.51 OK for: eslint-visitor-keys@4.2.1 want: ^0.0.51
6599 silly placeDep ROOT @types/estree-jsx@0.0.1 OK for: eslint-visitor-keys@4.2.1 want: ^0.0.1
6600 silly placeDep ROOT eslint-release@3.3.0 OK for: eslint-visitor-keys@4.2.1 want: ^3.2.0
6601 silly placeDep ROOT json-diff@0.7.4 OK for: eslint-visitor-keys@4.2.1 want: ^0.7.3
6602 silly placeDep ROOT opener@1.5.2 OK for: eslint-visitor-keys@4.2.1 want: ^1.5.2
6603 silly placeDep node_modules/.pnpm/eslint-visitor-keys@4.2.1/node_modules/eslint-visitor-keys rollup@4.45.1 OK for: eslint-visitor-keys@4.2.1 want: ^4.22.4
6604 silly placeDep ROOT rollup-plugin-dts@6.2.1 OK for: eslint-visitor-keys@4.2.1 want: ^6.1.1
6605 silly placeDep node_modules/.pnpm/eslint-visitor-keys@4.2.1/node_modules/eslint-visitor-keys tsd@0.31.2 OK for: eslint-visitor-keys@4.2.1 want: ^0.31.2
6606 silly fetch manifest dateformat@^3.0.3
6607 silly packumentCache full:https://registry.npmjs.org/dateformat cache-miss
6608 silly fetch manifest github-api@^3.2.2
6609 silly packumentCache full:https://registry.npmjs.org/github-api cache-miss
6610 silly fetch manifest linefix@^0.1.1
6611 silly packumentCache full:https://registry.npmjs.org/linefix cache-miss
6612 silly fetch manifest semver@^6.1.1
6613 silly packumentCache full:https://registry.npmjs.org/semver cache-hit
6614 silly fetch manifest cli-color@^2.0.0
6615 silly packumentCache full:https://registry.npmjs.org/cli-color cache-miss
6616 silly fetch manifest difflib@~0.2.1
6617 silly packumentCache full:https://registry.npmjs.org/difflib cache-miss
6618 silly fetch manifest dreamopt@~0.8.0
6619 silly packumentCache full:https://registry.npmjs.org/dreamopt cache-miss
6620 silly fetch manifest @types/estree@1.0.8
6621 silly packumentCache full:https://registry.npmjs.org/@types%2festree cache-hit
6622 silly fetch manifest @rollup/rollup-darwin-arm64@4.45.1
6623 silly packumentCache full:https://registry.npmjs.org/@rollup%2frollup-darwin-arm64 cache-miss
6624 silly fetch manifest @rollup/rollup-android-arm64@4.45.1
6625 silly packumentCache full:https://registry.npmjs.org/@rollup%2frollup-android-arm64 cache-miss
6626 silly fetch manifest @rollup/rollup-win32-arm64-msvc@4.45.1
6627 silly packumentCache full:https://registry.npmjs.org/@rollup%2frollup-win32-arm64-msvc cache-miss
6628 silly fetch manifest @rollup/rollup-freebsd-arm64@4.45.1
6629 silly packumentCache full:https://registry.npmjs.org/@rollup%2frollup-freebsd-arm64 cache-miss
6630 silly fetch manifest @rollup/rollup-linux-arm64-gnu@4.45.1
6631 silly packumentCache full:https://registry.npmjs.org/@rollup%2frollup-linux-arm64-gnu cache-miss
6632 http cache https://registry.npmjs.org/dateformat 41ms (cache hit)
6633 silly packumentCache full:https://registry.npmjs.org/dateformat set size:104813 disposed:false
6634 silly fetch manifest @rollup/rollup-linux-arm64-musl@4.45.1
6635 silly packumentCache full:https://registry.npmjs.org/@rollup%2frollup-linux-arm64-musl cache-miss
6636 http fetch GET 200 https://registry.npmjs.org/@rollup%2frollup-linux-arm64-gnu 131ms (cache miss)
6637 silly packumentCache full:https://registry.npmjs.org/@rollup%2frollup-linux-arm64-gnu set size:undefined disposed:false
6638 silly fetch manifest @rollup/rollup-android-arm-eabi@4.45.1
6639 silly packumentCache full:https://registry.npmjs.org/@rollup%2frollup-android-arm-eabi cache-miss
6640 http fetch GET 200 https://registry.npmjs.org/cli-color 163ms (cache miss)
6641 silly packumentCache full:https://registry.npmjs.org/cli-color set size:undefined disposed:false
6642 silly fetch manifest @rollup/rollup-linux-arm-gnueabihf@4.45.1
6643 silly packumentCache full:https://registry.npmjs.org/@rollup%2frollup-linux-arm-gnueabihf cache-miss
6644 http fetch GET 200 https://registry.npmjs.org/@rollup%2frollup-linux-arm64-musl 126ms (cache miss)
6645 silly packumentCache full:https://registry.npmjs.org/@rollup%2frollup-linux-arm64-musl set size:undefined disposed:false
6646 silly fetch manifest @rollup/rollup-linux-arm-musleabihf@4.45.1
6647 silly packumentCache full:https://registry.npmjs.org/@rollup%2frollup-linux-arm-musleabihf cache-miss
6648 http fetch GET 200 https://registry.npmjs.org/difflib 242ms (cache miss)
6649 silly packumentCache full:https://registry.npmjs.org/difflib set size:undefined disposed:false
6650 silly fetch manifest @rollup/rollup-win32-ia32-msvc@4.45.1
6651 silly packumentCache full:https://registry.npmjs.org/@rollup%2frollup-win32-ia32-msvc cache-miss
6652 http fetch GET 200 https://registry.npmjs.org/@rollup%2frollup-android-arm-eabi 118ms (cache miss)
6653 silly packumentCache full:https://registry.npmjs.org/@rollup%2frollup-android-arm-eabi set size:undefined disposed:false
6654 silly fetch manifest @rollup/rollup-linux-loongarch64-gnu@4.45.1
6655 silly packumentCache full:https://registry.npmjs.org/@rollup%2frollup-linux-loongarch64-gnu cache-miss
6656 http fetch GET 200 https://registry.npmjs.org/dreamopt 285ms (cache miss)
6657 silly packumentCache full:https://registry.npmjs.org/dreamopt set size:undefined disposed:false
6658 silly fetch manifest @rollup/rollup-linux-riscv64-gnu@4.45.1
6659 silly packumentCache full:https://registry.npmjs.org/@rollup%2frollup-linux-riscv64-gnu cache-miss
6660 http fetch GET 200 https://registry.npmjs.org/@rollup%2frollup-linux-arm-gnueabihf 130ms (cache miss)
6661 silly packumentCache full:https://registry.npmjs.org/@rollup%2frollup-linux-arm-gnueabihf set size:undefined disposed:false
6662 silly fetch manifest @rollup/rollup-linux-riscv64-musl@4.45.1
6663 silly packumentCache full:https://registry.npmjs.org/@rollup%2frollup-linux-riscv64-musl cache-miss
6664 http fetch GET 200 https://registry.npmjs.org/@rollup%2frollup-linux-arm-musleabihf 133ms (cache miss)
6665 silly packumentCache full:https://registry.npmjs.org/@rollup%2frollup-linux-arm-musleabihf set size:undefined disposed:false
6666 silly fetch manifest @rollup/rollup-linux-powerpc64le-gnu@4.45.1
6667 silly packumentCache full:https://registry.npmjs.org/@rollup%2frollup-linux-powerpc64le-gnu cache-miss
6668 http fetch GET 200 https://registry.npmjs.org/@rollup%2frollup-darwin-arm64 316ms (cache miss)
6669 silly packumentCache full:https://registry.npmjs.org/@rollup%2frollup-darwin-arm64 set size:undefined disposed:false
6670 silly fetch manifest @rollup/rollup-linux-s390x-gnu@4.45.1
6671 silly packumentCache full:https://registry.npmjs.org/@rollup%2frollup-linux-s390x-gnu cache-miss
6672 http fetch GET 200 https://registry.npmjs.org/@rollup%2frollup-linux-riscv64-musl 86ms (cache miss)
6673 silly packumentCache full:https://registry.npmjs.org/@rollup%2frollup-linux-riscv64-musl set size:undefined disposed:false
6674 silly fetch manifest @rollup/rollup-darwin-x64@4.45.1
6675 silly packumentCache full:https://registry.npmjs.org/@rollup%2frollup-darwin-x64 cache-miss
6676 http fetch GET 200 https://registry.npmjs.org/@rollup%2frollup-linux-riscv64-gnu 109ms (cache miss)
6677 silly packumentCache full:https://registry.npmjs.org/@rollup%2frollup-linux-riscv64-gnu set size:undefined disposed:false
6678 silly fetch manifest @rollup/rollup-win32-x64-msvc@4.45.1
6679 silly packumentCache full:https://registry.npmjs.org/@rollup%2frollup-win32-x64-msvc cache-miss
6680 http fetch GET 200 https://registry.npmjs.org/@rollup%2frollup-win32-ia32-msvc 247ms (cache miss)
6681 silly packumentCache full:https://registry.npmjs.org/@rollup%2frollup-win32-ia32-msvc set size:undefined disposed:false
6682 silly fetch manifest @rollup/rollup-freebsd-x64@4.45.1
6683 silly packumentCache full:https://registry.npmjs.org/@rollup%2frollup-freebsd-x64 cache-miss
6684 http fetch GET 200 https://registry.npmjs.org/@rollup%2frollup-freebsd-arm64 529ms (cache miss)
6685 silly packumentCache full:https://registry.npmjs.org/@rollup%2frollup-freebsd-arm64 set size:undefined disposed:false
6686 silly fetch manifest @rollup/rollup-linux-x64-gnu@4.45.1
6687 silly packumentCache full:https://registry.npmjs.org/@rollup%2frollup-linux-x64-gnu cache-miss
6688 http fetch GET 200 https://registry.npmjs.org/@rollup%2frollup-android-arm64 539ms (cache miss)
6689 silly packumentCache full:https://registry.npmjs.org/@rollup%2frollup-android-arm64 set size:undefined disposed:false
6690 silly fetch manifest @rollup/rollup-linux-x64-musl@4.45.1
6691 silly packumentCache full:https://registry.npmjs.org/@rollup%2frollup-linux-x64-musl cache-miss
6692 http fetch GET 200 https://registry.npmjs.org/@rollup%2frollup-win32-arm64-msvc 589ms (cache miss)
6693 silly packumentCache full:https://registry.npmjs.org/@rollup%2frollup-win32-arm64-msvc set size:undefined disposed:false
6694 silly fetch manifest magic-string@^0.30.17
6695 silly packumentCache full:https://registry.npmjs.org/magic-string cache-miss
6696 http fetch GET 200 https://registry.npmjs.org/@rollup%2frollup-linux-s390x-gnu 306ms (cache miss)
6697 silly packumentCache full:https://registry.npmjs.org/@rollup%2frollup-linux-s390x-gnu set size:undefined disposed:false
6698 silly fetch manifest @babel/code-frame@^7.26.2
6699 silly packumentCache full:https://registry.npmjs.org/@babel%2fcode-frame cache-hit
6700 silly fetch manifest jest-diff@^29.0.3
6701 silly packumentCache full:https://registry.npmjs.org/jest-diff cache-miss
6702 http fetch GET 200 https://registry.npmjs.org/@rollup%2frollup-freebsd-x64 154ms (cache miss)
6703 silly packumentCache full:https://registry.npmjs.org/@rollup%2frollup-freebsd-x64 set size:undefined disposed:false
6704 silly fetch manifest @tsd/typescript@~5.4.3
6705 silly packumentCache full:https://registry.npmjs.org/@tsd%2ftypescript cache-miss
6706 http fetch GET 200 https://registry.npmjs.org/@rollup%2frollup-linux-powerpc64le-gnu 361ms (cache miss)
6707 silly packumentCache full:https://registry.npmjs.org/@rollup%2frollup-linux-powerpc64le-gnu set size:undefined disposed:false
6708 http fetch GET 200 https://registry.npmjs.org/@rollup%2frollup-darwin-x64 295ms (cache miss)
6709 silly packumentCache full:https://registry.npmjs.org/@rollup%2frollup-darwin-x64 set size:undefined disposed:false
6710 http cache https://registry.npmjs.org/@tsd%2ftypescript 41ms (cache hit)
6711 silly packumentCache full:https://registry.npmjs.org/@tsd%2ftypescript set size:133710 disposed:false
6712 http fetch GET 200 https://registry.npmjs.org/@rollup%2frollup-linux-x64-musl 178ms (cache miss)
6713 silly packumentCache full:https://registry.npmjs.org/@rollup%2frollup-linux-x64-musl set size:undefined disposed:false
6714 http fetch GET 200 https://registry.npmjs.org/@rollup%2frollup-linux-loongarch64-gnu 539ms (cache miss)
6715 silly packumentCache full:https://registry.npmjs.org/@rollup%2frollup-linux-loongarch64-gnu set size:undefined disposed:false
6716 http fetch GET 200 https://registry.npmjs.org/magic-string 227ms (cache miss)
6717 silly packumentCache full:https://registry.npmjs.org/magic-string set size:undefined disposed:false
6718 http fetch GET 200 https://registry.npmjs.org/@rollup%2frollup-linux-x64-gnu 319ms (cache miss)
6719 silly packumentCache full:https://registry.npmjs.org/@rollup%2frollup-linux-x64-gnu set size:undefined disposed:false
6720 http fetch GET 200 https://registry.npmjs.org/jest-diff 288ms (cache miss)
6721 silly packumentCache full:https://registry.npmjs.org/jest-diff set size:undefined disposed:false
6722 http fetch GET 200 https://registry.npmjs.org/@rollup%2frollup-win32-x64-msvc 544ms (cache miss)
6723 silly packumentCache full:https://registry.npmjs.org/@rollup%2frollup-win32-x64-msvc set size:undefined disposed:false
6724 http fetch GET 200 https://registry.npmjs.org/linefix 997ms (cache miss)
6725 silly packumentCache full:https://registry.npmjs.org/linefix set size:undefined disposed:false
6726 http fetch GET 200 https://registry.npmjs.org/github-api 1063ms (cache miss)
6727 silly packumentCache full:https://registry.npmjs.org/github-api set size:undefined disposed:false
6728 silly fetch manifest @babel/preset-typescript@^7.26.0
6729 silly packumentCache full:https://registry.npmjs.org/@babel%2fpreset-typescript cache-miss
6730 http fetch GET 200 https://registry.npmjs.org/@babel%2fpreset-typescript 343ms (cache miss)
6731 silly packumentCache full:https://registry.npmjs.org/@babel%2fpreset-typescript set size:undefined disposed:false
6732 silly fetch manifest @tsconfig/strictest@^2.0.5
6733 silly packumentCache full:https://registry.npmjs.org/@tsconfig%2fstrictest cache-miss
6734 http fetch GET 200 https://registry.npmjs.org/@tsconfig%2fstrictest 2231ms (cache miss)
6735 silly packumentCache full:https://registry.npmjs.org/@tsconfig%2fstrictest set size:undefined disposed:false
6736 silly fetch manifest @typescript-eslint/parser-v2@npm:@typescript-eslint/parser@^2.26.0
6737 silly packumentCache full:https://registry.npmjs.org/@typescript-eslint%2fparser cache-miss
6738 http cache https://registry.npmjs.org/@typescript-eslint%2fparser 85ms (cache hit)
6739 silly packumentCache full:https://registry.npmjs.org/@typescript-eslint%2fparser set size:14035609 disposed:false
6740 silly fetch manifest @typescript-eslint/parser-v3@npm:@typescript-eslint/parser@^3.10.0
6741 silly packumentCache full:https://registry.npmjs.org/@typescript-eslint%2fparser cache-miss
6742 http cache https://registry.npmjs.org/@typescript-eslint%2fparser 73ms (cache hit)
6743 silly packumentCache full:https://registry.npmjs.org/@typescript-eslint%2fparser set size:14035609 disposed:false
6744 silly fetch manifest @typescript-eslint/parser-v4@npm:@typescript-eslint/parser@^4.1.0
6745 silly packumentCache full:https://registry.npmjs.org/@typescript-eslint%2fparser cache-miss
6746 http cache https://registry.npmjs.org/@typescript-eslint%2fparser 81ms (cache hit)
6747 silly packumentCache full:https://registry.npmjs.org/@typescript-eslint%2fparser set size:14035609 disposed:false
6748 silly fetch manifest @typescript-eslint/parser-v5@npm:@typescript-eslint/parser@^5.62.0
6749 silly packumentCache full:https://registry.npmjs.org/@typescript-eslint%2fparser cache-miss
6750 http cache https://registry.npmjs.org/@typescript-eslint%2fparser 102ms (cache hit)
6751 silly packumentCache full:https://registry.npmjs.org/@typescript-eslint%2fparser set size:14035609 disposed:false
6752 silly fetch manifest @types/eslint@^8.56.12
6753 silly packumentCache full:https://registry.npmjs.org/@types%2feslint cache-miss
6754 http fetch GET 200 https://registry.npmjs.org/@types%2feslint 249ms (cache miss)
6755 silly packumentCache full:https://registry.npmjs.org/@types%2feslint set size:undefined disposed:false
6756 silly fetch manifest @types/estree-jsx@^1.0.5
6757 silly packumentCache full:https://registry.npmjs.org/@types%2festree-jsx cache-miss
6758 http cache https://registry.npmjs.org/@types%2festree-jsx 8ms (cache hit)
6759 silly packumentCache full:https://registry.npmjs.org/@types%2festree-jsx set size:18371 disposed:false
6760 silly fetch manifest eslint-v7@npm:eslint@^7.7.0
6761 silly packumentCache full:https://registry.npmjs.org/eslint cache-miss
6762 http cache https://registry.npmjs.org/eslint 16ms (cache hit)
6763 silly packumentCache full:https://registry.npmjs.org/eslint set size:1811205 disposed:false
6764 silly fetch manifest eslint-v9@npm:eslint@^9.0.0
6765 silly packumentCache full:https://registry.npmjs.org/eslint cache-miss
6766 http cache https://registry.npmjs.org/eslint 43ms (cache hit)
6767 silly packumentCache full:https://registry.npmjs.org/eslint set size:1811205 disposed:false
6768 silly placeDep ROOT @babel/preset-typescript@7.27.1 OK for: eslint-plugin-react-hooks@5.2.0 want: ^7.26.0
6769 silly placeDep ROOT @tsconfig/strictest@2.0.5 OK for: eslint-plugin-react-hooks@5.2.0 want: ^2.0.5
6770 silly placeDep ROOT @types/eslint@8.56.12 OK for: eslint-plugin-react-hooks@5.2.0 want: ^8.56.12
6771 silly placeDep node_modules/.pnpm/eslint-plugin-react-hooks@5.2.0_eslint@9.29.0_jiti@2.4.2_/node_modules/eslint-plugin-react-hooks @types/estree-jsx@1.0.5 OK for: eslint-plugin-react-hooks@5.2.0 want: ^1.0.5
6772 silly placeDep ROOT @typescript-eslint/parser-v2@2.34.0 OK for: eslint-plugin-react-hooks@5.2.0 want: npm:@typescript-eslint/parser@^2.26.0
6773 silly placeDep ROOT @typescript-eslint/parser-v3@3.10.1 OK for: eslint-plugin-react-hooks@5.2.0 want: npm:@typescript-eslint/parser@^3.10.0
6774 silly placeDep ROOT @typescript-eslint/parser-v4@4.33.0 OK for: eslint-plugin-react-hooks@5.2.0 want: npm:@typescript-eslint/parser@^4.1.0
6775 silly placeDep ROOT @typescript-eslint/parser-v5@5.62.0 OK for: eslint-plugin-react-hooks@5.2.0 want: npm:@typescript-eslint/parser@^5.62.0
6776 silly placeDep ROOT eslint-v7@7.32.0 OK for: eslint-plugin-react-hooks@5.2.0 want: npm:eslint@^7.7.0
6777 silly placeDep ROOT eslint-v9@9.31.0 OK for: eslint-plugin-react-hooks@5.2.0 want: npm:eslint@^9.0.0
6778 silly fetch manifest @babel/plugin-transform-typescript@^7.27.1
6779 silly packumentCache full:https://registry.npmjs.org/@babel%2fplugin-transform-typescript cache-miss
6780 silly fetch manifest @types/json-schema@*
6781 silly packumentCache full:https://registry.npmjs.org/@types%2fjson-schema cache-miss
6782 silly fetch manifest eslint-visitor-keys@^1.1.0
6783 silly packumentCache full:https://registry.npmjs.org/eslint-visitor-keys cache-hit
6784 silly fetch manifest @types/eslint-visitor-keys@^1.0.0
6785 silly packumentCache full:https://registry.npmjs.org/@types%2feslint-visitor-keys cache-miss
6786 silly fetch manifest @typescript-eslint/typescript-estree@2.34.0
6787 silly packumentCache full:https://registry.npmjs.org/@typescript-eslint%2ftypescript-estree cache-miss
6788 silly fetch manifest @typescript-eslint/experimental-utils@2.34.0
6789 silly packumentCache full:https://registry.npmjs.org/@typescript-eslint%2fexperimental-utils cache-miss
6790 silly fetch manifest eslint-visitor-keys@^1.1.0
6791 silly packumentCache full:https://registry.npmjs.org/eslint-visitor-keys cache-hit
6792 silly fetch manifest @typescript-eslint/types@3.10.1
6793 silly packumentCache full:https://registry.npmjs.org/@typescript-eslint%2ftypes cache-miss
6794 silly fetch manifest @types/eslint-visitor-keys@^1.0.0
6795 silly packumentCache full:https://registry.npmjs.org/@types%2feslint-visitor-keys cache-miss
6796 silly fetch manifest @typescript-eslint/typescript-estree@3.10.1
6797 silly packumentCache full:https://registry.npmjs.org/@typescript-eslint%2ftypescript-estree cache-miss
6798 silly fetch manifest @typescript-eslint/experimental-utils@3.10.1
6799 silly packumentCache full:https://registry.npmjs.org/@typescript-eslint%2fexperimental-utils cache-miss
6800 silly fetch manifest debug@^4.3.1
6801 silly packumentCache full:https://registry.npmjs.org/debug cache-hit
6802 silly fetch manifest @typescript-eslint/types@4.33.0
6803 silly packumentCache full:https://registry.npmjs.org/@typescript-eslint%2ftypes cache-miss
6804 silly fetch manifest @typescript-eslint/scope-manager@4.33.0
6805 silly packumentCache full:https://registry.npmjs.org/@typescript-eslint%2fscope-manager cache-miss
6806 http cache https://registry.npmjs.org/@typescript-eslint%2ftypes 125ms (cache hit)
6807 silly packumentCache full:https://registry.npmjs.org/@typescript-eslint%2ftypes set size:11066877 disposed:false
6808 silly fetch manifest @typescript-eslint/typescript-estree@4.33.0
6809 silly packumentCache full:https://registry.npmjs.org/@typescript-eslint%2ftypescript-estree cache-miss
6810 http cache https://registry.npmjs.org/@typescript-eslint%2ftypes 320ms (cache hit)
6811 silly packumentCache full:https://registry.npmjs.org/@typescript-eslint%2ftypes set size:11066877 disposed:false
6812 silly fetch manifest debug@^4.3.4
6813 silly packumentCache full:https://registry.npmjs.org/debug cache-hit
6814 silly fetch manifest ajv@^6.10.0
6815 silly packumentCache full:https://registry.npmjs.org/ajv cache-miss
6816 http cache https://registry.npmjs.org/@typescript-eslint%2fscope-manager 513ms (cache hit)
6817 silly packumentCache full:https://registry.npmjs.org/@typescript-eslint%2fscope-manager set size:11262632 disposed:false
6818 silly fetch manifest chalk@^4.0.0
6819 silly packumentCache full:https://registry.npmjs.org/chalk cache-hit
6820 silly fetch manifest debug@^4.0.1
6821 silly packumentCache full:https://registry.npmjs.org/debug cache-hit
6822 silly fetch manifest esquery@^1.4.0
6823 silly packumentCache full:https://registry.npmjs.org/esquery cache-miss
6824 http fetch GET 200 https://registry.npmjs.org/@typescript-eslint%2ftypescript-estree 934ms (cache revalidated)
6825 silly packumentCache full:https://registry.npmjs.org/@typescript-eslint%2ftypescript-estree set size:15102692 disposed:false
6826 silly fetch manifest cross-spawn@^7.0.2
6827 silly packumentCache full:https://registry.npmjs.org/cross-spawn cache-hit
6828 silly fetch manifest import-fresh@^3.0.0
6829 silly packumentCache full:https://registry.npmjs.org/import-fresh cache-miss
6830 http fetch GET 200 https://registry.npmjs.org/@types%2feslint-visitor-keys 1425ms (cache miss)
6831 silly packumentCache full:https://registry.npmjs.org/@types%2feslint-visitor-keys set size:undefined disposed:false
6832 silly fetch manifest @eslint-community/regexpp@^4.12.1
6833 silly packumentCache full:https://registry.npmjs.org/@eslint-community%2fregexpp cache-hit
6834 silly fetch manifest @eslint/config-array@^0.21.0
6835 silly packumentCache full:https://registry.npmjs.org/@eslint%2fconfig-array cache-miss
6836 http fetch GET 200 https://registry.npmjs.org/@types%2fjson-schema 1442ms (cache miss)
6837 silly packumentCache full:https://registry.npmjs.org/@types%2fjson-schema set size:undefined disposed:false
6838 silly fetch manifest @eslint/config-helpers@^0.3.0
6839 silly packumentCache full:https://registry.npmjs.org/@eslint%2fconfig-helpers cache-miss
6840 http cache https://registry.npmjs.org/ajv 967ms (cache hit)
6841 silly packumentCache full:https://registry.npmjs.org/ajv set size:1126055 disposed:false
6842 silly fetch manifest @eslint/core@^0.15.0
6843 silly packumentCache full:https://registry.npmjs.org/@eslint%2fcore cache-miss
6844 http fetch GET 200 https://registry.npmjs.org/@types%2feslint-visitor-keys 1493ms (cache miss)
6845 silly packumentCache full:https://registry.npmjs.org/@types%2feslint-visitor-keys set size:undefined disposed:false
6846 silly fetch manifest @eslint/eslintrc@^3.3.1
6847 silly packumentCache full:https://registry.npmjs.org/@eslint%2feslintrc cache-hit
6848 silly fetch manifest @eslint/js@9.31.0
6849 silly packumentCache full:https://registry.npmjs.org/@eslint%2fjs cache-hit
6850 silly fetch manifest @eslint/plugin-kit@^0.3.1
6851 silly packumentCache full:https://registry.npmjs.org/@eslint%2fplugin-kit cache-miss
6852 http fetch GET 200 https://registry.npmjs.org/@typescript-eslint%2ftypescript-estree 1574ms (cache revalidated)
6853 silly packumentCache full:https://registry.npmjs.org/@typescript-eslint%2ftypescript-estree set size:15102692 disposed:false
6854 silly fetch manifest @humanfs/node@^0.16.6
6855 silly packumentCache full:https://registry.npmjs.org/@humanfs%2fnode cache-miss
6856 http fetch GET 200 https://registry.npmjs.org/esquery 1102ms (cache miss)
6857 silly packumentCache full:https://registry.npmjs.org/esquery set size:undefined disposed:false
6858 silly fetch manifest @humanwhocodes/retry@^0.4.2
6859 silly packumentCache full:https://registry.npmjs.org/@humanwhocodes%2fretry cache-miss
6860 http fetch GET 200 https://registry.npmjs.org/@babel%2fplugin-transform-typescript 1853ms (cache miss)
6861 silly packumentCache full:https://registry.npmjs.org/@babel%2fplugin-transform-typescript set size:undefined disposed:false
6862 silly fetch manifest @types/estree@^1.0.6
6863 silly packumentCache full:https://registry.npmjs.org/@types%2festree cache-hit
6864 silly fetch manifest @types/json-schema@^7.0.15
6865 silly packumentCache full:https://registry.npmjs.org/@types%2fjson-schema cache-miss
6866 http fetch GET 200 https://registry.npmjs.org/import-fresh 479ms (cache miss)
6867 silly packumentCache full:https://registry.npmjs.org/import-fresh set size:undefined disposed:false
6868 silly fetch manifest ajv@^6.12.4
6869 silly packumentCache full:https://registry.npmjs.org/ajv cache-miss
6870 http fetch GET 200 https://registry.npmjs.org/@typescript-eslint%2ftypescript-estree 1628ms (cache revalidated)
6871 silly packumentCache full:https://registry.npmjs.org/@typescript-eslint%2ftypescript-estree set size:15102692 disposed:false
6872 silly fetch manifest cross-spawn@^7.0.6
6873 silly packumentCache full:https://registry.npmjs.org/cross-spawn cache-hit
6874 silly fetch manifest debug@^4.3.2
6875 silly packumentCache full:https://registry.npmjs.org/debug cache-hit
6876 silly fetch manifest espree@^10.4.0
6877 silly packumentCache full:https://registry.npmjs.org/espree cache-hit
6878 silly fetch manifest esquery@^1.5.0
6879 silly packumentCache full:https://registry.npmjs.org/esquery cache-miss
6880 http fetch GET 200 https://registry.npmjs.org/@eslint%2fconfig-helpers 861ms (cache miss)
6881 silly packumentCache full:https://registry.npmjs.org/@eslint%2fconfig-helpers set size:undefined disposed:false
6882 silly fetch manifest file-entry-cache@^8.0.0
6883 silly packumentCache full:https://registry.npmjs.org/file-entry-cache cache-hit
6884 http fetch GET 200 https://registry.npmjs.org/@eslint%2fcore 825ms (cache miss)
6885 silly packumentCache full:https://registry.npmjs.org/@eslint%2fcore set size:undefined disposed:false
6886 http fetch GET 200 https://registry.npmjs.org/@eslint%2fplugin-kit 821ms (cache miss)
6887 silly packumentCache full:https://registry.npmjs.org/@eslint%2fplugin-kit set size:undefined disposed:false
6888 http cache https://registry.npmjs.org/@types%2fjson-schema 501ms (cache hit)
6889 silly packumentCache full:https://registry.npmjs.org/@types%2fjson-schema set size:44687 disposed:false
6890 http cache https://registry.npmjs.org/ajv 513ms (cache hit)
6891 silly packumentCache full:https://registry.npmjs.org/ajv set size:1126055 disposed:false
6892 http fetch GET 200 https://registry.npmjs.org/@eslint%2fconfig-array 980ms (cache miss)
6893 silly packumentCache full:https://registry.npmjs.org/@eslint%2fconfig-array set size:undefined disposed:false
6894 http cache https://registry.npmjs.org/esquery 190ms (cache hit)
6895 silly packumentCache full:https://registry.npmjs.org/esquery set size:46301 disposed:false
6896 http fetch GET 200 https://registry.npmjs.org/@humanwhocodes%2fretry 611ms (cache miss)
6897 silly packumentCache full:https://registry.npmjs.org/@humanwhocodes%2fretry set size:undefined disposed:false
6898 http fetch GET 200 https://registry.npmjs.org/@humanfs%2fnode 648ms (cache miss)
6899 silly packumentCache full:https://registry.npmjs.org/@humanfs%2fnode set size:undefined disposed:false
6900 http fetch GET 200 https://registry.npmjs.org/@typescript-eslint%2fexperimental-utils 3001ms (cache miss)
6901 silly packumentCache full:https://registry.npmjs.org/@typescript-eslint%2fexperimental-utils set size:undefined disposed:false
6902 http fetch GET 200 https://registry.npmjs.org/@typescript-eslint%2fexperimental-utils 3240ms (cache miss)
6903 silly packumentCache full:https://registry.npmjs.org/@typescript-eslint%2fexperimental-utils set size:undefined disposed:false
6904 silly fetch manifest codecov.io@~0.1.6
6905 silly packumentCache full:https://registry.npmjs.org/codecov.io cache-miss
6906 http fetch GET 200 https://registry.npmjs.org/codecov.io 1031ms (cache miss)
6907 silly packumentCache full:https://registry.npmjs.org/codecov.io set size:undefined disposed:false
6908 silly fetch manifest escomplex-js@1.2.0
6909 silly packumentCache full:https://registry.npmjs.org/escomplex-js cache-miss
6910 http fetch GET 200 https://registry.npmjs.org/escomplex-js 1080ms (cache miss)
6911 silly packumentCache full:https://registry.npmjs.org/escomplex-js set size:undefined disposed:false
6912 silly fetch manifest everything.js@~1.0.3
6913 silly packumentCache full:https://registry.npmjs.org/everything.js cache-miss
6914 http fetch GET 200 https://registry.npmjs.org/everything.js 996ms (cache miss)
6915 silly packumentCache full:https://registry.npmjs.org/everything.js set size:undefined disposed:false
6916 silly fetch manifest glob@~7.1.0
6917 silly packumentCache full:https://registry.npmjs.org/glob cache-hit
6918 silly fetch manifest json-diff@~0.3.1
6919 silly packumentCache full:https://registry.npmjs.org/json-diff cache-miss
6920 http cache https://registry.npmjs.org/json-diff 8ms (cache hit)
6921 silly packumentCache full:https://registry.npmjs.org/json-diff set size:94051 disposed:false
6922 silly fetch manifest karma@~1.3.0
6923 silly packumentCache full:https://registry.npmjs.org/karma cache-miss
6924 http fetch GET 200 https://registry.npmjs.org/karma 1030ms (cache revalidated)
6925 silly packumentCache full:https://registry.npmjs.org/karma set size:3361521 disposed:false
6926 silly fetch manifest karma-chrome-launcher@~2.0.0
6927 silly packumentCache full:https://registry.npmjs.org/karma-chrome-launcher cache-hit
6928 silly fetch manifest karma-detect-browsers@~2.2.3
6929 silly packumentCache full:https://registry.npmjs.org/karma-detect-browsers cache-miss
6930 http fetch GET 200 https://registry.npmjs.org/karma-detect-browsers 936ms (cache miss)
6931 silly packumentCache full:https://registry.npmjs.org/karma-detect-browsers set size:undefined disposed:false
6932 silly fetch manifest karma-edge-launcher@~0.2.0
6933 silly packumentCache full:https://registry.npmjs.org/karma-edge-launcher cache-miss
6934 http fetch GET 200 https://registry.npmjs.org/karma-edge-launcher 915ms (cache miss)
6935 silly packumentCache full:https://registry.npmjs.org/karma-edge-launcher set size:undefined disposed:false
6936 silly fetch manifest karma-firefox-launcher@~1.0.0
6937 silly packumentCache full:https://registry.npmjs.org/karma-firefox-launcher cache-miss
6938 http fetch GET 200 https://registry.npmjs.org/karma-firefox-launcher 246ms (cache revalidated)
6939 silly packumentCache full:https://registry.npmjs.org/karma-firefox-launcher set size:67423 disposed:false
6940 silly fetch manifest karma-mocha@~1.3.0
6941 silly packumentCache full:https://registry.npmjs.org/karma-mocha cache-hit
6942 silly fetch manifest karma-safari-launcher@~1.0.0
6943 silly packumentCache full:https://registry.npmjs.org/karma-safari-launcher cache-miss
6944 http fetch GET 200 https://registry.npmjs.org/karma-safari-launcher 1217ms (cache miss)
6945 silly packumentCache full:https://registry.npmjs.org/karma-safari-launcher set size:undefined disposed:false
6946 silly fetch manifest karma-safaritechpreview-launcher@~0.0.4
6947 silly packumentCache full:https://registry.npmjs.org/karma-safaritechpreview-launcher cache-miss
6948 http fetch GET 200 https://registry.npmjs.org/karma-safaritechpreview-launcher 1061ms (cache miss)
6949 silly packumentCache full:https://registry.npmjs.org/karma-safaritechpreview-launcher set size:undefined disposed:false
6950 silly fetch manifest karma-sauce-launcher@~1.1.0
6951 silly packumentCache full:https://registry.npmjs.org/karma-sauce-launcher cache-miss
6952 http cache https://registry.npmjs.org/karma-sauce-launcher 9ms (cache hit)
6953 silly packumentCache full:https://registry.npmjs.org/karma-sauce-launcher set size:187614 disposed:false
6954 silly fetch manifest lodash@~3.10.1
6955 silly packumentCache full:https://registry.npmjs.org/lodash cache-hit
6956 silly fetch manifest mocha@~3.2.0
6957 silly packumentCache full:https://registry.npmjs.org/mocha cache-miss
6958 http cache https://registry.npmjs.org/mocha 20ms (cache hit)
6959 silly packumentCache full:https://registry.npmjs.org/mocha set size:3824074 disposed:false
6960 silly fetch manifest node-tick-processor@~0.0.2
6961 silly packumentCache full:https://registry.npmjs.org/node-tick-processor cache-miss
6962 http fetch GET 200 https://registry.npmjs.org/node-tick-processor 1025ms (cache miss)
6963 silly packumentCache full:https://registry.npmjs.org/node-tick-processor set size:undefined disposed:false
6964 silly fetch manifest regenerate@~1.3.2
6965 silly packumentCache full:https://registry.npmjs.org/regenerate cache-miss
6966 http cache https://registry.npmjs.org/regenerate 8ms (cache hit)
6967 silly packumentCache full:https://registry.npmjs.org/regenerate set size:56872 disposed:false
6968 silly fetch manifest temp@~0.8.3
6969 silly packumentCache full:https://registry.npmjs.org/temp cache-miss
6970 http fetch GET 200 https://registry.npmjs.org/temp 320ms (cache miss)
6971 silly packumentCache full:https://registry.npmjs.org/temp set size:undefined disposed:false
6972 silly fetch manifest tslint@~5.1.0
6973 silly packumentCache full:https://registry.npmjs.org/tslint cache-miss
6974 http cache https://registry.npmjs.org/tslint 11ms (cache hit)
6975 silly packumentCache full:https://registry.npmjs.org/tslint set size:718215 disposed:false
6976 silly fetch manifest typescript@~2.3.2
6977 silly packumentCache full:https://registry.npmjs.org/typescript cache-miss
6978 http cache https://registry.npmjs.org/typescript 70ms (cache hit)
6979 silly packumentCache full:https://registry.npmjs.org/typescript set size:14432499 disposed:false
6980 silly fetch manifest typescript-formatter@~5.1.3
6981 silly packumentCache full:https://registry.npmjs.org/typescript-formatter cache-miss
6982 http fetch GET 200 https://registry.npmjs.org/typescript-formatter 1022ms (cache miss)
6983 silly packumentCache full:https://registry.npmjs.org/typescript-formatter set size:undefined disposed:false
6984 silly fetch manifest unicode-8.0.0@~0.7.0
6985 silly packumentCache full:https://registry.npmjs.org/unicode-8.0.0 cache-miss
6986 http fetch GET 200 https://registry.npmjs.org/unicode-8.0.0 1051ms (cache miss)
6987 silly packumentCache full:https://registry.npmjs.org/unicode-8.0.0 set size:undefined disposed:false
6988 silly fetch manifest webpack@~1.14.0
6989 silly packumentCache full:https://registry.npmjs.org/webpack cache-miss
6990 http cache https://registry.npmjs.org/webpack 28ms (cache hit)
6991 silly packumentCache full:https://registry.npmjs.org/webpack set size:4846113 disposed:false
6992 silly placeDep ROOT codecov.io@0.1.6 OK for: esprima@4.0.1 want: ~0.1.6
6993 silly placeDep ROOT escomplex-js@1.2.0 OK for: esprima@4.0.1 want: 1.2.0
6994 silly placeDep ROOT everything.js@1.0.3 OK for: esprima@4.0.1 want: ~1.0.3
6995 silly placeDep node_modules/.pnpm/esprima@4.0.1/node_modules/esprima glob@7.1.7 OK for: esprima@4.0.1 want: ~7.1.0
6996 silly placeDep node_modules/.pnpm/esprima@4.0.1/node_modules/esprima json-diff@0.3.1 OK for: esprima@4.0.1 want: ~0.3.1
6997 silly placeDep node_modules/.pnpm/esprima@4.0.1/node_modules/esprima karma@1.3.0 OK for: esprima@4.0.1 want: ~1.3.0
6998 silly placeDep node_modules/.pnpm/esprima@4.0.1/node_modules/esprima karma-chrome-launcher@2.0.0 OK for: esprima@4.0.1 want: ~2.0.0
6999 silly placeDep ROOT karma-detect-browsers@2.2.6 OK for: esprima@4.0.1 want: ~2.2.3
7000 silly placeDep ROOT karma-edge-launcher@0.2.0 OK for: esprima@4.0.1 want: ~0.2.0
7001 silly placeDep node_modules/.pnpm/esprima@4.0.1/node_modules/esprima karma-firefox-launcher@1.0.1 OK for: esprima@4.0.1 want: ~1.0.0
7002 silly placeDep node_modules/.pnpm/esprima@4.0.1/node_modules/esprima karma-mocha@1.3.0 OK for: esprima@4.0.1 want: ~1.3.0
7003 silly placeDep ROOT karma-safari-launcher@1.0.0 OK for: esprima@4.0.1 want: ~1.0.0
7004 silly placeDep ROOT karma-safaritechpreview-launcher@0.0.6 OK for: esprima@4.0.1 want: ~0.0.4
7005 silly placeDep node_modules/.pnpm/esprima@4.0.1/node_modules/esprima karma-sauce-launcher@1.1.0 OK for: esprima@4.0.1 want: ~1.1.0
7006 silly placeDep node_modules/.pnpm/esprima@4.0.1/node_modules/esprima lodash@3.10.1 OK for: esprima@4.0.1 want: ~3.10.1
7007 silly placeDep node_modules/.pnpm/esprima@4.0.1/node_modules/esprima mocha@3.2.0 OK for: esprima@4.0.1 want: ~3.2.0
7008 silly placeDep ROOT node-tick-processor@0.0.2 OK for: esprima@4.0.1 want: ~0.0.2
7009 silly placeDep ROOT regenerate@1.3.3 OK for: esprima@4.0.1 want: ~1.3.2
7010 silly placeDep ROOT temp@0.8.4 OK for: esprima@4.0.1 want: ~0.8.3
7011 silly placeDep ROOT tslint@5.1.0 OK for: esprima@4.0.1 want: ~5.1.0
7012 silly placeDep node_modules/.pnpm/esprima@4.0.1/node_modules/esprima typescript@2.3.4 OK for: esprima@4.0.1 want: ~2.3.2
7013 silly placeDep ROOT typescript-formatter@5.1.3 OK for: esprima@4.0.1 want: ~5.1.3
7014 silly placeDep ROOT unicode-8.0.0@0.7.5 OK for: esprima@4.0.1 want: ~0.7.0
7015 silly placeDep node_modules/.pnpm/esprima@4.0.1/node_modules/esprima webpack@1.14.0 OK for: esprima@4.0.1 want: ~1.14.0
7016 silly fetch manifest request@2.42.0
7017 silly packumentCache full:https://registry.npmjs.org/request cache-hit
7018 silly fetch manifest urlgrey@0.4.0
7019 silly packumentCache full:https://registry.npmjs.org/urlgrey cache-miss
7020 silly fetch manifest check-types@2.1.x
7021 silly packumentCache full:https://registry.npmjs.org/check-types cache-miss
7022 silly fetch manifest esprima@1.0.x
7023 silly packumentCache full:https://registry.npmjs.org/esprima cache-hit
7024 silly fetch manifest escomplex-ast-moz@0.1.6
7025 silly packumentCache full:https://registry.npmjs.org/escomplex-ast-moz cache-miss
7026 silly fetch manifest escomplex@1.2.0
7027 silly packumentCache full:https://registry.npmjs.org/escomplex cache-miss
7028 silly fetch manifest once@^1.3.0
7029 silly packumentCache full:https://registry.npmjs.org/once cache-miss
7030 silly fetch manifest inflight@^1.0.4
7031 silly packumentCache full:https://registry.npmjs.org/inflight cache-miss
7032 silly fetch manifest fs.realpath@^1.0.0
7033 silly packumentCache full:https://registry.npmjs.org/fs.realpath cache-miss
7034 silly fetch manifest dreamopt@~0.6.0
7035 silly packumentCache full:https://registry.npmjs.org/dreamopt cache-miss
7036 silly fetch manifest cli-color@~0.1.6
7037 silly packumentCache full:https://registry.npmjs.org/cli-color cache-miss
7038 silly fetch manifest tmp@0.0.28
7039 silly packumentCache full:https://registry.npmjs.org/tmp cache-hit
7040 silly fetch manifest mime@^1.3.4
7041 silly packumentCache full:https://registry.npmjs.org/mime cache-hit
7042 silly fetch manifest lodash@^3.8.0
7043 silly packumentCache full:https://registry.npmjs.org/lodash cache-hit
7044 silly fetch manifest log4js@^0.6.31
7045 silly packumentCache full:https://registry.npmjs.org/log4js cache-hit
7046 silly fetch manifest rimraf@^2.3.3
7047 silly packumentCache full:https://registry.npmjs.org/rimraf cache-hit
7048 silly fetch manifest connect@^3.3.5
7049 silly packumentCache full:https://registry.npmjs.org/connect cache-hit
7050 silly fetch manifest chokidar@^1.4.1
7051 silly packumentCache full:https://registry.npmjs.org/chokidar cache-hit
7052 silly fetch manifest socket.io@1.4.7
7053 silly packumentCache full:https://registry.npmjs.org/socket.io cache-hit
7054 silly fetch manifest useragent@^2.1.9
7055 silly packumentCache full:https://registry.npmjs.org/useragent cache-miss
7056 silly fetch manifest body-parser@^1.12.4
7057 silly packumentCache full:https://registry.npmjs.org/body-parser cache-hit
7058 silly fetch manifest which@^1.2.4
7059 silly packumentCache full:https://registry.npmjs.org/which cache-hit
7060 silly fetch manifest edge-launcher@1.0.1
7061 silly packumentCache full:https://registry.npmjs.org/edge-launcher cache-miss
7062 http cache https://registry.npmjs.org/dreamopt 71ms (cache hit)
7063 silly packumentCache full:https://registry.npmjs.org/dreamopt set size:25418 disposed:false
7064 silly fetch manifest fs-promise@^0.5.0
7065 silly packumentCache full:https://registry.npmjs.org/fs-promise cache-miss
7066 http cache https://registry.npmjs.org/cli-color 70ms (cache hit)
7067 silly packumentCache full:https://registry.npmjs.org/cli-color set size:66296 disposed:false
7068 silly fetch manifest marcosc-async@^3.0.4
7069 silly packumentCache full:https://registry.npmjs.org/marcosc-async cache-miss
7070 http cache https://registry.npmjs.org/once 92ms (cache hit)
7071 silly packumentCache full:https://registry.npmjs.org/once set size:11768 disposed:false
7072 silly fetch manifest q@^1.4.1
7073 silly packumentCache full:https://registry.npmjs.org/q cache-miss
7074 http cache https://registry.npmjs.org/useragent 73ms (cache hit)
7075 silly packumentCache full:https://registry.npmjs.org/useragent set size:78865 disposed:false
7076 silly fetch manifest sauce-connect-launcher@^0.17.0
7077 silly packumentCache full:https://registry.npmjs.org/sauce-connect-launcher cache-miss
7078 http cache https://registry.npmjs.org/sauce-connect-launcher 16ms (cache hit)
7079 silly packumentCache full:https://registry.npmjs.org/sauce-connect-launcher set size:136999 disposed:false
7080 silly fetch manifest saucelabs@^1.3.0
7081 silly packumentCache full:https://registry.npmjs.org/saucelabs cache-miss
7082 http cache https://registry.npmjs.org/saucelabs 32ms (cache hit)
7083 silly packumentCache full:https://registry.npmjs.org/saucelabs set size:492661 disposed:false
7084 silly fetch manifest wd@^1.0.0
7085 silly packumentCache full:https://registry.npmjs.org/wd cache-miss
7086 http fetch GET 200 https://registry.npmjs.org/check-types 251ms (cache miss)
7087 silly packumentCache full:https://registry.npmjs.org/check-types set size:undefined disposed:false
7088 silly fetch manifest glob@7.0.5
7089 silly packumentCache full:https://registry.npmjs.org/glob cache-hit
7090 silly fetch manifest json3@3.3.2
7091 silly packumentCache full:https://registry.npmjs.org/json3 cache-miss
7092 http fetch GET 200 https://registry.npmjs.org/fs.realpath 260ms (cache miss)
7093 silly packumentCache full:https://registry.npmjs.org/fs.realpath set size:undefined disposed:false
7094 silly fetch manifest commander@2.9.0
7095 silly packumentCache full:https://registry.npmjs.org/commander cache-hit
7096 silly fetch manifest lodash.create@3.1.1
7097 silly packumentCache full:https://registry.npmjs.org/lodash.create cache-miss
7098 http fetch GET 200 https://registry.npmjs.org/inflight 264ms (cache miss)
7099 silly packumentCache full:https://registry.npmjs.org/inflight set size:undefined disposed:false
7100 silly fetch manifest browser-stdout@1.3.0
7101 silly packumentCache full:https://registry.npmjs.org/browser-stdout cache-hit
7102 silly fetch manifest supports-color@3.1.2
7103 silly packumentCache full:https://registry.npmjs.org/supports-color cache-hit
7104 silly fetch manifest rimraf@~2.6.2
7105 silly packumentCache full:https://registry.npmjs.org/rimraf cache-hit
7106 silly fetch manifest babel-code-frame@^6.22.0
7107 silly packumentCache full:https://registry.npmjs.org/babel-code-frame cache-miss
7108 http fetch GET 200 https://registry.npmjs.org/q 218ms (cache miss)
7109 silly packumentCache full:https://registry.npmjs.org/q set size:undefined disposed:false
7110 silly fetch manifest diff@^3.2.0
7111 silly packumentCache full:https://registry.npmjs.org/diff cache-hit
7112 silly fetch manifest findup-sync@~0.3.0
7113 silly packumentCache full:https://registry.npmjs.org/findup-sync cache-miss
7114 http cache https://registry.npmjs.org/findup-sync 10ms (cache hit)
7115 silly packumentCache full:https://registry.npmjs.org/findup-sync set size:35694 disposed:false
7116 silly fetch manifest glob@^7.1.1
7117 silly packumentCache full:https://registry.npmjs.org/glob cache-hit
7118 silly fetch manifest optimist@~0.6.0
7119 silly packumentCache full:https://registry.npmjs.org/optimist cache-miss
7120 http cache https://registry.npmjs.org/optimist 9ms (cache hit)
7121 silly packumentCache full:https://registry.npmjs.org/optimist set size:58645 disposed:false
7122 silly fetch manifest resolve@^1.3.2
7123 silly packumentCache full:https://registry.npmjs.org/resolve cache-hit
7124 silly fetch manifest semver@^5.3.0
7125 silly packumentCache full:https://registry.npmjs.org/semver cache-hit
7126 silly fetch manifest tsutils@^1.4.0
7127 silly packumentCache full:https://registry.npmjs.org/tsutils cache-miss
7128 http cache https://registry.npmjs.org/tsutils 10ms (cache hit)
7129 silly packumentCache full:https://registry.npmjs.org/tsutils set size:248868 disposed:false
7130 silly fetch manifest commandpost@^1.0.0
7131 silly packumentCache full:https://registry.npmjs.org/commandpost cache-miss
7132 http fetch GET 200 https://registry.npmjs.org/wd 235ms (cache miss)
7133 silly packumentCache full:https://registry.npmjs.org/wd set size:undefined disposed:false
7134 silly fetch manifest editorconfig@^0.13.2
7135 silly packumentCache full:https://registry.npmjs.org/editorconfig cache-miss
7136 http cache https://registry.npmjs.org/editorconfig 8ms (cache hit)
7137 silly packumentCache full:https://registry.npmjs.org/editorconfig set size:75629 disposed:false
7138 silly fetch manifest acorn@^3.0.0
7139 silly packumentCache full:https://registry.npmjs.org/acorn cache-hit
7140 silly fetch manifest async@^1.3.0
7141 silly packumentCache full:https://registry.npmjs.org/async cache-hit
7142 silly fetch manifest tapable@~0.1.8
7143 silly packumentCache full:https://registry.npmjs.org/tapable cache-miss
7144 http cache https://registry.npmjs.org/tapable 10ms (cache hit)
7145 silly packumentCache full:https://registry.npmjs.org/tapable set size:105292 disposed:false
7146 silly fetch manifest interpret@^0.6.4
7147 silly packumentCache full:https://registry.npmjs.org/interpret cache-miss
7148 http cache https://registry.npmjs.org/interpret 13ms (cache hit)
7149 silly packumentCache full:https://registry.npmjs.org/interpret set size:99864 disposed:false
7150 silly fetch manifest memory-fs@~0.3.0
7151 silly packumentCache full:https://registry.npmjs.org/memory-fs cache-miss
7152 http cache https://registry.npmjs.org/memory-fs 23ms (cache hit)
7153 silly packumentCache full:https://registry.npmjs.org/memory-fs set size:13822 disposed:false
7154 silly fetch manifest uglify-js@~2.7.3
7155 silly packumentCache full:https://registry.npmjs.org/uglify-js cache-miss
7156 http fetch GET 200 https://registry.npmjs.org/json3 240ms (cache miss)
7157 silly packumentCache full:https://registry.npmjs.org/json3 set size:undefined disposed:false
7158 silly fetch manifest watchpack@^0.2.1
7159 silly packumentCache full:https://registry.npmjs.org/watchpack cache-miss
7160 http fetch GET 200 https://registry.npmjs.org/babel-code-frame 229ms (cache miss)
7161 silly packumentCache full:https://registry.npmjs.org/babel-code-frame set size:undefined disposed:false
7162 silly fetch manifest loader-utils@^0.2.11
7163 silly packumentCache full:https://registry.npmjs.org/loader-utils cache-hit
7164 silly fetch manifest webpack-core@~0.6.9
7165 silly packumentCache full:https://registry.npmjs.org/webpack-core cache-miss
7166 http cache https://registry.npmjs.org/watchpack 48ms (cache hit)
7167 silly packumentCache full:https://registry.npmjs.org/watchpack set size:138264 disposed:false
7168 silly fetch manifest enhanced-resolve@~0.9.0
7169 silly packumentCache full:https://registry.npmjs.org/enhanced-resolve cache-miss
7170 http cache https://registry.npmjs.org/uglify-js 68ms (cache hit)
7171 silly packumentCache full:https://registry.npmjs.org/uglify-js set size:673844 disposed:false
7172 silly fetch manifest node-libs-browser@^0.7.0
7173 silly packumentCache full:https://registry.npmjs.org/node-libs-browser cache-miss
7174 http cache https://registry.npmjs.org/enhanced-resolve 48ms (cache hit)
7175 silly packumentCache full:https://registry.npmjs.org/enhanced-resolve set size:336510 disposed:false
7176 http cache https://registry.npmjs.org/node-libs-browser 34ms (cache hit)
7177 silly packumentCache full:https://registry.npmjs.org/node-libs-browser set size:50753 disposed:false
7178 http fetch GET 200 https://registry.npmjs.org/webpack-core 234ms (cache miss)
7179 silly packumentCache full:https://registry.npmjs.org/webpack-core set size:undefined disposed:false
7180 http fetch GET 200 https://registry.npmjs.org/escomplex-ast-moz 951ms (cache miss)
7181 silly packumentCache full:https://registry.npmjs.org/escomplex-ast-moz set size:undefined disposed:false
7182 http fetch GET 200 https://registry.npmjs.org/escomplex 1014ms (cache miss)
7183 silly packumentCache full:https://registry.npmjs.org/escomplex set size:undefined disposed:false
7184 http fetch GET 200 https://registry.npmjs.org/edge-launcher 1008ms (cache miss)
7185 silly packumentCache full:https://registry.npmjs.org/edge-launcher set size:undefined disposed:false
7186 http fetch GET 200 https://registry.npmjs.org/urlgrey 1071ms (cache miss)
7187 silly packumentCache full:https://registry.npmjs.org/urlgrey set size:undefined disposed:false
7188 http fetch GET 200 https://registry.npmjs.org/marcosc-async 1017ms (cache miss)
7189 silly packumentCache full:https://registry.npmjs.org/marcosc-async set size:undefined disposed:false
7190 http fetch GET 200 https://registry.npmjs.org/lodash.create 1035ms (cache miss)
7191 silly packumentCache full:https://registry.npmjs.org/lodash.create set size:undefined disposed:false
7192 http fetch GET 200 https://registry.npmjs.org/commandpost 1027ms (cache miss)
7193 silly packumentCache full:https://registry.npmjs.org/commandpost set size:undefined disposed:false
7194 http fetch GET 200 https://registry.npmjs.org/fs-promise 1369ms (cache miss)
7195 silly packumentCache full:https://registry.npmjs.org/fs-promise set size:undefined disposed:false
7196 silly fetch manifest babel-preset-env@^1.6.1
7197 silly packumentCache full:https://registry.npmjs.org/babel-preset-env cache-miss
7198 http fetch GET 200 https://registry.npmjs.org/babel-preset-env 1064ms (cache miss)
7199 silly packumentCache full:https://registry.npmjs.org/babel-preset-env set size:undefined disposed:false
7200 silly fetch manifest babel-register@^6.3.13
7201 silly packumentCache full:https://registry.npmjs.org/babel-register cache-miss
7202 http fetch GET 200 https://registry.npmjs.org/babel-register 211ms (cache miss)
7203 silly packumentCache full:https://registry.npmjs.org/babel-register set size:undefined disposed:false
7204 silly fetch manifest chai@^2.1.1
7205 silly packumentCache full:https://registry.npmjs.org/chai cache-miss
7206 http fetch GET 200 https://registry.npmjs.org/chai 214ms (cache revalidated)
7207 silly packumentCache full:https://registry.npmjs.org/chai set size:200787 disposed:false
7208 silly fetch manifest espree@^1.11.0
7209 silly packumentCache full:https://registry.npmjs.org/espree cache-hit
7210 silly fetch manifest gulp@^3.8.10
7211 silly packumentCache full:https://registry.npmjs.org/gulp cache-miss
7212 http fetch GET 200 https://registry.npmjs.org/gulp 134ms (cache miss)
7213 silly packumentCache full:https://registry.npmjs.org/gulp set size:undefined disposed:false
7214 silly fetch manifest gulp-bump@^0.2.2
7215 silly packumentCache full:https://registry.npmjs.org/gulp-bump cache-miss
7216 http fetch GET 200 https://registry.npmjs.org/gulp-bump 941ms (cache miss)
7217 silly packumentCache full:https://registry.npmjs.org/gulp-bump set size:undefined disposed:false
7218 silly fetch manifest gulp-filter@^2.0.0
7219 silly packumentCache full:https://registry.npmjs.org/gulp-filter cache-miss
7220 http cache https://registry.npmjs.org/gulp-filter 13ms (cache hit)
7221 silly packumentCache full:https://registry.npmjs.org/gulp-filter set size:50358 disposed:false
7222 silly fetch manifest gulp-git@^1.0.1
7223 silly packumentCache full:https://registry.npmjs.org/gulp-git cache-miss
7224 http fetch GET 200 https://registry.npmjs.org/gulp-git 1080ms (cache miss)
7225 silly packumentCache full:https://registry.npmjs.org/gulp-git set size:undefined disposed:false
7226 silly fetch manifest gulp-tag-version@^1.3.0
7227 silly packumentCache full:https://registry.npmjs.org/gulp-tag-version cache-miss
7228 http fetch GET 200 https://registry.npmjs.org/gulp-tag-version 1049ms (cache miss)
7229 silly packumentCache full:https://registry.npmjs.org/gulp-tag-version set size:undefined disposed:false
7230 silly fetch manifest jshint@^2.5.6
7231 silly packumentCache full:https://registry.npmjs.org/jshint cache-miss
7232 http fetch GET 200 https://registry.npmjs.org/jshint 287ms (cache miss)
7233 silly packumentCache full:https://registry.npmjs.org/jshint set size:undefined disposed:false
7234 silly fetch manifest mocha@^2.1.0
7235 silly packumentCache full:https://registry.npmjs.org/mocha cache-miss
7236 http cache https://registry.npmjs.org/mocha 28ms (cache hit)
7237 silly packumentCache full:https://registry.npmjs.org/mocha set size:3824074 disposed:false
7238 silly placeDep ROOT babel-preset-env@1.7.0 OK for: estraverse@5.3.0 want: ^1.6.1
7239 silly placeDep ROOT babel-register@6.26.0 OK for: estraverse@5.3.0 want: ^6.3.13
7240 silly placeDep node_modules/.pnpm/estraverse@5.3.0/node_modules/estraverse chai@2.3.0 OK for: estraverse@5.3.0 want: ^2.1.1
7241 silly placeDep node_modules/.pnpm/estraverse@5.3.0/node_modules/estraverse espree@1.12.3 OK for: estraverse@5.3.0 want: ^1.11.0
7242 silly placeDep ROOT gulp@3.9.1 OK for: estraverse@5.3.0 want: ^3.8.10
7243 silly placeDep ROOT gulp-bump@0.2.2 OK for: estraverse@5.3.0 want: ^0.2.2
7244 silly placeDep ROOT gulp-filter@2.0.2 OK for: estraverse@5.3.0 want: ^2.0.0
7245 silly placeDep ROOT gulp-git@1.15.1 OK for: estraverse@5.3.0 want: ^1.0.1
7246 silly placeDep ROOT gulp-tag-version@1.3.1 OK for: estraverse@5.3.0 want: ^1.3.0
7247 silly placeDep ROOT jshint@2.13.6 OK for: estraverse@5.3.0 want: ^2.5.6
7248 silly placeDep node_modules/.pnpm/estraverse@5.3.0/node_modules/estraverse mocha@2.5.3 OK for: estraverse@5.3.0 want: ^2.1.0
7249 silly fetch manifest babel-plugin-check-es2015-constants@^6.22.0
7250 silly packumentCache full:https://registry.npmjs.org/babel-plugin-check-es2015-constants cache-miss
7251 silly fetch manifest babel-plugin-syntax-trailing-function-commas@^6.22.0
7252 silly packumentCache full:https://registry.npmjs.org/babel-plugin-syntax-trailing-function-commas cache-miss
7253 silly fetch manifest babel-plugin-transform-async-to-generator@^6.22.0
7254 silly packumentCache full:https://registry.npmjs.org/babel-plugin-transform-async-to-generator cache-miss
7255 silly fetch manifest babel-plugin-transform-es2015-arrow-functions@^6.22.0
7256 silly packumentCache full:https://registry.npmjs.org/babel-plugin-transform-es2015-arrow-functions cache-miss
7257 silly fetch manifest babel-plugin-transform-es2015-block-scoped-functions@^6.22.0
7258 silly packumentCache full:https://registry.npmjs.org/babel-plugin-transform-es2015-block-scoped-functions cache-miss
7259 silly fetch manifest babel-plugin-transform-es2015-block-scoping@^6.23.0
7260 silly packumentCache full:https://registry.npmjs.org/babel-plugin-transform-es2015-block-scoping cache-miss
7261 silly fetch manifest babel-plugin-transform-es2015-classes@^6.23.0
7262 silly packumentCache full:https://registry.npmjs.org/babel-plugin-transform-es2015-classes cache-miss
7263 silly fetch manifest babel-plugin-transform-es2015-computed-properties@^6.22.0
7264 silly packumentCache full:https://registry.npmjs.org/babel-plugin-transform-es2015-computed-properties cache-miss
7265 silly fetch manifest babel-plugin-transform-es2015-destructuring@^6.23.0
7266 silly packumentCache full:https://registry.npmjs.org/babel-plugin-transform-es2015-destructuring cache-miss
7267 silly fetch manifest babel-plugin-transform-es2015-duplicate-keys@^6.22.0
7268 silly packumentCache full:https://registry.npmjs.org/babel-plugin-transform-es2015-duplicate-keys cache-miss
7269 silly fetch manifest babel-plugin-transform-es2015-for-of@^6.23.0
7270 silly packumentCache full:https://registry.npmjs.org/babel-plugin-transform-es2015-for-of cache-miss
7271 http fetch GET 200 https://registry.npmjs.org/babel-plugin-transform-es2015-computed-properties 181ms (cache miss)
7272 silly packumentCache full:https://registry.npmjs.org/babel-plugin-transform-es2015-computed-properties set size:undefined disposed:false
7273 silly fetch manifest babel-plugin-transform-es2015-function-name@^6.22.0
7274 silly packumentCache full:https://registry.npmjs.org/babel-plugin-transform-es2015-function-name cache-miss
7275 http fetch GET 200 https://registry.npmjs.org/babel-plugin-transform-es2015-classes 187ms (cache miss)
7276 silly packumentCache full:https://registry.npmjs.org/babel-plugin-transform-es2015-classes set size:undefined disposed:false
7277 silly fetch manifest babel-plugin-transform-es2015-literals@^6.22.0
7278 silly packumentCache full:https://registry.npmjs.org/babel-plugin-transform-es2015-literals cache-miss
7279 http fetch GET 200 https://registry.npmjs.org/babel-plugin-syntax-trailing-function-commas 275ms (cache miss)
7280 silly packumentCache full:https://registry.npmjs.org/babel-plugin-syntax-trailing-function-commas set size:undefined disposed:false
7281 silly fetch manifest babel-plugin-transform-es2015-modules-amd@^6.22.0
7282 silly packumentCache full:https://registry.npmjs.org/babel-plugin-transform-es2015-modules-amd cache-miss
7283 http fetch GET 200 https://registry.npmjs.org/babel-plugin-transform-es2015-for-of 283ms (cache miss)
7284 silly packumentCache full:https://registry.npmjs.org/babel-plugin-transform-es2015-for-of set size:undefined disposed:false
7285 silly fetch manifest babel-plugin-transform-es2015-modules-commonjs@^6.23.0
7286 silly packumentCache full:https://registry.npmjs.org/babel-plugin-transform-es2015-modules-commonjs cache-miss
7287 http fetch GET 200 https://registry.npmjs.org/babel-plugin-check-es2015-constants 296ms (cache miss)
7288 silly packumentCache full:https://registry.npmjs.org/babel-plugin-check-es2015-constants set size:undefined disposed:false
7289 silly fetch manifest babel-plugin-transform-es2015-modules-systemjs@^6.23.0
7290 silly packumentCache full:https://registry.npmjs.org/babel-plugin-transform-es2015-modules-systemjs cache-miss
7291 http fetch GET 200 https://registry.npmjs.org/babel-plugin-transform-es2015-block-scoped-functions 310ms (cache miss)
7292 silly packumentCache full:https://registry.npmjs.org/babel-plugin-transform-es2015-block-scoped-functions set size:undefined disposed:false
7293 silly fetch manifest babel-plugin-transform-es2015-modules-umd@^6.23.0
7294 silly packumentCache full:https://registry.npmjs.org/babel-plugin-transform-es2015-modules-umd cache-miss
7295 http fetch GET 200 https://registry.npmjs.org/babel-plugin-transform-es2015-block-scoping 321ms (cache miss)
7296 silly packumentCache full:https://registry.npmjs.org/babel-plugin-transform-es2015-block-scoping set size:undefined disposed:false
7297 silly fetch manifest babel-plugin-transform-es2015-object-super@^6.22.0
7298 silly packumentCache full:https://registry.npmjs.org/babel-plugin-transform-es2015-object-super cache-miss
7299 http fetch GET 200 https://registry.npmjs.org/babel-plugin-transform-es2015-function-name 177ms (cache miss)
7300 silly packumentCache full:https://registry.npmjs.org/babel-plugin-transform-es2015-function-name set size:undefined disposed:false
7301 silly fetch manifest babel-plugin-transform-es2015-parameters@^6.23.0
7302 silly packumentCache full:https://registry.npmjs.org/babel-plugin-transform-es2015-parameters cache-miss
7303 http fetch GET 200 https://registry.npmjs.org/babel-plugin-transform-es2015-literals 182ms (cache miss)
7304 silly packumentCache full:https://registry.npmjs.org/babel-plugin-transform-es2015-literals set size:undefined disposed:false
7305 silly fetch manifest babel-plugin-transform-es2015-shorthand-properties@^6.22.0
7306 silly packumentCache full:https://registry.npmjs.org/babel-plugin-transform-es2015-shorthand-properties cache-miss
7307 http fetch GET 200 https://registry.npmjs.org/babel-plugin-transform-es2015-parameters 140ms (cache miss)
7308 silly packumentCache full:https://registry.npmjs.org/babel-plugin-transform-es2015-parameters set size:undefined disposed:false
7309 silly fetch manifest babel-plugin-transform-es2015-spread@^6.22.0
7310 silly packumentCache full:https://registry.npmjs.org/babel-plugin-transform-es2015-spread cache-miss
7311 http fetch GET 200 https://registry.npmjs.org/babel-plugin-transform-es2015-shorthand-properties 177ms (cache miss)
7312 silly packumentCache full:https://registry.npmjs.org/babel-plugin-transform-es2015-shorthand-properties set size:undefined disposed:false
7313 silly fetch manifest babel-plugin-transform-es2015-sticky-regex@^6.22.0
7314 silly packumentCache full:https://registry.npmjs.org/babel-plugin-transform-es2015-sticky-regex cache-miss
7315 http fetch GET 200 https://registry.npmjs.org/babel-plugin-transform-es2015-modules-systemjs 268ms (cache miss)
7316 silly packumentCache full:https://registry.npmjs.org/babel-plugin-transform-es2015-modules-systemjs set size:undefined disposed:false
7317 silly fetch manifest babel-plugin-transform-es2015-template-literals@^6.22.0
7318 silly packumentCache full:https://registry.npmjs.org/babel-plugin-transform-es2015-template-literals cache-miss
7319 http fetch GET 200 https://registry.npmjs.org/babel-plugin-transform-es2015-modules-umd 331ms (cache miss)
7320 silly packumentCache full:https://registry.npmjs.org/babel-plugin-transform-es2015-modules-umd set size:undefined disposed:false
7321 silly fetch manifest babel-plugin-transform-es2015-typeof-symbol@^6.23.0
7322 silly packumentCache full:https://registry.npmjs.org/babel-plugin-transform-es2015-typeof-symbol cache-miss
7323 http fetch GET 200 https://registry.npmjs.org/babel-plugin-transform-es2015-spread 165ms (cache miss)
7324 silly packumentCache full:https://registry.npmjs.org/babel-plugin-transform-es2015-spread set size:undefined disposed:false
7325 silly fetch manifest babel-plugin-transform-es2015-unicode-regex@^6.22.0
7326 silly packumentCache full:https://registry.npmjs.org/babel-plugin-transform-es2015-unicode-regex cache-miss
7327 http fetch GET 200 https://registry.npmjs.org/babel-plugin-transform-es2015-sticky-regex 179ms (cache miss)
7328 silly packumentCache full:https://registry.npmjs.org/babel-plugin-transform-es2015-sticky-regex set size:undefined disposed:false
7329 silly fetch manifest babel-plugin-transform-exponentiation-operator@^6.22.0
7330 silly packumentCache full:https://registry.npmjs.org/babel-plugin-transform-exponentiation-operator cache-miss
7331 http fetch GET 200 https://registry.npmjs.org/babel-plugin-transform-es2015-template-literals 260ms (cache miss)
7332 silly packumentCache full:https://registry.npmjs.org/babel-plugin-transform-es2015-template-literals set size:undefined disposed:false
7333 silly fetch manifest babel-plugin-transform-regenerator@^6.22.0
7334 silly packumentCache full:https://registry.npmjs.org/babel-plugin-transform-regenerator cache-miss
7335 http fetch GET 200 https://registry.npmjs.org/babel-plugin-transform-exponentiation-operator 145ms (cache miss)
7336 silly packumentCache full:https://registry.npmjs.org/babel-plugin-transform-exponentiation-operator set size:undefined disposed:false
7337 silly fetch manifest browserslist@^3.2.6
7338 silly packumentCache full:https://registry.npmjs.org/browserslist cache-miss
7339 http fetch GET 200 https://registry.npmjs.org/babel-plugin-transform-es2015-typeof-symbol 266ms (cache miss)
7340 silly packumentCache full:https://registry.npmjs.org/babel-plugin-transform-es2015-typeof-symbol set size:undefined disposed:false
7341 silly fetch manifest invariant@^2.2.2
7342 silly packumentCache full:https://registry.npmjs.org/invariant cache-miss
7343 http fetch GET 200 https://registry.npmjs.org/browserslist 155ms (cache miss)
7344 silly packumentCache full:https://registry.npmjs.org/browserslist set size:undefined disposed:false
7345 silly fetch manifest babel-core@^6.26.0
7346 silly packumentCache full:https://registry.npmjs.org/babel-core cache-miss
7347 http fetch GET 200 https://registry.npmjs.org/babel-plugin-transform-es2015-duplicate-keys 1104ms (cache miss)
7348 silly packumentCache full:https://registry.npmjs.org/babel-plugin-transform-es2015-duplicate-keys set size:undefined disposed:false
7349 silly fetch manifest babel-runtime@^6.26.0
7350 silly packumentCache full:https://registry.npmjs.org/babel-runtime cache-miss
7351 http fetch GET 200 https://registry.npmjs.org/babel-plugin-transform-es2015-destructuring 1114ms (cache miss)
7352 silly packumentCache full:https://registry.npmjs.org/babel-plugin-transform-es2015-destructuring set size:undefined disposed:false
7353 silly fetch manifest core-js@^2.5.0
7354 silly packumentCache full:https://registry.npmjs.org/core-js cache-hit
7355 silly fetch manifest home-or-tmp@^2.0.0
7356 silly packumentCache full:https://registry.npmjs.org/home-or-tmp cache-miss
7357 http fetch GET 200 https://registry.npmjs.org/invariant 225ms (cache miss)
7358 silly packumentCache full:https://registry.npmjs.org/invariant set size:undefined disposed:false
7359 silly fetch manifest source-map-support@^0.4.15
7360 silly packumentCache full:https://registry.npmjs.org/source-map-support cache-hit
7361 silly fetch manifest deep-eql@0.1.3
7362 silly packumentCache full:https://registry.npmjs.org/deep-eql cache-miss
7363 http fetch GET 200 https://registry.npmjs.org/babel-plugin-transform-es2015-arrow-functions 1161ms (cache miss)
7364 silly packumentCache full:https://registry.npmjs.org/babel-plugin-transform-es2015-arrow-functions set size:undefined disposed:false
7365 silly fetch manifest assertion-error@1.0.0
7366 silly packumentCache full:https://registry.npmjs.org/assertion-error cache-miss
7367 http fetch GET 200 https://registry.npmjs.org/babel-plugin-transform-async-to-generator 1168ms (cache miss)
7368 silly packumentCache full:https://registry.npmjs.org/babel-plugin-transform-async-to-generator set size:undefined disposed:false
7369 silly fetch manifest archy@^1.0.0
7370 silly packumentCache full:https://registry.npmjs.org/archy cache-miss
7371 http fetch GET 200 https://registry.npmjs.org/babel-plugin-transform-regenerator 335ms (cache miss)
7372 silly packumentCache full:https://registry.npmjs.org/babel-plugin-transform-regenerator set size:undefined disposed:false
7373 silly fetch manifest semver@^4.1.0
7374 silly packumentCache full:https://registry.npmjs.org/semver cache-hit
7375 silly fetch manifest liftoff@^2.1.0
7376 silly packumentCache full:https://registry.npmjs.org/liftoff cache-miss
7377 http cache https://registry.npmjs.org/babel-runtime 73ms (cache hit)
7378 silly packumentCache full:https://registry.npmjs.org/babel-runtime set size:233288 disposed:false
7379 silly fetch manifest tildify@^1.0.0
7380 silly packumentCache full:https://registry.npmjs.org/tildify cache-miss
7381 http fetch GET 200 https://registry.npmjs.org/babel-plugin-transform-es2015-modules-commonjs 1036ms (cache miss)
7382 silly packumentCache full:https://registry.npmjs.org/babel-plugin-transform-es2015-modules-commonjs set size:undefined disposed:false
7383 silly fetch manifest v8flags@^2.0.2
7384 silly packumentCache full:https://registry.npmjs.org/v8flags cache-hit
7385 silly fetch manifest minimist@^1.1.0
7386 silly packumentCache full:https://registry.npmjs.org/minimist cache-hit
7387 silly fetch manifest vinyl-fs@^0.3.0
7388 silly packumentCache full:https://registry.npmjs.org/vinyl-fs cache-miss
7389 http fetch GET 200 https://registry.npmjs.org/home-or-tmp 277ms (cache miss)
7390 silly packumentCache full:https://registry.npmjs.org/home-or-tmp set size:undefined disposed:false
7391 silly fetch manifest gulp-util@^3.0.0
7392 silly packumentCache full:https://registry.npmjs.org/gulp-util cache-miss
7393 http fetch GET 200 https://registry.npmjs.org/tildify 213ms (cache miss)
7394 silly packumentCache full:https://registry.npmjs.org/tildify set size:undefined disposed:false
7395 silly fetch manifest interpret@^1.0.0
7396 silly packumentCache full:https://registry.npmjs.org/interpret cache-hit
7397 silly fetch manifest deprecated@^0.0.1
7398 silly packumentCache full:https://registry.npmjs.org/deprecated cache-miss
7399 http cache https://registry.npmjs.org/vinyl-fs 84ms (cache hit)
7400 silly packumentCache full:https://registry.npmjs.org/vinyl-fs set size:113508 disposed:false
7401 silly fetch manifest orchestrator@^0.3.0
7402 silly packumentCache full:https://registry.npmjs.org/orchestrator cache-miss
7403 http fetch GET 200 https://registry.npmjs.org/babel-plugin-transform-es2015-modules-amd 1163ms (cache miss)
7404 silly packumentCache full:https://registry.npmjs.org/babel-plugin-transform-es2015-modules-amd set size:undefined disposed:false
7405 silly fetch manifest pretty-hrtime@^1.0.0
7406 silly packumentCache full:https://registry.npmjs.org/pretty-hrtime cache-miss
7407 http fetch GET 200 https://registry.npmjs.org/deep-eql 314ms (cache revalidated)
7408 silly packumentCache full:https://registry.npmjs.org/deep-eql set size:73324 disposed:false
7409 silly fetch manifest dot-object@^0.6.0
7410 silly packumentCache full:https://registry.npmjs.org/dot-object cache-miss
7411 http fetch GET 200 https://registry.npmjs.org/assertion-error 315ms (cache revalidated)
7412 silly packumentCache full:https://registry.npmjs.org/assertion-error set size:14438 disposed:false
7413 silly fetch manifest gulp-util@^3.0.3
7414 silly packumentCache full:https://registry.npmjs.org/gulp-util cache-miss
7415 http fetch GET 200 https://registry.npmjs.org/archy 329ms (cache miss)
7416 silly packumentCache full:https://registry.npmjs.org/archy set size:undefined disposed:false
7417 silly fetch manifest semver@^4.3.0
7418 silly packumentCache full:https://registry.npmjs.org/semver cache-hit
7419 silly fetch manifest through2@^0.5.1
7420 silly packumentCache full:https://registry.npmjs.org/through2 cache-hit
7421 silly fetch manifest plexer@0.0.3
7422 silly packumentCache full:https://registry.npmjs.org/plexer cache-miss
7423 http fetch GET 200 https://registry.npmjs.org/babel-plugin-transform-es2015-object-super 1204ms (cache miss)
7424 silly packumentCache full:https://registry.npmjs.org/babel-plugin-transform-es2015-object-super set size:undefined disposed:false
7425 silly fetch manifest through2@^0.6.1
7426 silly packumentCache full:https://registry.npmjs.org/through2 cache-hit
7427 silly fetch manifest gulp-util@^3.0.0
7428 silly packumentCache full:https://registry.npmjs.org/gulp-util cache-miss
7429 http fetch GET 200 https://registry.npmjs.org/liftoff 362ms (cache miss)
7430 silly packumentCache full:https://registry.npmjs.org/liftoff set size:undefined disposed:false
7431 silly fetch manifest multimatch@^2.0.0
7432 silly packumentCache full:https://registry.npmjs.org/multimatch cache-hit
7433 silly fetch manifest merge-stream@^0.1.7
7434 silly packumentCache full:https://registry.npmjs.org/merge-stream cache-miss
7435 http fetch GET 200 https://registry.npmjs.org/babel-core 484ms (cache miss)
7436 silly packumentCache full:https://registry.npmjs.org/babel-core set size:undefined disposed:false
7437 silly fetch manifest through2@^0.6.5
7438 silly packumentCache full:https://registry.npmjs.org/through2 cache-hit
7439 silly fetch manifest gulp-util@^3.0.6
7440 silly packumentCache full:https://registry.npmjs.org/gulp-util cache-miss
7441 http fetch GET 200 https://registry.npmjs.org/gulp-util 238ms (cache miss)
7442 silly packumentCache full:https://registry.npmjs.org/gulp-util set size:undefined disposed:false
7443 silly fetch manifest require-dir@^0.1.0
7444 silly packumentCache full:https://registry.npmjs.org/require-dir cache-miss
7445 http fetch GET 200 https://registry.npmjs.org/orchestrator 268ms (cache miss)
7446 silly packumentCache full:https://registry.npmjs.org/orchestrator set size:undefined disposed:false
7447 silly fetch manifest any-shell-escape@^0.1.1
7448 silly packumentCache full:https://registry.npmjs.org/any-shell-escape cache-miss
7449 http fetch GET 200 https://registry.npmjs.org/babel-plugin-transform-es2015-unicode-regex 1039ms (cache miss)
7450 silly packumentCache full:https://registry.npmjs.org/babel-plugin-transform-es2015-unicode-regex set size:undefined disposed:false
7451 silly fetch manifest ansi-colors@~1.0.1
7452 silly packumentCache full:https://registry.npmjs.org/ansi-colors cache-hit
7453 silly fetch manifest fancy-log@~1.3.2
7454 silly packumentCache full:https://registry.npmjs.org/fancy-log cache-miss
7455 http fetch GET 200 https://registry.npmjs.org/gulp-util 257ms (cache miss)
7456 silly packumentCache full:https://registry.npmjs.org/gulp-util set size:undefined disposed:false
7457 silly fetch manifest gulp-git@^2.4.2
7458 silly packumentCache full:https://registry.npmjs.org/gulp-git cache-miss
7459 http fetch GET 200 https://registry.npmjs.org/gulp-util 227ms (cache miss)
7460 silly packumentCache full:https://registry.npmjs.org/gulp-util set size:undefined disposed:false
7461 silly fetch manifest map-stream@~0.1.0
7462 silly packumentCache full:https://registry.npmjs.org/map-stream cache-miss
7463 http fetch GET 200 https://registry.npmjs.org/deprecated 397ms (cache miss)
7464 silly packumentCache full:https://registry.npmjs.org/deprecated set size:undefined disposed:false
7465 silly fetch manifest cli@~1.0.0
7466 silly packumentCache full:https://registry.npmjs.org/cli cache-miss
7467 http fetch GET 200 https://registry.npmjs.org/gulp-util 244ms (cache miss)
7468 silly packumentCache full:https://registry.npmjs.org/gulp-util set size:undefined disposed:false
7469 silly fetch manifest console-browserify@1.1.x
7470 silly packumentCache full:https://registry.npmjs.org/console-browserify cache-miss
7471 http fetch GET 200 https://registry.npmjs.org/pretty-hrtime 414ms (cache miss)
7472 silly packumentCache full:https://registry.npmjs.org/pretty-hrtime set size:undefined disposed:false
7473 silly fetch manifest exit@0.1.x
7474 silly packumentCache full:https://registry.npmjs.org/exit cache-miss
7475 http cache https://registry.npmjs.org/gulp-git 115ms (cache hit)
7476 silly packumentCache full:https://registry.npmjs.org/gulp-git set size:155306 disposed:false
7477 silly fetch manifest htmlparser2@3.8.x
7478 silly packumentCache full:https://registry.npmjs.org/htmlparser2 cache-miss
7479 http cache https://registry.npmjs.org/console-browserify 72ms (cache hit)
7480 silly packumentCache full:https://registry.npmjs.org/console-browserify set size:29208 disposed:false
7481 silly fetch manifest minimatch@~3.0.2
7482 silly packumentCache full:https://registry.npmjs.org/minimatch cache-hit
7483 silly fetch manifest strip-json-comments@1.0.x
7484 silly packumentCache full:https://registry.npmjs.org/strip-json-comments cache-hit
7485 http fetch GET 200 https://registry.npmjs.org/fancy-log 226ms (cache miss)
7486 silly packumentCache full:https://registry.npmjs.org/fancy-log set size:undefined disposed:false
7487 http cache https://registry.npmjs.org/exit 100ms (cache hit)
7488 silly packumentCache full:https://registry.npmjs.org/exit set size:14769 disposed:false
7489 http fetch GET 200 https://registry.npmjs.org/map-stream 286ms (cache miss)
7490 silly packumentCache full:https://registry.npmjs.org/map-stream set size:undefined disposed:false
7491 http fetch GET 200 https://registry.npmjs.org/merge-stream 557ms (cache miss)
7492 silly packumentCache full:https://registry.npmjs.org/merge-stream set size:undefined disposed:false
7493 http fetch GET 200 https://registry.npmjs.org/cli 289ms (cache miss)
7494 silly packumentCache full:https://registry.npmjs.org/cli set size:undefined disposed:false
7495 http fetch GET 200 https://registry.npmjs.org/htmlparser2 255ms (cache miss)
7496 silly packumentCache full:https://registry.npmjs.org/htmlparser2 set size:undefined disposed:false
7497 http fetch GET 200 https://registry.npmjs.org/plexer 1122ms (cache miss)
7498 silly packumentCache full:https://registry.npmjs.org/plexer set size:undefined disposed:false
7499 http fetch GET 200 https://registry.npmjs.org/dot-object 1164ms (cache miss)
7500 silly packumentCache full:https://registry.npmjs.org/dot-object set size:undefined disposed:false
7501 http fetch GET 200 https://registry.npmjs.org/any-shell-escape 957ms (cache miss)
7502 silly packumentCache full:https://registry.npmjs.org/any-shell-escape set size:undefined disposed:false
7503 http fetch GET 200 https://registry.npmjs.org/require-dir 1050ms (cache miss)
7504 silly packumentCache full:https://registry.npmjs.org/require-dir set size:undefined disposed:false
7505 silly fetch manifest chai@~1.7.2
7506 silly packumentCache full:https://registry.npmjs.org/chai cache-hit
7507 silly fetch manifest coffee-script@~1.6.3
7508 silly packumentCache full:https://registry.npmjs.org/coffee-script cache-miss
7509 http fetch GET 200 https://registry.npmjs.org/coffee-script 1097ms (cache miss)
7510 silly packumentCache full:https://registry.npmjs.org/coffee-script set size:undefined disposed:false
7511 silly fetch manifest jshint@2.6.3
7512 silly packumentCache full:https://registry.npmjs.org/jshint cache-miss
7513 http cache https://registry.npmjs.org/jshint 16ms (cache hit)
7514 silly packumentCache full:https://registry.npmjs.org/jshint set size:217969 disposed:false
7515 silly fetch manifest mocha@~2.2.1
7516 silly packumentCache full:https://registry.npmjs.org/mocha cache-miss
7517 http cache https://registry.npmjs.org/mocha 29ms (cache hit)
7518 silly packumentCache full:https://registry.npmjs.org/mocha set size:3824074 disposed:false
7519 silly fetch manifest unicode-9.0.0@~0.7.0
7520 silly packumentCache full:https://registry.npmjs.org/unicode-9.0.0 cache-miss
7521 http fetch GET 200 https://registry.npmjs.org/unicode-9.0.0 1115ms (cache miss)
7522 silly packumentCache full:https://registry.npmjs.org/unicode-9.0.0 set size:undefined disposed:false
7523 silly placeDep node_modules/.pnpm/esutils@2.0.3/node_modules/esutils chai@1.7.2 OK for: esutils@2.0.3 want: ~1.7.2
7524 silly placeDep ROOT coffee-script@1.6.3 OK for: esutils@2.0.3 want: ~1.6.3
7525 silly placeDep node_modules/.pnpm/esutils@2.0.3/node_modules/esutils jshint@2.6.3 OK for: esutils@2.0.3 want: 2.6.3
7526 silly placeDep node_modules/.pnpm/esutils@2.0.3/node_modules/esutils mocha@2.2.5 OK for: esutils@2.0.3 want: ~2.2.1
7527 silly placeDep ROOT unicode-9.0.0@0.7.5 OK for: esutils@2.0.3 want: ~0.7.0
7528 silly fetch manifest cli@0.6.x
7529 silly packumentCache full:https://registry.npmjs.org/cli cache-miss
7530 silly fetch manifest minimatch@1.0.x
7531 silly packumentCache full:https://registry.npmjs.org/minimatch cache-hit
7532 silly fetch manifest shelljs@0.3.x
7533 silly packumentCache full:https://registry.npmjs.org/shelljs cache-miss
7534 silly fetch manifest underscore@1.6.x
7535 silly packumentCache full:https://registry.npmjs.org/underscore cache-miss
7536 http cache https://registry.npmjs.org/cli 19ms (cache hit)
7537 silly packumentCache full:https://registry.npmjs.org/cli set size:85698 disposed:false
7538 http cache https://registry.npmjs.org/shelljs 22ms (cache hit)
7539 silly packumentCache full:https://registry.npmjs.org/shelljs set size:136119 disposed:false
7540 http cache https://registry.npmjs.org/underscore 30ms (cache hit)
7541 silly packumentCache full:https://registry.npmjs.org/underscore set size:155400 disposed:false
7542 silly fetch manifest eslint@3.19.0
7543 silly packumentCache full:https://registry.npmjs.org/eslint cache-miss
7544 http cache https://registry.npmjs.org/eslint 20ms (cache hit)
7545 silly packumentCache full:https://registry.npmjs.org/eslint set size:1811205 disposed:false
7546 silly fetch manifest eslint-config-standard@10.2.1
7547 silly packumentCache full:https://registry.npmjs.org/eslint-config-standard cache-hit
7548 silly fetch manifest eslint-plugin-import@2.7.0
7549 silly packumentCache full:https://registry.npmjs.org/eslint-plugin-import cache-hit
7550 silly fetch manifest eslint-plugin-markdown@1.0.0-beta.6
7551 silly packumentCache full:https://registry.npmjs.org/eslint-plugin-markdown cache-hit
7552 silly fetch manifest eslint-plugin-node@5.1.1
7553 silly packumentCache full:https://registry.npmjs.org/eslint-plugin-node cache-hit
7554 silly fetch manifest eslint-plugin-promise@3.5.0
7555 silly packumentCache full:https://registry.npmjs.org/eslint-plugin-promise cache-hit
7556 silly fetch manifest eslint-plugin-standard@3.0.1
7557 silly packumentCache full:https://registry.npmjs.org/eslint-plugin-standard cache-hit
7558 silly fetch manifest mocha@1.21.5
7559 silly packumentCache full:https://registry.npmjs.org/mocha cache-miss
7560 http cache https://registry.npmjs.org/mocha 24ms (cache hit)
7561 silly packumentCache full:https://registry.npmjs.org/mocha set size:3824074 disposed:false
7562 silly fetch manifest safe-buffer@5.1.1
7563 silly packumentCache full:https://registry.npmjs.org/safe-buffer cache-hit
7564 silly fetch manifest seedrandom@2.4.3
7565 silly packumentCache full:https://registry.npmjs.org/seedrandom cache-miss
7566 http fetch GET 200 https://registry.npmjs.org/seedrandom 153ms (cache miss)
7567 silly packumentCache full:https://registry.npmjs.org/seedrandom set size:undefined disposed:false
7568 silly placeDep node_modules/.pnpm/etag@1.8.1/node_modules/etag eslint@3.19.0 OK for: etag@1.8.1 want: 3.19.0
7569 silly placeDep node_modules/.pnpm/etag@1.8.1/node_modules/etag eslint-config-standard@10.2.1 OK for: etag@1.8.1 want: 10.2.1
7570 silly placeDep node_modules/.pnpm/etag@1.8.1/node_modules/etag eslint-plugin-import@2.7.0 OK for: etag@1.8.1 want: 2.7.0
7571 silly placeDep node_modules/.pnpm/etag@1.8.1/node_modules/etag eslint-plugin-markdown@1.0.0-beta.6 OK for: etag@1.8.1 want: 1.0.0-beta.6
7572 silly placeDep node_modules/.pnpm/etag@1.8.1/node_modules/etag eslint-plugin-node@5.1.1 OK for: etag@1.8.1 want: 5.1.1
7573 silly placeDep node_modules/.pnpm/etag@1.8.1/node_modules/etag eslint-plugin-promise@3.5.0 OK for: etag@1.8.1 want: 3.5.0
7574 silly placeDep node_modules/.pnpm/etag@1.8.1/node_modules/etag eslint-plugin-standard@3.0.1 OK for: etag@1.8.1 want: 3.0.1
7575 silly placeDep node_modules/.pnpm/etag@1.8.1/node_modules/etag mocha@1.21.5 OK for: etag@1.8.1 want: 1.21.5
7576 silly placeDep node_modules/.pnpm/etag@1.8.1/node_modules/etag safe-buffer@5.1.1 OK for: etag@1.8.1 want: 5.1.1
7577 silly placeDep ROOT seedrandom@2.4.3 OK for: etag@1.8.1 want: 2.4.3
7578 silly fetch manifest espree@^3.4.0
7579 silly packumentCache full:https://registry.npmjs.org/espree cache-hit
7580 silly fetch manifest ignore@^3.2.0
7581 silly packumentCache full:https://registry.npmjs.org/ignore cache-hit
7582 silly fetch manifest globals@^9.14.0
7583 silly packumentCache full:https://registry.npmjs.org/globals cache-hit
7584 silly fetch manifest shelljs@^0.7.5
7585 silly packumentCache full:https://registry.npmjs.org/shelljs cache-hit
7586 silly fetch manifest doctrine@^2.0.0
7587 silly packumentCache full:https://registry.npmjs.org/doctrine cache-hit
7588 silly fetch manifest strip-bom@^3.0.0
7589 silly packumentCache full:https://registry.npmjs.org/strip-bom cache-miss
7590 silly fetch manifest concat-stream@^1.5.2
7591 silly packumentCache full:https://registry.npmjs.org/concat-stream cache-hit
7592 silly fetch manifest babel-code-frame@^6.16.0
7593 silly packumentCache full:https://registry.npmjs.org/babel-code-frame cache-miss
7594 silly fetch manifest strip-json-comments@~2.0.1
7595 silly packumentCache full:https://registry.npmjs.org/strip-json-comments cache-hit
7596 silly fetch manifest lodash.cond@^4.3.0
7597 silly packumentCache full:https://registry.npmjs.org/lodash.cond cache-miss
7598 silly fetch manifest builtin-modules@^1.1.1
7599 silly packumentCache full:https://registry.npmjs.org/builtin-modules cache-miss
7600 silly fetch manifest ignore@^3.3.3
7601 silly packumentCache full:https://registry.npmjs.org/ignore cache-hit
7602 silly fetch manifest resolve@^1.3.3
7603 silly packumentCache full:https://registry.npmjs.org/resolve cache-hit
7604 silly fetch manifest semver@5.3.0
7605 silly packumentCache full:https://registry.npmjs.org/semver cache-hit
7606 silly fetch manifest diff@1.0.8
7607 silly packumentCache full:https://registry.npmjs.org/diff cache-hit
7608 http cache https://registry.npmjs.org/babel-code-frame 29ms (cache hit)
7609 silly packumentCache full:https://registry.npmjs.org/babel-code-frame set size:83864 disposed:false
7610 http fetch GET 200 https://registry.npmjs.org/strip-bom 110ms (cache miss)
7611 silly packumentCache full:https://registry.npmjs.org/strip-bom set size:undefined disposed:false
7612 http fetch GET 200 https://registry.npmjs.org/builtin-modules 229ms (cache miss)
7613 silly packumentCache full:https://registry.npmjs.org/builtin-modules set size:undefined disposed:false
7614 http fetch GET 200 https://registry.npmjs.org/lodash.cond 1020ms (cache miss)
7615 silly packumentCache full:https://registry.npmjs.org/lodash.cond set size:undefined disposed:false
7616 silly fetch manifest coveralls@^3.1.0
7617 silly packumentCache full:https://registry.npmjs.org/coveralls cache-hit
7618 silly fetch manifest dot@^1.1.2
7619 silly packumentCache full:https://registry.npmjs.org/dot cache-miss
7620 http fetch GET 200 https://registry.npmjs.org/dot 223ms (cache miss)
7621 silly packumentCache full:https://registry.npmjs.org/dot set size:undefined disposed:false
7622 silly fetch manifest eslint@^7.2.0
7623 silly packumentCache full:https://registry.npmjs.org/eslint cache-miss
7624 http cache https://registry.npmjs.org/eslint 18ms (cache hit)
7625 silly packumentCache full:https://registry.npmjs.org/eslint set size:1811205 disposed:false
7626 silly fetch manifest mocha@^7.2.0
7627 silly packumentCache full:https://registry.npmjs.org/mocha cache-miss
7628 http cache https://registry.npmjs.org/mocha 29ms (cache hit)
7629 silly packumentCache full:https://registry.npmjs.org/mocha set size:3824074 disposed:false
7630 silly fetch manifest react@^16.12.0
7631 silly packumentCache full:https://registry.npmjs.org/react cache-miss
7632 http fetch GET 200 https://registry.npmjs.org/react 536ms (cache miss)
7633 silly packumentCache full:https://registry.npmjs.org/react set size:undefined disposed:false
7634 silly fetch manifest react-test-renderer@^16.12.0
7635 silly packumentCache full:https://registry.npmjs.org/react-test-renderer cache-miss
7636 http fetch GET 200 https://registry.npmjs.org/react-test-renderer 357ms (cache miss)
7637 silly packumentCache full:https://registry.npmjs.org/react-test-renderer set size:undefined disposed:false
7638 silly fetch manifest sinon@^9.0.2
7639 silly packumentCache full:https://registry.npmjs.org/sinon cache-miss
7640 http fetch GET 200 https://registry.npmjs.org/sinon 159ms (cache revalidated)
7641 silly packumentCache full:https://registry.npmjs.org/sinon set size:2959753 disposed:false
7642 silly fetch manifest typescript@^3.9.5
7643 silly packumentCache full:https://registry.npmjs.org/typescript cache-miss
7644 http cache https://registry.npmjs.org/typescript 68ms (cache hit)
7645 silly packumentCache full:https://registry.npmjs.org/typescript set size:14432499 disposed:false
7646 silly placeDep node_modules/.pnpm/fast-deep-equal@3.1.3/node_modules/fast-deep-equal coveralls@3.1.1 OK for: fast-deep-equal@3.1.3 want: ^3.1.0
7647 silly placeDep ROOT dot@1.1.3 OK for: fast-deep-equal@3.1.3 want: ^1.1.2
7648 silly placeDep node_modules/.pnpm/fast-deep-equal@3.1.3/node_modules/fast-deep-equal eslint@7.32.0 OK for: fast-deep-equal@3.1.3 want: ^7.2.0
7649 silly placeDep node_modules/.pnpm/fast-deep-equal@3.1.3/node_modules/fast-deep-equal mocha@7.2.0 OK for: fast-deep-equal@3.1.3 want: ^7.2.0
7650 silly placeDep node_modules/.pnpm/fast-deep-equal@3.1.3/node_modules/fast-deep-equal react@16.14.0 OK for: fast-deep-equal@3.1.3 want: ^16.12.0
7651 silly placeDep ROOT react-test-renderer@16.14.0 OK for: fast-deep-equal@3.1.3 want: ^16.12.0
7652 silly placeDep node_modules/.pnpm/fast-deep-equal@3.1.3/node_modules/fast-deep-equal sinon@9.2.4 OK for: fast-deep-equal@3.1.3 want: ^9.0.2
7653 silly placeDep node_modules/.pnpm/fast-deep-equal@3.1.3/node_modules/fast-deep-equal typescript@3.9.10 OK for: fast-deep-equal@3.1.3 want: ^3.9.5
7654 silly fetch manifest mkdirp@0.5.5
7655 silly packumentCache full:https://registry.npmjs.org/mkdirp cache-hit
7656 silly fetch manifest chokidar@3.3.0
7657 silly packumentCache full:https://registry.npmjs.org/chokidar cache-hit
7658 silly fetch manifest log-symbols@3.0.0
7659 silly packumentCache full:https://registry.npmjs.org/log-symbols cache-hit
7660 silly fetch manifest node-environment-flags@1.0.6
7661 silly packumentCache full:https://registry.npmjs.org/node-environment-flags cache-hit
7662 silly fetch manifest loose-envify@^1.1.0
7663 silly packumentCache full:https://registry.npmjs.org/loose-envify cache-miss
7664 silly fetch manifest object-assign@^4.1.1
7665 silly packumentCache full:https://registry.npmjs.org/object-assign cache-miss
7666 silly fetch manifest react-is@^16.8.6
7667 silly packumentCache full:https://registry.npmjs.org/react-is cache-miss
7668 silly fetch manifest scheduler@^0.19.1
7669 silly packumentCache full:https://registry.npmjs.org/scheduler cache-miss
7670 silly fetch manifest prop-types@^15.6.2
7671 silly packumentCache full:https://registry.npmjs.org/prop-types cache-miss
7672 silly fetch manifest object-assign@^4.1.1
7673 silly packumentCache full:https://registry.npmjs.org/object-assign cache-miss
7674 silly fetch manifest nise@^4.0.4
7675 silly packumentCache full:https://registry.npmjs.org/nise cache-hit
7676 silly fetch manifest supports-color@^7.1.0
7677 silly packumentCache full:https://registry.npmjs.org/supports-color cache-hit
7678 silly fetch manifest @sinonjs/samsam@^5.3.1
7679 silly packumentCache full:https://registry.npmjs.org/@sinonjs%2fsamsam cache-hit
7680 silly fetch manifest @sinonjs/commons@^1.8.1
7681 silly packumentCache full:https://registry.npmjs.org/@sinonjs%2fcommons cache-hit
7682 silly fetch manifest @sinonjs/fake-timers@^6.0.1
7683 silly packumentCache full:https://registry.npmjs.org/@sinonjs%2ffake-timers cache-hit
7684 http cache https://registry.npmjs.org/object-assign 59ms (cache hit)
7685 silly packumentCache full:https://registry.npmjs.org/object-assign set size:28988 disposed:false
7686 http cache https://registry.npmjs.org/object-assign 46ms (cache hit)
7687 silly packumentCache full:https://registry.npmjs.org/object-assign set size:28988 disposed:false
7688 silly packumentCache full:https://registry.npmjs.org/object-assign dispose
7689 http fetch GET 200 https://registry.npmjs.org/loose-envify 108ms (cache miss)
7690 silly packumentCache full:https://registry.npmjs.org/loose-envify set size:undefined disposed:false
7691 http fetch GET 200 https://registry.npmjs.org/prop-types 210ms (cache miss)
7692 silly packumentCache full:https://registry.npmjs.org/prop-types set size:undefined disposed:false
7693 http fetch GET 200 https://registry.npmjs.org/react-is 395ms (cache miss)
7694 silly packumentCache full:https://registry.npmjs.org/react-is set size:undefined disposed:false
7695 http fetch GET 200 https://registry.npmjs.org/scheduler 508ms (cache miss)
7696 silly packumentCache full:https://registry.npmjs.org/scheduler set size:undefined disposed:false
7697 silly fetch manifest coveralls@^3.0.0
7698 silly packumentCache full:https://registry.npmjs.org/coveralls cache-hit
7699 silly fetch manifest eslint@^6.7.0
7700 silly packumentCache full:https://registry.npmjs.org/eslint cache-miss
7701 http cache https://registry.npmjs.org/eslint 39ms (cache hit)
7702 silly packumentCache full:https://registry.npmjs.org/eslint set size:1811205 disposed:false
7703 silly fetch manifest fast-stable-stringify@latest
7704 silly packumentCache full:https://registry.npmjs.org/fast-stable-stringify cache-miss
7705 http fetch GET 200 https://registry.npmjs.org/fast-stable-stringify 1029ms (cache miss)
7706 silly packumentCache full:https://registry.npmjs.org/fast-stable-stringify set size:undefined disposed:false
7707 silly fetch manifest faster-stable-stringify@latest
7708 silly packumentCache full:https://registry.npmjs.org/faster-stable-stringify cache-miss
7709 http fetch GET 200 https://registry.npmjs.org/faster-stable-stringify 4224ms (cache miss)
7710 silly packumentCache full:https://registry.npmjs.org/faster-stable-stringify set size:undefined disposed:false
7711 silly fetch manifest json-stable-stringify@latest
7712 silly packumentCache full:https://registry.npmjs.org/json-stable-stringify cache-hit
7713 silly fetch manifest nyc@^14.1.0
7714 silly packumentCache full:https://registry.npmjs.org/nyc cache-hit
7715 silly fetch manifest tape@^4.11.0
7716 silly packumentCache full:https://registry.npmjs.org/tape cache-hit
7717 silly placeDep node_modules/.pnpm/fast-json-stable-stringify@2.1.0/node_modules/fast-json-stable-stringify coveralls@3.1.1 OK for: fast-json-stable-stringify@2.1.0 want: ^3.0.0
7718 silly placeDep node_modules/.pnpm/fast-json-stable-stringify@2.1.0/node_modules/fast-json-stable-stringify eslint@6.8.0 OK for: fast-json-stable-stringify@2.1.0 want: ^6.7.0
7719 silly placeDep ROOT fast-stable-stringify@1.0.0 OK for: fast-json-stable-stringify@2.1.0 want: latest
7720 silly placeDep ROOT faster-stable-stringify@1.0.0 OK for: fast-json-stable-stringify@2.1.0 want: latest
7721 silly placeDep ROOT json-stable-stringify@1.3.0 OK for: fast-json-stable-stringify@2.1.0 want: latest
7722 silly placeDep node_modules/.pnpm/fast-json-stable-stringify@2.1.0/node_modules/fast-json-stable-stringify nyc@14.1.1 OK for: fast-json-stable-stringify@2.1.0 want: ^14.1.0
7723 silly placeDep node_modules/.pnpm/fast-json-stable-stringify@2.1.0/node_modules/fast-json-stable-stringify tape@4.17.0 OK for: fast-json-stable-stringify@2.1.0 want: ^4.11.0
7724 silly fetch manifest espree@^6.1.2
7725 silly packumentCache full:https://registry.npmjs.org/espree cache-hit
7726 silly fetch manifest globals@^12.1.0
7727 silly packumentCache full:https://registry.npmjs.org/globals cache-hit
7728 silly fetch manifest inquirer@^7.0.0
7729 silly packumentCache full:https://registry.npmjs.org/inquirer cache-hit
7730 silly fetch manifest optionator@^0.8.3
7731 silly packumentCache full:https://registry.npmjs.org/optionator cache-hit
7732 silly fetch manifest glob-parent@^5.0.0
7733 silly packumentCache full:https://registry.npmjs.org/glob-parent cache-hit
7734 silly fetch manifest eslint-scope@^5.0.0
7735 silly packumentCache full:https://registry.npmjs.org/eslint-scope cache-hit
7736 silly fetch manifest eslint-utils@^1.4.3
7737 silly packumentCache full:https://registry.npmjs.org/eslint-utils cache-hit
7738 silly fetch manifest strip-json-comments@^3.0.1
7739 silly packumentCache full:https://registry.npmjs.org/strip-json-comments cache-hit
7740 silly fetch manifest call-bind@^1.0.8
7741 silly packumentCache full:https://registry.npmjs.org/call-bind cache-miss
7742 silly fetch manifest call-bound@^1.0.4
7743 silly packumentCache full:https://registry.npmjs.org/call-bound cache-miss
7744 silly fetch manifest jsonify@^0.0.1
7745 silly packumentCache full:https://registry.npmjs.org/jsonify cache-miss
7746 silly fetch manifest yargs@^13.2.2
7747 silly packumentCache full:https://registry.npmjs.org/yargs cache-hit
7748 silly fetch manifest cp-file@^6.2.0
7749 silly packumentCache full:https://registry.npmjs.org/cp-file cache-miss
7750 silly fetch manifest spawn-wrap@^1.4.2
7751 silly packumentCache full:https://registry.npmjs.org/spawn-wrap cache-miss
7752 silly fetch manifest test-exclude@^5.2.3
7753 silly packumentCache full:https://registry.npmjs.org/test-exclude cache-hit
7754 silly fetch manifest yargs-parser@^13.0.0
7755 silly packumentCache full:https://registry.npmjs.org/yargs-parser cache-hit
7756 silly fetch manifest find-cache-dir@^2.1.0
7757 silly packumentCache full:https://registry.npmjs.org/find-cache-dir cache-hit
7758 silly fetch manifest foreground-child@^1.5.6
7759 silly packumentCache full:https://registry.npmjs.org/foreground-child cache-hit
7760 silly fetch manifest istanbul-reports@^2.2.4
7761 silly packumentCache full:https://registry.npmjs.org/istanbul-reports cache-hit
7762 silly fetch manifest merge-source-map@^1.1.0
7763 silly packumentCache full:https://registry.npmjs.org/merge-source-map cache-miss
7764 silly fetch manifest caching-transform@^3.0.2
7765 silly packumentCache full:https://registry.npmjs.org/caching-transform cache-miss
7766 silly fetch manifest istanbul-lib-hook@^2.0.7
7767 silly packumentCache full:https://registry.npmjs.org/istanbul-lib-hook cache-miss
7768 silly fetch manifest istanbul-lib-report@^2.0.8
7769 silly packumentCache full:https://registry.npmjs.org/istanbul-lib-report cache-hit
7770 silly fetch manifest istanbul-lib-coverage@^2.0.5
7771 silly packumentCache full:https://registry.npmjs.org/istanbul-lib-coverage cache-hit
7772 silly fetch manifest istanbul-lib-instrument@^3.3.0
7773 silly packumentCache full:https://registry.npmjs.org/istanbul-lib-instrument cache-miss
7774 silly fetch manifest istanbul-lib-source-maps@^3.0.6
7775 silly packumentCache full:https://registry.npmjs.org/istanbul-lib-source-maps cache-miss
7776 http cache https://registry.npmjs.org/spawn-wrap 45ms (cache hit)
7777 silly packumentCache full:https://registry.npmjs.org/spawn-wrap set size:71127 disposed:false
7778 http cache https://registry.npmjs.org/call-bind 57ms (cache hit)
7779 silly packumentCache full:https://registry.npmjs.org/call-bind set size:30096 disposed:false
7780 http cache https://registry.npmjs.org/call-bound 57ms (cache hit)
7781 silly packumentCache full:https://registry.npmjs.org/call-bound set size:15317 disposed:false
7782 http cache https://registry.npmjs.org/jsonify 59ms (cache hit)
7783 silly packumentCache full:https://registry.npmjs.org/jsonify set size:7719 disposed:false
7784 http cache https://registry.npmjs.org/caching-transform 48ms (cache hit)
7785 silly packumentCache full:https://registry.npmjs.org/caching-transform set size:28261 disposed:false
7786 http cache https://registry.npmjs.org/istanbul-lib-hook 51ms (cache hit)
7787 silly packumentCache full:https://registry.npmjs.org/istanbul-lib-hook set size:65003 disposed:false
7788 http cache https://registry.npmjs.org/istanbul-lib-source-maps 50ms (cache hit)
7789 silly packumentCache full:https://registry.npmjs.org/istanbul-lib-source-maps set size:104683 disposed:false
7790 http cache https://registry.npmjs.org/istanbul-lib-instrument 56ms (cache hit)
7791 silly packumentCache full:https://registry.npmjs.org/istanbul-lib-instrument set size:219175 disposed:false
7792 http fetch GET 200 https://registry.npmjs.org/merge-source-map 1012ms (cache miss)
7793 silly packumentCache full:https://registry.npmjs.org/merge-source-map set size:undefined disposed:false
7794 http fetch GET 200 https://registry.npmjs.org/cp-file 1046ms (cache miss)
7795 silly packumentCache full:https://registry.npmjs.org/cp-file set size:undefined disposed:false
7796 silly fetch manifest chai@~1.5.0
7797 silly packumentCache full:https://registry.npmjs.org/chai cache-hit
7798 silly fetch manifest grunt@~0.4.1
7799 silly packumentCache full:https://registry.npmjs.org/grunt cache-hit
7800 silly fetch manifest grunt-benchmark@~0.2.0
7801 silly packumentCache full:https://registry.npmjs.org/grunt-benchmark cache-miss
7802 http fetch GET 200 https://registry.npmjs.org/grunt-benchmark 1059ms (cache miss)
7803 silly packumentCache full:https://registry.npmjs.org/grunt-benchmark set size:undefined disposed:false
7804 silly fetch manifest grunt-contrib-jshint@~0.4.3
7805 silly packumentCache full:https://registry.npmjs.org/grunt-contrib-jshint cache-miss
7806 http fetch GET 200 https://registry.npmjs.org/grunt-contrib-jshint 1015ms (cache miss)
7807 silly packumentCache full:https://registry.npmjs.org/grunt-contrib-jshint set size:undefined disposed:false
7808 silly fetch manifest grunt-contrib-uglify@~0.2.0
7809 silly packumentCache full:https://registry.npmjs.org/grunt-contrib-uglify cache-hit
7810 silly fetch manifest grunt-mocha-test@~0.2.2
7811 silly packumentCache full:https://registry.npmjs.org/grunt-mocha-test cache-miss
7812 http cache https://registry.npmjs.org/grunt-mocha-test 10ms (cache hit)
7813 silly packumentCache full:https://registry.npmjs.org/grunt-mocha-test set size:91815 disposed:false
7814 silly fetch manifest grunt-npm-install@~0.1.0
7815 silly packumentCache full:https://registry.npmjs.org/grunt-npm-install cache-miss
7816 http fetch GET 200 https://registry.npmjs.org/grunt-npm-install 956ms (cache miss)
7817 silly packumentCache full:https://registry.npmjs.org/grunt-npm-install set size:undefined disposed:false
7818 silly fetch manifest load-grunt-tasks@~0.6.0
7819 silly packumentCache full:https://registry.npmjs.org/load-grunt-tasks cache-miss
7820 http fetch GET 200 https://registry.npmjs.org/load-grunt-tasks 993ms (cache miss)
7821 silly packumentCache full:https://registry.npmjs.org/load-grunt-tasks set size:undefined disposed:false
7822 silly fetch manifest mocha@~1.9.0
7823 silly packumentCache full:https://registry.npmjs.org/mocha cache-miss
7824 http cache https://registry.npmjs.org/mocha 23ms (cache hit)
7825 silly packumentCache full:https://registry.npmjs.org/mocha set size:3824074 disposed:false
7826 silly placeDep node_modules/.pnpm/fast-levenshtein@2.0.6/node_modules/fast-levenshtein chai@1.5.0 OK for: fast-levenshtein@2.0.6 want: ~1.5.0
7827 silly placeDep node_modules/.pnpm/fast-levenshtein@2.0.6/node_modules/fast-levenshtein grunt@0.4.5 OK for: fast-levenshtein@2.0.6 want: ~0.4.1
7828 silly placeDep ROOT grunt-benchmark@0.2.0 OK for: fast-levenshtein@2.0.6 want: ~0.2.0
7829 silly placeDep ROOT grunt-contrib-jshint@0.4.3 OK for: fast-levenshtein@2.0.6 want: ~0.4.3
7830 silly placeDep node_modules/.pnpm/fast-levenshtein@2.0.6/node_modules/fast-levenshtein grunt-contrib-uglify@0.2.7 OK for: fast-levenshtein@2.0.6 want: ~0.2.0
7831 silly placeDep node_modules/.pnpm/fast-levenshtein@2.0.6/node_modules/fast-levenshtein grunt-mocha-test@0.2.2 OK for: fast-levenshtein@2.0.6 want: ~0.2.2
7832 silly placeDep ROOT grunt-npm-install@0.1.0 OK for: fast-levenshtein@2.0.6 want: ~0.1.0
7833 silly placeDep ROOT load-grunt-tasks@0.6.0 OK for: fast-levenshtein@2.0.6 want: ~0.6.0
7834 silly placeDep node_modules/.pnpm/fast-levenshtein@2.0.6/node_modules/fast-levenshtein mocha@1.9.0 OK for: fast-levenshtein@2.0.6 want: ~1.9.0
7835 silly fetch manifest exit@~0.1.1
7836 silly packumentCache full:https://registry.npmjs.org/exit cache-hit
7837 silly fetch manifest glob@~3.1.21
7838 silly packumentCache full:https://registry.npmjs.org/glob cache-hit
7839 silly fetch manifest nopt@~1.0.10
7840 silly packumentCache full:https://registry.npmjs.org/nopt cache-hit
7841 silly fetch manifest async@~0.1.22
7842 silly packumentCache full:https://registry.npmjs.org/async cache-hit
7843 silly fetch manifest which@~1.0.5
7844 silly packumentCache full:https://registry.npmjs.org/which cache-hit
7845 silly fetch manifest colors@~0.6.2
7846 silly packumentCache full:https://registry.npmjs.org/colors cache-hit
7847 silly fetch manifest hooker@~0.2.3
7848 silly packumentCache full:https://registry.npmjs.org/hooker cache-miss
7849 silly fetch manifest lodash@~0.9.2
7850 silly packumentCache full:https://registry.npmjs.org/lodash cache-hit
7851 silly fetch manifest rimraf@~2.2.8
7852 silly packumentCache full:https://registry.npmjs.org/rimraf cache-hit
7853 silly fetch manifest js-yaml@~2.0.5
7854 silly packumentCache full:https://registry.npmjs.org/js-yaml cache-hit
7855 silly fetch manifest getobject@~0.1.0
7856 silly packumentCache full:https://registry.npmjs.org/getobject cache-miss
7857 silly fetch manifest minimatch@~0.2.12
7858 silly packumentCache full:https://registry.npmjs.org/minimatch cache-hit
7859 silly fetch manifest dateformat@1.0.2-1.2.3
7860 silly packumentCache full:https://registry.npmjs.org/dateformat cache-hit
7861 silly fetch manifest iconv-lite@~0.2.11
7862 silly packumentCache full:https://registry.npmjs.org/iconv-lite cache-hit
7863 silly fetch manifest findup-sync@~0.1.2
7864 silly packumentCache full:https://registry.npmjs.org/findup-sync cache-hit
7865 silly fetch manifest coffee-script@~1.3.3
7866 silly packumentCache full:https://registry.npmjs.org/coffee-script cache-miss
7867 silly fetch manifest grunt-legacy-log@~0.1.0
7868 silly packumentCache full:https://registry.npmjs.org/grunt-legacy-log cache-miss
7869 silly fetch manifest grunt-legacy-util@~0.2.0
7870 silly packumentCache full:https://registry.npmjs.org/grunt-legacy-util cache-miss
7871 silly fetch manifest underscore.string@~2.2.1
7872 silly packumentCache full:https://registry.npmjs.org/underscore.string cache-miss
7873 silly fetch manifest benchmark@~1.0.0
7874 silly packumentCache full:https://registry.npmjs.org/benchmark cache-hit
7875 silly fetch manifest jshint@~1.1.0
7876 silly packumentCache full:https://registry.npmjs.org/jshint cache-hit
7877 silly fetch manifest uglify-js@~2.4.0
7878 silly packumentCache full:https://registry.npmjs.org/uglify-js cache-hit
7879 silly fetch manifest grunt-lib-contrib@~0.6.1
7880 silly packumentCache full:https://registry.npmjs.org/grunt-lib-contrib cache-miss
7881 silly fetch manifest npm@~1.3.9
7882 silly packumentCache full:https://registry.npmjs.org/npm cache-miss
7883 silly fetch manifest findup-sync@^0.1.2
7884 silly packumentCache full:https://registry.npmjs.org/findup-sync cache-hit
7885 silly fetch manifest multimatch@^0.3.0
7886 silly packumentCache full:https://registry.npmjs.org/multimatch cache-hit
7887 silly fetch manifest ms@0.3.0
7888 silly packumentCache full:https://registry.npmjs.org/ms cache-hit
7889 silly fetch manifest diff@1.0.2
7890 silly packumentCache full:https://registry.npmjs.org/diff cache-hit
7891 silly fetch manifest growl@1.7.x
7892 silly packumentCache full:https://registry.npmjs.org/growl cache-hit
7893 silly fetch manifest mkdirp@0.3.3
7894 silly packumentCache full:https://registry.npmjs.org/mkdirp cache-hit
7895 silly fetch manifest commander@0.6.1
7896 silly packumentCache full:https://registry.npmjs.org/commander cache-hit
7897 http cache https://registry.npmjs.org/coffee-script 47ms (cache hit)
7898 silly packumentCache full:https://registry.npmjs.org/coffee-script set size:74177 disposed:false
7899 http cache https://registry.npmjs.org/hooker 63ms (cache hit)
7900 silly packumentCache full:https://registry.npmjs.org/hooker set size:8353 disposed:false
7901 http cache https://registry.npmjs.org/grunt-legacy-log 53ms (cache hit)
7902 silly packumentCache full:https://registry.npmjs.org/grunt-legacy-log set size:21240 disposed:false
7903 http cache https://registry.npmjs.org/grunt-legacy-util 49ms (cache hit)
7904 silly packumentCache full:https://registry.npmjs.org/grunt-legacy-util set size:24151 disposed:false
7905 http cache https://registry.npmjs.org/underscore.string 51ms (cache hit)
7906 silly packumentCache full:https://registry.npmjs.org/underscore.string set size:102364 disposed:false
7907 http fetch GET 200 https://registry.npmjs.org/getobject 1158ms (cache miss)
7908 silly packumentCache full:https://registry.npmjs.org/getobject set size:undefined disposed:false
7909 http fetch GET 200 https://registry.npmjs.org/grunt-lib-contrib 1180ms (cache miss)
7910 silly packumentCache full:https://registry.npmjs.org/grunt-lib-contrib set size:undefined disposed:false
7911 http fetch GET 200 https://registry.npmjs.org/npm 1315ms (cache miss)
7912 silly packumentCache full:https://registry.npmjs.org/npm set size:undefined disposed:false
7913 silly fetch manifest @rollup/plugin-babel@^6.0.4
7914 silly packumentCache full:https://registry.npmjs.org/@rollup%2fplugin-babel cache-miss
7915 http fetch GET 200 https://registry.npmjs.org/@rollup%2fplugin-babel 558ms (cache miss)
7916 silly packumentCache full:https://registry.npmjs.org/@rollup%2fplugin-babel set size:undefined disposed:false
7917 silly fetch manifest @rollup/plugin-terser@^0.4.4
7918 silly packumentCache full:https://registry.npmjs.org/@rollup%2fplugin-terser cache-miss
7919 http fetch GET 200 https://registry.npmjs.org/@rollup%2fplugin-terser 512ms (cache miss)
7920 silly packumentCache full:https://registry.npmjs.org/@rollup%2fplugin-terser set size:undefined disposed:false
7921 silly fetch manifest @ungap/structured-clone@^1.3.0
7922 silly packumentCache full:https://registry.npmjs.org/@ungap%2fstructured-clone cache-miss
7923 http cache https://registry.npmjs.org/@ungap%2fstructured-clone 10ms (cache hit)
7924 silly packumentCache full:https://registry.npmjs.org/@ungap%2fstructured-clone set size:55958 disposed:false
7925 silly fetch manifest ascjs@^6.0.3
7926 silly packumentCache full:https://registry.npmjs.org/ascjs cache-miss
7927 http fetch GET 200 https://registry.npmjs.org/ascjs 1083ms (cache miss)
7928 silly packumentCache full:https://registry.npmjs.org/ascjs set size:undefined disposed:false
7929 silly fetch manifest circular-json@^0.5.9
7930 silly packumentCache full:https://registry.npmjs.org/circular-json cache-miss
7931 http fetch GET 200 https://registry.npmjs.org/circular-json 216ms (cache miss)
7932 silly packumentCache full:https://registry.npmjs.org/circular-json set size:undefined disposed:false
7933 silly fetch manifest circular-json-es6@^2.0.2
7934 silly packumentCache full:https://registry.npmjs.org/circular-json-es6 cache-miss
7935 http fetch GET 200 https://registry.npmjs.org/circular-json-es6 995ms (cache miss)
7936 silly packumentCache full:https://registry.npmjs.org/circular-json-es6 set size:undefined disposed:false
7937 silly fetch manifest jsan@^3.1.14
7938 silly packumentCache full:https://registry.npmjs.org/jsan cache-miss
7939 http fetch GET 200 https://registry.npmjs.org/jsan 1053ms (cache miss)
7940 silly packumentCache full:https://registry.npmjs.org/jsan set size:undefined disposed:false
7941 silly fetch manifest rollup@^4.34.8
7942 silly packumentCache full:https://registry.npmjs.org/rollup cache-miss
7943 http cache https://registry.npmjs.org/rollup 36ms (cache hit)
7944 silly packumentCache full:https://registry.npmjs.org/rollup set size:5608194 disposed:false
7945 silly fetch manifest terser@^5.39.0
7946 silly packumentCache full:https://registry.npmjs.org/terser cache-miss
7947 http fetch GET 200 https://registry.npmjs.org/terser 142ms (cache miss)
7948 silly packumentCache full:https://registry.npmjs.org/terser set size:undefined disposed:false
7949 silly placeDep ROOT @rollup/plugin-babel@6.0.4 OK for: flatted@3.3.3 want: ^6.0.4
7950 silly placeDep ROOT @rollup/plugin-terser@0.4.4 OK for: flatted@3.3.3 want: ^0.4.4
7951 silly placeDep ROOT @ungap/structured-clone@1.3.0 OK for: flatted@3.3.3 want: ^1.3.0
7952 silly placeDep ROOT ascjs@6.0.3 OK for: flatted@3.3.3 want: ^6.0.3
7953 silly placeDep ROOT circular-json@0.5.9 OK for: flatted@3.3.3 want: ^0.5.9
7954 silly placeDep ROOT circular-json-es6@2.0.2 OK for: flatted@3.3.3 want: ^2.0.2
7955 silly placeDep ROOT jsan@3.1.14 OK for: flatted@3.3.3 want: ^3.1.14
7956 silly placeDep node_modules/.pnpm/flatted@3.3.3/node_modules/flatted rollup@4.45.1 OK for: flatted@3.3.3 want: ^4.34.8
7957 silly placeDep ROOT terser@5.43.1 OK for: flatted@3.3.3 want: ^5.39.0
7958 silly fetch manifest @babel/helper-module-imports@^7.18.6
7959 silly packumentCache full:https://registry.npmjs.org/@babel%2fhelper-module-imports cache-hit
7960 silly fetch manifest @rollup/pluginutils@^5.0.1
7961 silly packumentCache full:https://registry.npmjs.org/@rollup%2fpluginutils cache-miss
7962 silly fetch manifest serialize-javascript@^6.0.1
7963 silly packumentCache full:https://registry.npmjs.org/serialize-javascript cache-hit
7964 silly fetch manifest smob@^1.0.0
7965 silly packumentCache full:https://registry.npmjs.org/smob cache-miss
7966 silly fetch manifest terser@^5.17.4
7967 silly packumentCache full:https://registry.npmjs.org/terser cache-miss
7968 silly fetch manifest @babel/parser@^7.12.5
7969 silly packumentCache full:https://registry.npmjs.org/@babel%2fparser cache-hit
7970 silly fetch manifest @jridgewell/source-map@^0.3.3
7971 silly packumentCache full:https://registry.npmjs.org/@jridgewell%2fsource-map cache-miss
7972 silly fetch manifest acorn@^8.14.0
7973 silly packumentCache full:https://registry.npmjs.org/acorn cache-hit
7974 silly fetch manifest commander@^2.20.0
7975 silly packumentCache full:https://registry.npmjs.org/commander cache-hit
7976 http cache https://registry.npmjs.org/terser 26ms (cache hit)
7977 silly packumentCache full:https://registry.npmjs.org/terser set size:773562 disposed:false
7978 http fetch GET 200 https://registry.npmjs.org/smob 174ms (cache miss)
7979 silly packumentCache full:https://registry.npmjs.org/smob set size:undefined disposed:false
7980 http fetch GET 200 https://registry.npmjs.org/@jridgewell%2fsource-map 415ms (cache miss)
7981 silly packumentCache full:https://registry.npmjs.org/@jridgewell%2fsource-map set size:undefined disposed:false
7982 http fetch GET 200 https://registry.npmjs.org/@rollup%2fpluginutils 600ms (cache miss)
7983 silly packumentCache full:https://registry.npmjs.org/@rollup%2fpluginutils set size:undefined disposed:false
7984 silly fetch manifest concat-stream@^2.0.0
7985 silly packumentCache full:https://registry.npmjs.org/concat-stream cache-hit
7986 silly fetch manifest express@^4.16.4
7987 silly packumentCache full:https://registry.npmjs.org/express cache-miss
7988 http cache https://registry.npmjs.org/express 14ms (cache hit)
7989 silly packumentCache full:https://registry.npmjs.org/express set size:787101 disposed:false
7990 silly fetch manifest lolex@^3.1.0
7991 silly packumentCache full:https://registry.npmjs.org/lolex cache-miss
7992 http fetch GET 200 https://registry.npmjs.org/lolex 360ms (cache miss)
7993 silly packumentCache full:https://registry.npmjs.org/lolex set size:undefined disposed:false
7994 silly fetch manifest nyc@^14.1.1
7995 silly packumentCache full:https://registry.npmjs.org/nyc cache-hit
7996 silly placeDep ROOT concat-stream@2.0.0 OK for: follow-redirects@1.15.9 want: ^2.0.0
7997 silly placeDep node_modules/.pnpm/follow-redirects@1.15.9/node_modules/follow-redirects eslint@5.16.0 OK for: follow-redirects@1.15.9 want: ^5.16.0
7998 silly placeDep node_modules/.pnpm/follow-redirects@1.15.9/node_modules/follow-redirects express@4.21.2 OK for: follow-redirects@1.15.9 want: ^4.16.4
7999 silly placeDep ROOT lolex@3.1.0 OK for: follow-redirects@1.15.9 want: ^3.1.0
8000 silly placeDep node_modules/.pnpm/follow-redirects@1.15.9/node_modules/follow-redirects mocha@6.2.3 OK for: follow-redirects@1.15.9 want: ^6.0.2
8001 silly placeDep node_modules/.pnpm/follow-redirects@1.15.9/node_modules/follow-redirects nyc@14.1.1 OK for: follow-redirects@1.15.9 want: ^14.1.1
8002 silly fetch manifest inherits@^2.0.3
8003 silly packumentCache full:https://registry.npmjs.org/inherits cache-hit
8004 silly fetch manifest readable-stream@^3.0.2
8005 silly packumentCache full:https://registry.npmjs.org/readable-stream cache-miss
8006 silly fetch manifest typedarray@^0.0.6
8007 silly packumentCache full:https://registry.npmjs.org/typedarray cache-miss
8008 silly fetch manifest qs@6.13.0
8009 silly packumentCache full:https://registry.npmjs.org/qs cache-miss
8010 silly fetch manifest depd@2.0.0
8011 silly packumentCache full:https://registry.npmjs.org/depd cache-miss
8012 silly fetch manifest send@0.19.0
8013 silly packumentCache full:https://registry.npmjs.org/send cache-miss
8014 silly fetch manifest vary@~1.1.2
8015 silly packumentCache full:https://registry.npmjs.org/vary cache-miss
8016 silly fetch manifest debug@2.6.9
8017 silly packumentCache full:https://registry.npmjs.org/debug cache-hit
8018 silly fetch manifest fresh@0.5.2
8019 silly packumentCache full:https://registry.npmjs.org/fresh cache-miss
8020 silly fetch manifest cookie@0.7.1
8021 silly packumentCache full:https://registry.npmjs.org/cookie cache-miss
8022 silly fetch manifest accepts@~1.3.8
8023 silly packumentCache full:https://registry.npmjs.org/accepts cache-miss
8024 silly fetch manifest methods@~1.1.2
8025 silly packumentCache full:https://registry.npmjs.org/methods cache-miss
8026 silly fetch manifest type-is@~1.6.18
8027 silly packumentCache full:https://registry.npmjs.org/type-is cache-miss
8028 http cache https://registry.npmjs.org/qs 38ms (cache hit)
8029 silly packumentCache full:https://registry.npmjs.org/qs set size:264677 disposed:false
8030 silly fetch manifest parseurl@~1.3.3
8031 silly packumentCache full:https://registry.npmjs.org/parseurl cache-miss
8032 http cache https://registry.npmjs.org/readable-stream 53ms (cache hit)
8033 silly packumentCache full:https://registry.npmjs.org/readable-stream set size:261096 disposed:false
8034 silly fetch manifest statuses@2.0.1
8035 silly packumentCache full:https://registry.npmjs.org/statuses cache-miss
8036 http fetch GET 200 https://registry.npmjs.org/depd 132ms (cache miss)
8037 silly packumentCache full:https://registry.npmjs.org/depd set size:undefined disposed:false
8038 silly fetch manifest encodeurl@~2.0.0
8039 silly packumentCache full:https://registry.npmjs.org/encodeurl cache-miss
8040 http fetch GET 200 https://registry.npmjs.org/fresh 134ms (cache miss)
8041 silly packumentCache full:https://registry.npmjs.org/fresh set size:undefined disposed:false
8042 silly fetch manifest proxy-addr@~2.0.7
8043 silly packumentCache full:https://registry.npmjs.org/proxy-addr cache-miss
8044 http fetch GET 200 https://registry.npmjs.org/vary 144ms (cache miss)
8045 silly packumentCache full:https://registry.npmjs.org/vary set size:undefined disposed:false
8046 silly fetch manifest body-parser@1.20.3
8047 silly packumentCache full:https://registry.npmjs.org/body-parser cache-hit
8048 silly fetch manifest escape-html@~1.0.3
8049 silly packumentCache full:https://registry.npmjs.org/escape-html cache-miss
8050 http fetch GET 200 https://registry.npmjs.org/cookie 150ms (cache miss)
8051 silly packumentCache full:https://registry.npmjs.org/cookie set size:undefined disposed:false
8052 silly fetch manifest http-errors@2.0.0
8053 silly packumentCache full:https://registry.npmjs.org/http-errors cache-miss
8054 http fetch GET 200 https://registry.npmjs.org/type-is 150ms (cache miss)
8055 silly packumentCache full:https://registry.npmjs.org/type-is set size:undefined disposed:false
8056 silly fetch manifest on-finished@2.4.1
8057 silly packumentCache full:https://registry.npmjs.org/on-finished cache-miss
8058 http fetch GET 200 https://registry.npmjs.org/accepts 161ms (cache miss)
8059 silly packumentCache full:https://registry.npmjs.org/accepts set size:undefined disposed:false
8060 silly fetch manifest utils-merge@1.0.1
8061 silly packumentCache full:https://registry.npmjs.org/utils-merge cache-miss
8062 http fetch GET 200 https://registry.npmjs.org/send 175ms (cache miss)
8063 silly packumentCache full:https://registry.npmjs.org/send set size:undefined disposed:false
8064 silly fetch manifest content-type@~1.0.4
8065 silly packumentCache full:https://registry.npmjs.org/content-type cache-miss
8066 http fetch GET 200 https://registry.npmjs.org/parseurl 143ms (cache miss)
8067 silly packumentCache full:https://registry.npmjs.org/parseurl set size:undefined disposed:false
8068 silly fetch manifest finalhandler@1.3.1
8069 silly packumentCache full:https://registry.npmjs.org/finalhandler cache-miss
8070 http fetch GET 200 https://registry.npmjs.org/statuses 136ms (cache miss)
8071 silly packumentCache full:https://registry.npmjs.org/statuses set size:undefined disposed:false
8072 silly fetch manifest range-parser@~1.2.1
8073 silly packumentCache full:https://registry.npmjs.org/range-parser cache-hit
8074 silly fetch manifest serve-static@1.16.2
8075 silly packumentCache full:https://registry.npmjs.org/serve-static cache-miss
8076 http fetch GET 200 https://registry.npmjs.org/methods 188ms (cache miss)
8077 silly packumentCache full:https://registry.npmjs.org/methods set size:undefined disposed:false
8078 silly fetch manifest array-flatten@1.1.1
8079 silly packumentCache full:https://registry.npmjs.org/array-flatten cache-miss
8080 http fetch GET 200 https://registry.npmjs.org/encodeurl 102ms (cache miss)
8081 silly packumentCache full:https://registry.npmjs.org/encodeurl set size:undefined disposed:false
8082 silly fetch manifest path-to-regexp@0.1.12
8083 silly packumentCache full:https://registry.npmjs.org/path-to-regexp cache-miss
8084 http fetch GET 200 https://registry.npmjs.org/escape-html 94ms (cache miss)
8085 silly packumentCache full:https://registry.npmjs.org/escape-html set size:undefined disposed:false
8086 silly fetch manifest setprototypeof@1.2.0
8087 silly packumentCache full:https://registry.npmjs.org/setprototypeof cache-miss
8088 http fetch GET 200 https://registry.npmjs.org/proxy-addr 109ms (cache miss)
8089 silly packumentCache full:https://registry.npmjs.org/proxy-addr set size:undefined disposed:false
8090 silly fetch manifest cookie-signature@1.0.6
8091 silly packumentCache full:https://registry.npmjs.org/cookie-signature cache-miss
8092 http fetch GET 200 https://registry.npmjs.org/typedarray 275ms (cache revalidated)
8093 silly packumentCache full:https://registry.npmjs.org/typedarray set size:18469 disposed:false
8094 silly fetch manifest merge-descriptors@1.0.3
8095 silly packumentCache full:https://registry.npmjs.org/merge-descriptors cache-miss
8096 http fetch GET 200 https://registry.npmjs.org/http-errors 116ms (cache miss)
8097 silly packumentCache full:https://registry.npmjs.org/http-errors set size:undefined disposed:false
8098 silly fetch manifest content-disposition@0.5.4
8099 silly packumentCache full:https://registry.npmjs.org/content-disposition cache-miss
8100 http fetch GET 200 https://registry.npmjs.org/on-finished 114ms (cache miss)
8101 silly packumentCache full:https://registry.npmjs.org/on-finished set size:undefined disposed:false
8102 http cache https://registry.npmjs.org/path-to-regexp 60ms (cache hit)
8103 silly packumentCache full:https://registry.npmjs.org/path-to-regexp set size:196503 disposed:false
8104 http fetch GET 200 https://registry.npmjs.org/utils-merge 135ms (cache miss)
8105 silly packumentCache full:https://registry.npmjs.org/utils-merge set size:undefined disposed:false
8106 http fetch GET 200 https://registry.npmjs.org/content-type 133ms (cache miss)
8107 silly packumentCache full:https://registry.npmjs.org/content-type set size:undefined disposed:false
8108 http fetch GET 200 https://registry.npmjs.org/finalhandler 126ms (cache miss)
8109 silly packumentCache full:https://registry.npmjs.org/finalhandler set size:undefined disposed:false
8110 http fetch GET 200 https://registry.npmjs.org/array-flatten 125ms (cache miss)
8111 silly packumentCache full:https://registry.npmjs.org/array-flatten set size:undefined disposed:false
8112 http cache https://registry.npmjs.org/content-disposition 49ms (cache hit)
8113 silly packumentCache full:https://registry.npmjs.org/content-disposition set size:26893 disposed:false
8114 http fetch GET 200 https://registry.npmjs.org/serve-static 132ms (cache miss)
8115 silly packumentCache full:https://registry.npmjs.org/serve-static set size:undefined disposed:false
8116 http fetch GET 200 https://registry.npmjs.org/cookie-signature 84ms (cache miss)
8117 silly packumentCache full:https://registry.npmjs.org/cookie-signature set size:undefined disposed:false
8118 http fetch GET 200 https://registry.npmjs.org/setprototypeof 99ms (cache miss)
8119 silly packumentCache full:https://registry.npmjs.org/setprototypeof set size:undefined disposed:false
8120 http fetch GET 200 https://registry.npmjs.org/merge-descriptors 86ms (cache miss)
8121 silly packumentCache full:https://registry.npmjs.org/merge-descriptors set size:undefined disposed:false
8122 silly fetch manifest eslint@7.27.0
8123 silly packumentCache full:https://registry.npmjs.org/eslint cache-miss
8124 http cache https://registry.npmjs.org/eslint 16ms (cache hit)
8125 silly packumentCache full:https://registry.npmjs.org/eslint set size:1811205 disposed:false
8126 silly fetch manifest eslint-config-standard@14.1.1
8127 silly packumentCache full:https://registry.npmjs.org/eslint-config-standard cache-hit
8128 silly fetch manifest eslint-plugin-import@2.23.4
8129 silly packumentCache full:https://registry.npmjs.org/eslint-plugin-import cache-hit
8130 silly fetch manifest eslint-plugin-promise@4.3.1
8131 silly packumentCache full:https://registry.npmjs.org/eslint-plugin-promise cache-hit
8132 silly fetch manifest mocha@8.4.0
8133 silly packumentCache full:https://registry.npmjs.org/mocha cache-miss
8134 http cache https://registry.npmjs.org/mocha 24ms (cache hit)
8135 silly packumentCache full:https://registry.npmjs.org/mocha set size:3824074 disposed:false
8136 silly placeDep node_modules/.pnpm/forwarded@0.2.0/node_modules/forwarded eslint@7.27.0 OK for: forwarded@0.2.0 want: 7.27.0
8137 silly placeDep node_modules/.pnpm/forwarded@0.2.0/node_modules/forwarded eslint-config-standard@14.1.1 OK for: forwarded@0.2.0 want: 14.1.1
8138 silly placeDep node_modules/.pnpm/forwarded@0.2.0/node_modules/forwarded eslint-plugin-import@2.23.4 OK for: forwarded@0.2.0 want: 2.23.4
8139 silly placeDep node_modules/.pnpm/forwarded@0.2.0/node_modules/forwarded eslint-plugin-promise@4.3.1 OK for: forwarded@0.2.0 want: 4.3.1
8140 silly placeDep node_modules/.pnpm/forwarded@0.2.0/node_modules/forwarded mocha@8.4.0 OK for: forwarded@0.2.0 want: 8.4.0
8141 silly fetch manifest @eslint/eslintrc@^0.4.1
8142 silly packumentCache full:https://registry.npmjs.org/@eslint%2feslintrc cache-hit
8143 silly fetch manifest debug@^2.6.9
8144 silly packumentCache full:https://registry.npmjs.org/debug cache-hit
8145 silly fetch manifest pkg-up@^2.0.0
8146 silly packumentCache full:https://registry.npmjs.org/pkg-up cache-miss
8147 silly fetch manifest find-up@^2.0.0
8148 silly packumentCache full:https://registry.npmjs.org/find-up cache-hit
8149 silly fetch manifest resolve@^1.20.0
8150 silly packumentCache full:https://registry.npmjs.org/resolve cache-hit
8151 silly fetch manifest read-pkg-up@^3.0.0
8152 silly packumentCache full:https://registry.npmjs.org/read-pkg-up cache-hit
8153 silly fetch manifest array-includes@^3.1.3
8154 silly packumentCache full:https://registry.npmjs.org/array-includes cache-miss
8155 silly fetch manifest tsconfig-paths@^3.9.0
8156 silly packumentCache full:https://registry.npmjs.org/tsconfig-paths cache-miss
8157 silly fetch manifest array.prototype.flat@^1.2.4
8158 silly packumentCache full:https://registry.npmjs.org/array.prototype.flat cache-miss
8159 silly fetch manifest glob@7.1.6
8160 silly packumentCache full:https://registry.npmjs.org/glob cache-hit
8161 silly fetch manifest debug@4.3.1
8162 silly packumentCache full:https://registry.npmjs.org/debug cache-hit
8163 silly fetch manifest nanoid@3.1.20
8164 silly packumentCache full:https://registry.npmjs.org/nanoid cache-hit
8165 silly fetch manifest js-yaml@4.0.0
8166 silly packumentCache full:https://registry.npmjs.org/js-yaml cache-hit
8167 silly fetch manifest chokidar@3.5.1
8168 silly packumentCache full:https://registry.npmjs.org/chokidar cache-hit
8169 silly fetch manifest workerpool@6.1.0
8170 silly packumentCache full:https://registry.npmjs.org/workerpool cache-hit
8171 silly fetch manifest log-symbols@4.0.0
8172 silly packumentCache full:https://registry.npmjs.org/log-symbols cache-hit
8173 silly fetch manifest serialize-javascript@5.0.1
8174 silly packumentCache full:https://registry.npmjs.org/serialize-javascript cache-hit
8175 http cache https://registry.npmjs.org/array-includes 26ms (cache hit)
8176 silly packumentCache full:https://registry.npmjs.org/array-includes set size:77143 disposed:false
8177 http cache https://registry.npmjs.org/pkg-up 33ms (cache hit)
8178 silly packumentCache full:https://registry.npmjs.org/pkg-up set size:17633 disposed:false
8179 http cache https://registry.npmjs.org/array.prototype.flat 30ms (cache hit)
8180 silly packumentCache full:https://registry.npmjs.org/array.prototype.flat set size:38327 disposed:false
8181 http cache https://registry.npmjs.org/tsconfig-paths 34ms (cache hit)
8182 silly packumentCache full:https://registry.npmjs.org/tsconfig-paths set size:192558 disposed:false
8183 silly fetch manifest eslint@8.12.0
8184 silly packumentCache full:https://registry.npmjs.org/eslint cache-miss
8185 http cache https://registry.npmjs.org/eslint 14ms (cache hit)
8186 silly packumentCache full:https://registry.npmjs.org/eslint set size:1811205 disposed:false
8187 silly fetch manifest eslint-plugin-import@2.25.4
8188 silly packumentCache full:https://registry.npmjs.org/eslint-plugin-import cache-hit
8189 silly fetch manifest eslint-plugin-promise@6.0.0
8190 silly packumentCache full:https://registry.npmjs.org/eslint-plugin-promise cache-hit
8191 silly placeDep node_modules/.pnpm/fresh@2.0.0/node_modules/fresh eslint@8.12.0 OK for: fresh@2.0.0 want: 8.12.0
8192 silly placeDep node_modules/.pnpm/fresh@2.0.0/node_modules/fresh eslint-config-standard@14.1.1 OK for: fresh@2.0.0 want: 14.1.1
8193 silly placeDep node_modules/.pnpm/fresh@2.0.0/node_modules/fresh eslint-plugin-import@2.25.4 OK for: fresh@2.0.0 want: 2.25.4
8194 silly placeDep node_modules/.pnpm/fresh@2.0.0/node_modules/fresh eslint-plugin-promise@6.0.0 OK for: fresh@2.0.0 want: 6.0.0
8195 silly placeDep node_modules/.pnpm/fresh@2.0.0/node_modules/fresh mocha@9.2.0 OK for: fresh@2.0.0 want: 9.2.0
8196 silly fetch manifest espree@^9.3.1
8197 silly packumentCache full:https://registry.npmjs.org/espree cache-hit
8198 silly fetch manifest @eslint/eslintrc@^1.2.1
8199 silly packumentCache full:https://registry.npmjs.org/@eslint%2feslintrc cache-hit
8200 silly fetch manifest array-includes@^3.1.4
8201 silly packumentCache full:https://registry.npmjs.org/array-includes cache-hit
8202 silly fetch manifest tsconfig-paths@^3.12.0
8203 silly packumentCache full:https://registry.npmjs.org/tsconfig-paths cache-hit
8204 silly fetch manifest array.prototype.flat@^1.2.5
8205 silly packumentCache full:https://registry.npmjs.org/array.prototype.flat cache-hit
8206 silly placeDep node_modules/.pnpm/function-bind@1.1.2/node_modules/function-bind eslint@8.8.0 OK for: function-bind@1.1.2 want: =8.8.0
8207 silly placeDep node_modules/.pnpm/function-bind@1.1.2/node_modules/function-bind nyc@10.3.2 OK for: function-bind@1.1.2 want: ^10.3.2
8208 silly placeDep node_modules/.pnpm/functions-have-names@1.2.3/node_modules/functions-have-names eslint@8.8.0 OK for: functions-have-names@1.2.3 want: =8.8.0
8209 silly placeDep node_modules/.pnpm/functions-have-names@1.2.3/node_modules/functions-have-names nyc@10.3.2 OK for: functions-have-names@1.2.3 want: ^10.3.2
8210 silly fetch manifest @types/node@^14.0.27
8211 silly packumentCache full:https://registry.npmjs.org/@types%2fnode cache-miss
8212 http cache https://registry.npmjs.org/@types%2fnode 86ms (cache hit)
8213 silly packumentCache full:https://registry.npmjs.org/@types%2fnode set size:10434236 disposed:false
8214 silly fetch manifest into-stream@^5.0.0
8215 silly packumentCache full:https://registry.npmjs.org/into-stream cache-miss
8216 http fetch GET 200 https://registry.npmjs.org/into-stream 312ms (cache miss)
8217 silly packumentCache full:https://registry.npmjs.org/into-stream set size:undefined disposed:false
8218 silly fetch manifest tsd@^0.13.1
8219 silly packumentCache full:https://registry.npmjs.org/tsd cache-hit
8220 silly placeDep node_modules/.pnpm/get-stream@6.0.1/node_modules/get-stream @types/node@14.18.63 OK for: get-stream@6.0.1 want: ^14.0.27
8221 silly placeDep ROOT into-stream@5.1.1 OK for: get-stream@6.0.1 want: ^5.0.0
8222 silly placeDep node_modules/.pnpm/get-stream@6.0.1/node_modules/get-stream tsd@0.13.1 OK for: get-stream@6.0.1 want: ^0.13.1
8223 silly placeDep node_modules/.pnpm/get-stream@6.0.1/node_modules/get-stream xo@0.24.0 OK for: get-stream@6.0.1 want: ^0.24.0
8224 silly fetch manifest from2@^2.3.0
8225 silly packumentCache full:https://registry.npmjs.org/from2 cache-miss
8226 silly fetch manifest p-is-promise@^3.0.0
8227 silly packumentCache full:https://registry.npmjs.org/p-is-promise cache-miss
8228 silly fetch manifest meow@^7.0.1
8229 silly packumentCache full:https://registry.npmjs.org/meow cache-hit
8230 silly fetch manifest update-notifier@^4.1.0
8231 silly packumentCache full:https://registry.npmjs.org/update-notifier cache-hit
8232 silly fetch manifest eslint-formatter-pretty@^4.0.0
8233 silly packumentCache full:https://registry.npmjs.org/eslint-formatter-pretty cache-hit
8234 http fetch GET 200 https://registry.npmjs.org/from2 498ms (cache miss)
8235 silly packumentCache full:https://registry.npmjs.org/from2 set size:undefined disposed:false
8236 http fetch GET 200 https://registry.npmjs.org/p-is-promise 632ms (cache miss)
8237 silly packumentCache full:https://registry.npmjs.org/p-is-promise set size:undefined disposed:false
8238 silly fetch manifest @vitest/eslint-plugin@^1.1.44
8239 silly packumentCache full:https://registry.npmjs.org/@vitest%2feslint-plugin cache-miss
8240 http fetch GET 200 https://registry.npmjs.org/@vitest%2feslint-plugin 2009ms (cache miss)
8241 silly packumentCache full:https://registry.npmjs.org/@vitest%2feslint-plugin set size:undefined disposed:false
8242 silly fetch manifest ava@^6.3.0
8243 silly packumentCache full:https://registry.npmjs.org/ava cache-hit
8244 silly fetch manifest cheerio@^1.0.0
8245 silly packumentCache full:https://registry.npmjs.org/cheerio cache-miss
8246 http cache https://registry.npmjs.org/cheerio 10ms (cache hit)
8247 silly packumentCache full:https://registry.npmjs.org/cheerio set size:156120 disposed:false
8248 silly fetch manifest eslint-plugin-jest@^28.11.0
8249 silly packumentCache full:https://registry.npmjs.org/eslint-plugin-jest cache-miss
8250 http cache https://registry.npmjs.org/eslint-plugin-jest 16ms (cache hit)
8251 silly packumentCache full:https://registry.npmjs.org/eslint-plugin-jest set size:1596865 disposed:false
8252 silly fetch manifest get-port@^7.1.0
8253 silly packumentCache full:https://registry.npmjs.org/get-port cache-hit
8254 silly fetch manifest nano-spawn@^0.2.0
8255 silly packumentCache full:https://registry.npmjs.org/nano-spawn cache-miss
8256 http fetch GET 200 https://registry.npmjs.org/nano-spawn 236ms (cache miss)
8257 silly packumentCache full:https://registry.npmjs.org/nano-spawn set size:undefined disposed:false
8258 silly fetch manifest npm-run-all2@^8.0.1
8259 silly packumentCache full:https://registry.npmjs.org/npm-run-all2 cache-miss
8260 http fetch GET 200 https://registry.npmjs.org/npm-run-all2 1057ms (cache miss)
8261 silly packumentCache full:https://registry.npmjs.org/npm-run-all2 set size:undefined disposed:false
8262 silly fetch manifest puppeteer@^24.8.2
8263 silly packumentCache full:https://registry.npmjs.org/puppeteer cache-miss
8264 http fetch GET 200 https://registry.npmjs.org/puppeteer 340ms (cache miss)
8265 silly packumentCache full:https://registry.npmjs.org/puppeteer set size:undefined disposed:false
8266 silly fetch manifest shelljs@^0.9.2
8267 silly packumentCache full:https://registry.npmjs.org/shelljs cache-hit
8268 silly fetch manifest tsd@^0.32.0
8269 silly packumentCache full:https://registry.npmjs.org/tsd cache-hit
8270 silly fetch manifest xo@^0.60.0
8271 silly packumentCache full:https://registry.npmjs.org/xo cache-hit
8272 silly placeDep ROOT @vitest/eslint-plugin@1.3.4 OK for: globals@16.2.0 want: ^1.1.44
8273 silly placeDep node_modules/.pnpm/globals@16.2.0/node_modules/globals ava@6.4.1 OK for: globals@16.2.0 want: ^6.3.0
8274 silly placeDep ROOT cheerio@1.1.0 OK for: globals@16.2.0 want: ^1.0.0
8275 silly placeDep node_modules/.pnpm/globals@16.2.0/node_modules/globals eslint-plugin-jest@28.14.0 OK for: globals@16.2.0 want: ^28.11.0
8276 silly placeDep ROOT get-port@7.1.0 OK for: globals@16.2.0 want: ^7.1.0
8277 silly placeDep ROOT nano-spawn@0.2.1 OK for: globals@16.2.0 want: ^0.2.0
8278 silly placeDep ROOT npm-run-all2@8.0.4 OK for: globals@16.2.0 want: ^8.0.1
8279 silly placeDep ROOT puppeteer@24.14.0 OK for: globals@16.2.0 want: ^24.8.2
8280 silly placeDep ROOT shelljs@0.9.2 OK for: globals@16.2.0 want: ^0.9.2
8281 silly placeDep node_modules/.pnpm/globals@16.2.0/node_modules/globals tsd@0.32.0 OK for: globals@16.2.0 want: ^0.32.0
8282 silly placeDep ROOT type-fest@4.41.0 OK for: globals@16.2.0 want: ^4.41.0
8283 silly placeDep node_modules/.pnpm/globals@16.2.0/node_modules/globals xo@0.60.0 OK for: globals@16.2.0 want: ^0.60.0
8284 silly fetch manifest @vercel/nft@^0.29.4
8285 silly packumentCache full:https://registry.npmjs.org/@vercel%2fnft cache-miss
8286 silly fetch manifest ansi-styles@^6.2.1
8287 silly packumentCache full:https://registry.npmjs.org/ansi-styles cache-hit
8288 silly fetch manifest arrgv@^1.0.2
8289 silly packumentCache full:https://registry.npmjs.org/arrgv cache-miss
8290 silly fetch manifest arrify@^3.0.0
8291 silly packumentCache full:https://registry.npmjs.org/arrify cache-hit
8292 silly fetch manifest callsites@^4.2.0
8293 silly packumentCache full:https://registry.npmjs.org/callsites cache-miss
8294 silly fetch manifest cbor@^10.0.9
8295 silly packumentCache full:https://registry.npmjs.org/cbor cache-miss
8296 silly fetch manifest chunkd@^2.0.1
8297 silly packumentCache full:https://registry.npmjs.org/chunkd cache-miss
8298 silly fetch manifest ci-info@^4.3.0
8299 silly packumentCache full:https://registry.npmjs.org/ci-info cache-miss
8300 silly fetch manifest ci-parallel-vars@^1.0.1
8301 silly packumentCache full:https://registry.npmjs.org/ci-parallel-vars cache-miss
8302 silly fetch manifest cli-truncate@^4.0.0
8303 silly packumentCache full:https://registry.npmjs.org/cli-truncate cache-hit
8304 silly fetch manifest code-excerpt@^4.0.0
8305 silly packumentCache full:https://registry.npmjs.org/code-excerpt cache-miss
8306 silly fetch manifest common-path-prefix@^3.0.0
8307 silly packumentCache full:https://registry.npmjs.org/common-path-prefix cache-miss
8308 silly fetch manifest concordance@^5.0.4
8309 silly packumentCache full:https://registry.npmjs.org/concordance cache-miss
8310 silly fetch manifest emittery@^1.2.0
8311 silly packumentCache full:https://registry.npmjs.org/emittery cache-miss
8312 http cache https://registry.npmjs.org/ci-parallel-vars 38ms (cache hit)
8313 silly packumentCache full:https://registry.npmjs.org/ci-parallel-vars set size:7486 disposed:false
8314 silly fetch manifest figures@^6.1.0
8315 silly packumentCache full:https://registry.npmjs.org/figures cache-hit
8316 silly fetch manifest globby@^14.1.0
8317 silly packumentCache full:https://registry.npmjs.org/globby cache-hit
8318 silly fetch manifest ignore-by-default@^2.1.0
8319 silly packumentCache full:https://registry.npmjs.org/ignore-by-default cache-miss
8320 http cache https://registry.npmjs.org/ci-info 44ms (cache hit)
8321 silly packumentCache full:https://registry.npmjs.org/ci-info set size:86659 disposed:false
8322 silly fetch manifest indent-string@^5.0.0
8323 silly packumentCache full:https://registry.npmjs.org/indent-string cache-hit
8324 silly fetch manifest is-plain-object@^5.0.0
8325 silly packumentCache full:https://registry.npmjs.org/is-plain-object cache-hit
8326 silly fetch manifest is-promise@^4.0.0
8327 silly packumentCache full:https://registry.npmjs.org/is-promise cache-hit
8328 silly fetch manifest matcher@^5.0.0
8329 silly packumentCache full:https://registry.npmjs.org/matcher cache-hit
8330 silly fetch manifest memoize@^10.1.0
8331 silly packumentCache full:https://registry.npmjs.org/memoize cache-miss
8332 http cache https://registry.npmjs.org/code-excerpt 47ms (cache hit)
8333 silly packumentCache full:https://registry.npmjs.org/code-excerpt set size:17656 disposed:false
8334 silly fetch manifest p-map@^7.0.3
8335 silly packumentCache full:https://registry.npmjs.org/p-map cache-miss
8336 http cache https://registry.npmjs.org/chunkd 55ms (cache hit)
8337 silly packumentCache full:https://registry.npmjs.org/chunkd set size:9085 disposed:false
8338 silly fetch manifest package-config@^5.0.0
8339 silly packumentCache full:https://registry.npmjs.org/package-config cache-miss
8340 http cache https://registry.npmjs.org/common-path-prefix 51ms (cache hit)
8341 silly packumentCache full:https://registry.npmjs.org/common-path-prefix set size:9154 disposed:false
8342 silly fetch manifest picomatch@^4.0.2
8343 silly packumentCache full:https://registry.npmjs.org/picomatch cache-miss
8344 http cache https://registry.npmjs.org/concordance 56ms (cache hit)
8345 silly packumentCache full:https://registry.npmjs.org/concordance set size:41867 disposed:false
8346 silly fetch manifest plur@^5.1.0
8347 silly packumentCache full:https://registry.npmjs.org/plur cache-hit
8348 silly fetch manifest pretty-ms@^9.2.0
8349 silly packumentCache full:https://registry.npmjs.org/pretty-ms cache-hit
8350 silly fetch manifest stack-utils@^2.0.6
8351 silly packumentCache full:https://registry.npmjs.org/stack-utils cache-miss
8352 http cache https://registry.npmjs.org/emittery 62ms (cache hit)
8353 silly packumentCache full:https://registry.npmjs.org/emittery set size:102698 disposed:false
8354 silly fetch manifest strip-ansi@^7.1.0
8355 silly packumentCache full:https://registry.npmjs.org/strip-ansi cache-hit
8356 silly fetch manifest supertap@^3.0.1
8357 silly packumentCache full:https://registry.npmjs.org/supertap cache-miss
8358 http cache https://registry.npmjs.org/ignore-by-default 47ms (cache hit)
8359 silly packumentCache full:https://registry.npmjs.org/ignore-by-default set size:9946 disposed:false
8360 silly fetch manifest temp-dir@^3.0.0
8361 silly packumentCache full:https://registry.npmjs.org/temp-dir cache-miss
8362 http cache https://registry.npmjs.org/p-map 43ms (cache hit)
8363 silly packumentCache full:https://registry.npmjs.org/p-map set size:50464 disposed:false
8364 silly fetch manifest write-file-atomic@^6.0.0
8365 silly packumentCache full:https://registry.npmjs.org/write-file-atomic cache-miss
8366 http cache https://registry.npmjs.org/supertap 34ms (cache hit)
8367 silly packumentCache full:https://registry.npmjs.org/supertap set size:13750 disposed:false
8368 silly fetch manifest cheerio-select@^2.1.0
8369 silly packumentCache full:https://registry.npmjs.org/cheerio-select cache-miss
8370 http cache https://registry.npmjs.org/stack-utils 45ms (cache hit)
8371 silly packumentCache full:https://registry.npmjs.org/stack-utils set size:60586 disposed:false
8372 silly fetch manifest dom-serializer@^2.0.0
8373 silly packumentCache full:https://registry.npmjs.org/dom-serializer cache-miss
8374 http fetch GET 200 https://registry.npmjs.org/callsites 128ms (cache miss)
8375 silly packumentCache full:https://registry.npmjs.org/callsites set size:undefined disposed:false
8376 silly fetch manifest domhandler@^5.0.3
8377 silly packumentCache full:https://registry.npmjs.org/domhandler cache-miss
8378 http cache https://registry.npmjs.org/write-file-atomic 37ms (cache hit)
8379 silly packumentCache full:https://registry.npmjs.org/write-file-atomic set size:75139 disposed:false
8380 silly fetch manifest domutils@^3.2.2
8381 silly packumentCache full:https://registry.npmjs.org/domutils cache-miss
8382 http fetch GET 200 https://registry.npmjs.org/picomatch 131ms (cache revalidated)
8383 silly packumentCache full:https://registry.npmjs.org/picomatch set size:118818 disposed:false
8384 silly fetch manifest encoding-sniffer@^0.2.0
8385 silly packumentCache full:https://registry.npmjs.org/encoding-sniffer cache-miss
8386 http fetch GET 200 https://registry.npmjs.org/domhandler 138ms (cache miss)
8387 silly packumentCache full:https://registry.npmjs.org/domhandler set size:undefined disposed:false
8388 silly fetch manifest htmlparser2@^10.0.0
8389 silly packumentCache full:https://registry.npmjs.org/htmlparser2 cache-miss
8390 http fetch GET 200 https://registry.npmjs.org/cbor 275ms (cache miss)
8391 silly packumentCache full:https://registry.npmjs.org/cbor set size:undefined disposed:false
8392 silly fetch manifest parse5@^7.3.0
8393 silly packumentCache full:https://registry.npmjs.org/parse5 cache-hit
8394 silly fetch manifest parse5-htmlparser2-tree-adapter@^7.1.0
8395 silly packumentCache full:https://registry.npmjs.org/parse5-htmlparser2-tree-adapter cache-miss
8396 http cache https://registry.npmjs.org/htmlparser2 53ms (cache hit)
8397 silly packumentCache full:https://registry.npmjs.org/htmlparser2 set size:162194 disposed:false
8398 silly fetch manifest parse5-parser-stream@^7.1.2
8399 silly packumentCache full:https://registry.npmjs.org/parse5-parser-stream cache-miss
8400 http fetch GET 200 https://registry.npmjs.org/cheerio-select 229ms (cache miss)
8401 silly packumentCache full:https://registry.npmjs.org/cheerio-select set size:undefined disposed:false
8402 silly fetch manifest undici@^7.10.0
8403 silly packumentCache full:https://registry.npmjs.org/undici cache-miss
8404 http fetch GET 200 https://registry.npmjs.org/domutils 227ms (cache miss)
8405 silly packumentCache full:https://registry.npmjs.org/domutils set size:undefined disposed:false
8406 silly fetch manifest which@^5.0.0
8407 silly packumentCache full:https://registry.npmjs.org/which cache-hit
8408 silly fetch manifest shell-quote@^1.7.3
8409 silly packumentCache full:https://registry.npmjs.org/shell-quote cache-miss
8410 http cache https://registry.npmjs.org/shell-quote 10ms (cache hit)
8411 silly packumentCache full:https://registry.npmjs.org/shell-quote set size:61937 disposed:false
8412 silly fetch manifest read-package-json-fast@^4.0.0
8413 silly packumentCache full:https://registry.npmjs.org/read-package-json-fast cache-miss
8414 http fetch GET 200 https://registry.npmjs.org/arrgv 524ms (cache miss)
8415 silly packumentCache full:https://registry.npmjs.org/arrgv set size:undefined disposed:false
8416 silly fetch manifest @puppeteer/browsers@2.10.6
8417 silly packumentCache full:https://registry.npmjs.org/@puppeteer%2fbrowsers cache-miss
8418 http fetch GET 200 https://registry.npmjs.org/@vercel%2fnft 574ms (cache miss)
8419 silly packumentCache full:https://registry.npmjs.org/@vercel%2fnft set size:undefined disposed:false
8420 silly fetch manifest chromium-bidi@7.1.1
8421 silly packumentCache full:https://registry.npmjs.org/chromium-bidi cache-miss
8422 http fetch GET 200 https://registry.npmjs.org/undici 270ms (cache miss)
8423 silly packumentCache full:https://registry.npmjs.org/undici set size:undefined disposed:false
8424 silly fetch manifest cosmiconfig@^9.0.0
8425 silly packumentCache full:https://registry.npmjs.org/cosmiconfig cache-miss
8426 http cache https://registry.npmjs.org/cosmiconfig 35ms (cache hit)
8427 silly packumentCache full:https://registry.npmjs.org/cosmiconfig set size:275399 disposed:false
8428 silly fetch manifest devtools-protocol@0.0.1464554
8429 silly packumentCache full:https://registry.npmjs.org/devtools-protocol cache-miss
8430 http fetch GET 200 https://registry.npmjs.org/@puppeteer%2fbrowsers 242ms (cache miss)
8431 silly packumentCache full:https://registry.npmjs.org/@puppeteer%2fbrowsers set size:undefined disposed:false
8432 silly fetch manifest puppeteer-core@24.14.0
8433 silly packumentCache full:https://registry.npmjs.org/puppeteer-core cache-miss
8434 http fetch GET 200 https://registry.npmjs.org/chromium-bidi 289ms (cache miss)
8435 silly packumentCache full:https://registry.npmjs.org/chromium-bidi set size:undefined disposed:false
8436 silly fetch manifest typed-query-selector@^2.12.0
8437 silly packumentCache full:https://registry.npmjs.org/typed-query-selector cache-miss
8438 http fetch GET 200 https://registry.npmjs.org/memoize 1064ms (cache miss)
8439 silly packumentCache full:https://registry.npmjs.org/memoize set size:undefined disposed:false
8440 silly fetch manifest execa@^1.0.0
8441 silly packumentCache full:https://registry.npmjs.org/execa cache-hit
8442 silly fetch manifest rechoir@^0.6.2
8443 silly packumentCache full:https://registry.npmjs.org/rechoir cache-miss
8444 http fetch GET 200 https://registry.npmjs.org/package-config 1080ms (cache miss)
8445 silly packumentCache full:https://registry.npmjs.org/package-config set size:undefined disposed:false
8446 silly fetch manifest fast-glob@^3.3.2
8447 silly packumentCache full:https://registry.npmjs.org/fast-glob cache-miss
8448 http fetch GET 200 https://registry.npmjs.org/temp-dir 1076ms (cache miss)
8449 silly packumentCache full:https://registry.npmjs.org/temp-dir set size:undefined disposed:false
8450 silly fetch manifest @tsd/typescript@~5.8.3
8451 silly packumentCache full:https://registry.npmjs.org/@tsd%2ftypescript cache-hit
8452 silly fetch manifest meow@^13.2.0
8453 silly packumentCache full:https://registry.npmjs.org/meow cache-hit
8454 silly fetch manifest slash@^5.1.0
8455 silly packumentCache full:https://registry.npmjs.org/slash cache-hit
8456 silly fetch manifest globby@^14.0.2
8457 silly packumentCache full:https://registry.npmjs.org/globby cache-hit
8458 silly fetch manifest esm-utils@^4.3.0
8459 silly packumentCache full:https://registry.npmjs.org/esm-utils cache-miss
8460 http fetch GET 200 https://registry.npmjs.org/encoding-sniffer 992ms (cache miss)
8461 silly packumentCache full:https://registry.npmjs.org/encoding-sniffer set size:undefined disposed:false
8462 silly fetch manifest get-stdin@^9.0.0
8463 silly packumentCache full:https://registry.npmjs.org/get-stdin cache-hit
8464 silly fetch manifest lodash-es@^4.17.21
8465 silly packumentCache full:https://registry.npmjs.org/lodash-es cache-miss
8466 http fetch GET 200 https://registry.npmjs.org/typed-query-selector 290ms (cache miss)
8467 silly packumentCache full:https://registry.npmjs.org/typed-query-selector set size:undefined disposed:false
8468 silly fetch manifest open-editor@^5.0.0
8469 silly packumentCache full:https://registry.npmjs.org/open-editor cache-hit
8470 silly fetch manifest get-tsconfig@^4.8.1
8471 silly packumentCache full:https://registry.npmjs.org/get-tsconfig cache-miss
8472 http fetch GET 200 https://registry.npmjs.org/dom-serializer 1092ms (cache miss)
8473 silly packumentCache full:https://registry.npmjs.org/dom-serializer set size:undefined disposed:false
8474 silly fetch manifest find-cache-dir@^5.0.0
8475 silly packumentCache full:https://registry.npmjs.org/find-cache-dir cache-hit
8476 silly fetch manifest find-up-simple@^1.0.0
8477 silly packumentCache full:https://registry.npmjs.org/find-up-simple cache-miss
8478 http fetch GET 200 https://registry.npmjs.org/parse5-htmlparser2-tree-adapter 950ms (cache miss)
8479 silly packumentCache full:https://registry.npmjs.org/parse5-htmlparser2-tree-adapter set size:undefined disposed:false
8480 silly fetch manifest eslint-plugin-n@^17.14.0
8481 silly packumentCache full:https://registry.npmjs.org/eslint-plugin-n cache-hit
8482 silly fetch manifest @eslint/eslintrc@^3.2.0
8483 silly packumentCache full:https://registry.npmjs.org/@eslint%2feslintrc cache-hit
8484 silly fetch manifest define-lazy-prop@^3.0.0
8485 silly packumentCache full:https://registry.npmjs.org/define-lazy-prop cache-miss
8486 http fetch GET 200 https://registry.npmjs.org/puppeteer-core 485ms (cache miss)
8487 silly packumentCache full:https://registry.npmjs.org/puppeteer-core set size:undefined disposed:false
8488 silly fetch manifest eslint-config-xo@^0.45.0
8489 silly packumentCache full:https://registry.npmjs.org/eslint-config-xo cache-hit
8490 silly fetch manifest to-absolute-glob@^3.0.0
8491 silly packumentCache full:https://registry.npmjs.org/to-absolute-glob cache-miss
8492 http fetch GET 200 https://registry.npmjs.org/devtools-protocol 559ms (cache miss)
8493 silly packumentCache full:https://registry.npmjs.org/devtools-protocol set size:undefined disposed:false
8494 silly fetch manifest eslint-plugin-ava@^14.0.0
8495 silly packumentCache full:https://registry.npmjs.org/eslint-plugin-ava cache-hit
8496 silly fetch manifest eslint-plugin-promise@^6.4.0
8497 silly packumentCache full:https://registry.npmjs.org/eslint-plugin-promise cache-hit
8498 silly fetch manifest eslint-plugin-unicorn@^56.0.1
8499 silly packumentCache full:https://registry.npmjs.org/eslint-plugin-unicorn cache-hit
8500 silly fetch manifest eslint-plugin-prettier@^5.2.1
8501 silly packumentCache full:https://registry.npmjs.org/eslint-plugin-prettier cache-hit
8502 silly fetch manifest eslint-formatter-pretty@^6.0.1
8503 silly packumentCache full:https://registry.npmjs.org/eslint-formatter-pretty cache-hit
8504 silly fetch manifest @typescript-eslint/parser@^7.16.1
8505 silly packumentCache full:https://registry.npmjs.org/@typescript-eslint%2fparser cache-miss
8506 http fetch GET 200 https://registry.npmjs.org/fast-glob 212ms (cache revalidated)
8507 silly packumentCache full:https://registry.npmjs.org/fast-glob set size:220556 disposed:false
8508 silly fetch manifest eslint-config-xo-typescript@^5.0.0
8509 silly packumentCache full:https://registry.npmjs.org/eslint-config-xo-typescript cache-miss
8510 http cache https://registry.npmjs.org/to-absolute-glob 82ms (cache hit)
8511 silly packumentCache full:https://registry.npmjs.org/to-absolute-glob set size:25551 disposed:false
8512 silly fetch manifest eslint-plugin-eslint-comments@^3.2.0
8513 silly packumentCache full:https://registry.npmjs.org/eslint-plugin-eslint-comments cache-hit
8514 silly fetch manifest eslint-import-resolver-webpack@^0.13.9
8515 silly packumentCache full:https://registry.npmjs.org/eslint-import-resolver-webpack cache-miss
8516 http fetch GET 200 https://registry.npmjs.org/rechoir 274ms (cache miss)
8517 silly packumentCache full:https://registry.npmjs.org/rechoir set size:undefined disposed:false
8518 silly fetch manifest @typescript-eslint/eslint-plugin@^7.16.1
8519 silly packumentCache full:https://registry.npmjs.org/@typescript-eslint%2feslint-plugin cache-miss
8520 http cache https://registry.npmjs.org/@typescript-eslint%2fparser 159ms (cache hit)
8521 silly packumentCache full:https://registry.npmjs.org/@typescript-eslint%2fparser set size:14035609 disposed:false
8522 silly fetch manifest eslint-plugin-no-use-extend-native@^0.5.0
8523 silly packumentCache full:https://registry.npmjs.org/eslint-plugin-no-use-extend-native cache-hit
8524 http cache https://registry.npmjs.org/eslint-config-xo-typescript 605ms (cache hit)
8525 silly packumentCache full:https://registry.npmjs.org/eslint-config-xo-typescript set size:236245 disposed:false
8526 http fetch GET 200 https://registry.npmjs.org/parse5-parser-stream 1646ms (cache miss)
8527 silly packumentCache full:https://registry.npmjs.org/parse5-parser-stream set size:undefined disposed:false
8528 http cache https://registry.npmjs.org/eslint-import-resolver-webpack 617ms (cache hit)
8529 silly packumentCache full:https://registry.npmjs.org/eslint-import-resolver-webpack set size:108002 disposed:false
8530 http fetch GET 200 https://registry.npmjs.org/define-lazy-prop 768ms (cache miss)
8531 silly packumentCache full:https://registry.npmjs.org/define-lazy-prop set size:undefined disposed:false
8532 http fetch GET 200 https://registry.npmjs.org/find-up-simple 815ms (cache miss)
8533 silly packumentCache full:https://registry.npmjs.org/find-up-simple set size:undefined disposed:false
8534 http fetch GET 200 https://registry.npmjs.org/read-package-json-fast 1640ms (cache miss)
8535 silly packumentCache full:https://registry.npmjs.org/read-package-json-fast set size:undefined disposed:false
8536 http fetch GET 200 https://registry.npmjs.org/esm-utils 856ms (cache miss)
8537 silly packumentCache full:https://registry.npmjs.org/esm-utils set size:undefined disposed:false
8538 http fetch GET 200 https://registry.npmjs.org/get-tsconfig 851ms (cache miss)
8539 silly packumentCache full:https://registry.npmjs.org/get-tsconfig set size:undefined disposed:false
8540 http cache https://registry.npmjs.org/@typescript-eslint%2feslint-plugin 712ms (cache hit)
8541 silly packumentCache full:https://registry.npmjs.org/@typescript-eslint%2feslint-plugin set size:16347174 disposed:false
8542 http fetch GET 200 https://registry.npmjs.org/lodash-es 1326ms (cache miss)
8543 silly packumentCache full:https://registry.npmjs.org/lodash-es set size:undefined disposed:false
8544 silly fetch manifest import-fresh@^2.0.0
8545 silly packumentCache full:https://registry.npmjs.org/import-fresh cache-miss
8546 http cache https://registry.npmjs.org/import-fresh 23ms (cache hit)
8547 silly packumentCache full:https://registry.npmjs.org/import-fresh set size:21461 disposed:false
8548 silly fetch manifest rimraf@^2.2.8
8549 silly packumentCache full:https://registry.npmjs.org/rimraf cache-hit
8550 silly fetch manifest tap@^16.3.4
8551 silly packumentCache full:https://registry.npmjs.org/tap cache-miss
8552 http cache https://registry.npmjs.org/tap 29ms (cache hit)
8553 silly packumentCache full:https://registry.npmjs.org/tap set size:1263323 disposed:false
8554 silly placeDep node_modules/.pnpm/graceful-fs@4.2.11/node_modules/graceful-fs import-fresh@2.0.0 OK for: graceful-fs@4.2.11 want: ^2.0.0
8555 silly placeDep node_modules/.pnpm/graceful-fs@4.2.11/node_modules/graceful-fs rimraf@2.7.1 OK for: graceful-fs@4.2.11 want: ^2.2.8
8556 silly placeDep node_modules/.pnpm/graceful-fs@4.2.11/node_modules/graceful-fs tap@16.3.10 OK for: graceful-fs@4.2.11 want: ^16.3.4
8557 silly fetch manifest caller-path@^2.0.0
8558 silly packumentCache full:https://registry.npmjs.org/caller-path cache-miss
8559 silly fetch manifest resolve-from@^3.0.0
8560 silly packumentCache full:https://registry.npmjs.org/resolve-from cache-hit
8561 silly fetch manifest libtap@^1.4.0
8562 silly packumentCache full:https://registry.npmjs.org/libtap cache-miss
8563 silly fetch manifest minipass@^3.3.4
8564 silly packumentCache full:https://registry.npmjs.org/minipass cache-hit
8565 silly fetch manifest tap-yaml@^1.0.2
8566 silly packumentCache full:https://registry.npmjs.org/tap-yaml cache-miss
8567 silly fetch manifest jackspeak@^1.4.2
8568 silly packumentCache full:https://registry.npmjs.org/jackspeak cache-hit
8569 silly fetch manifest tap-parser@^11.0.2
8570 silly packumentCache full:https://registry.npmjs.org/tap-parser cache-miss
8571 silly fetch manifest istanbul-lib-processinfo@^2.0.3
8572 silly packumentCache full:https://registry.npmjs.org/istanbul-lib-processinfo cache-miss
8573 http cache https://registry.npmjs.org/tap-yaml 79ms (cache hit)
8574 silly packumentCache full:https://registry.npmjs.org/tap-yaml set size:53962 disposed:false
8575 http cache https://registry.npmjs.org/istanbul-lib-processinfo 76ms (cache hit)
8576 silly packumentCache full:https://registry.npmjs.org/istanbul-lib-processinfo set size:38434 disposed:false
8577 http cache https://registry.npmjs.org/libtap 93ms (cache hit)
8578 silly packumentCache full:https://registry.npmjs.org/libtap set size:54587 disposed:false
8579 http cache https://registry.npmjs.org/tap-parser 90ms (cache hit)
8580 silly packumentCache full:https://registry.npmjs.org/tap-parser set size:320448 disposed:false
8581 http fetch GET 200 https://registry.npmjs.org/caller-path 237ms (cache miss)
8582 silly packumentCache full:https://registry.npmjs.org/caller-path set size:undefined disposed:false
8583 silly fetch manifest @types/tape@^4.13.0
8584 silly packumentCache full:https://registry.npmjs.org/@types%2ftape cache-miss
8585 http cache https://registry.npmjs.org/@types%2ftape 13ms (cache hit)
8586 silly packumentCache full:https://registry.npmjs.org/@types%2ftape set size:59947 disposed:false
8587 silly fetch manifest husky@^4.3.0
8588 silly packumentCache full:https://registry.npmjs.org/husky cache-miss
8589 http fetch GET 200 https://registry.npmjs.org/husky 201ms (cache revalidated)
8590 silly packumentCache full:https://registry.npmjs.org/husky set size:643645 disposed:false
8591 silly fetch manifest lint-staged@^10.3.0
8592 silly packumentCache full:https://registry.npmjs.org/lint-staged cache-miss
8593 http fetch GET 200 https://registry.npmjs.org/lint-staged 319ms (cache revalidated)
8594 silly packumentCache full:https://registry.npmjs.org/lint-staged set size:894421 disposed:false
8595 silly fetch manifest prettier@^2.1.1
8596 silly packumentCache full:https://registry.npmjs.org/prettier cache-hit
8597 silly fetch manifest tape@^4.6.3
8598 silly packumentCache full:https://registry.npmjs.org/tape cache-hit
8599 silly fetch manifest ts-node@^9.0.0
8600 silly packumentCache full:https://registry.npmjs.org/ts-node cache-miss
8601 http fetch GET 200 https://registry.npmjs.org/ts-node 84ms (cache miss)
8602 silly packumentCache full:https://registry.npmjs.org/ts-node set size:undefined disposed:false
8603 silly fetch manifest typescript@^4.0.2
8604 silly packumentCache full:https://registry.npmjs.org/typescript cache-miss
8605 http cache https://registry.npmjs.org/typescript 60ms (cache hit)
8606 silly packumentCache full:https://registry.npmjs.org/typescript set size:14432499 disposed:false
8607 silly placeDep node_modules/.pnpm/graphemer@1.4.0/node_modules/graphemer @types/tape@4.13.4 OK for: graphemer@1.4.0 want: ^4.13.0
8608 silly placeDep node_modules/.pnpm/graphemer@1.4.0/node_modules/graphemer husky@4.3.8 OK for: graphemer@1.4.0 want: ^4.3.0
8609 silly placeDep node_modules/.pnpm/graphemer@1.4.0/node_modules/graphemer lint-staged@10.5.4 OK for: graphemer@1.4.0 want: ^10.3.0
8610 silly placeDep node_modules/.pnpm/graphemer@1.4.0/node_modules/graphemer prettier@2.8.8 OK for: graphemer@1.4.0 want: ^2.1.1
8611 silly placeDep node_modules/.pnpm/graphemer@1.4.0/node_modules/graphemer tape@4.17.0 OK for: graphemer@1.4.0 want: ^4.6.3
8612 silly placeDep node_modules/.pnpm/graphemer@1.4.0/node_modules/graphemer ts-node@9.1.1 OK for: graphemer@1.4.0 want: ^9.0.0
8613 silly placeDep node_modules/.pnpm/graphemer@1.4.0/node_modules/graphemer typescript@4.9.5 OK for: graphemer@1.4.0 want: ^4.0.2
8614 silly fetch manifest @types/through@*
8615 silly packumentCache full:https://registry.npmjs.org/@types%2fthrough cache-miss
8616 silly fetch manifest ci-info@^2.0.0
8617 silly packumentCache full:https://registry.npmjs.org/ci-info cache-hit
8618 silly fetch manifest pkg-dir@^5.0.0
8619 silly packumentCache full:https://registry.npmjs.org/pkg-dir cache-miss
8620 silly fetch manifest cosmiconfig@^7.0.0
8621 silly packumentCache full:https://registry.npmjs.org/cosmiconfig cache-hit
8622 silly fetch manifest find-versions@^4.0.0
8623 silly packumentCache full:https://registry.npmjs.org/find-versions cache-miss
8624 silly fetch manifest which-pm-runs@^1.0.0
8625 silly packumentCache full:https://registry.npmjs.org/which-pm-runs cache-miss
8626 silly fetch manifest compare-versions@^3.6.0
8627 silly packumentCache full:https://registry.npmjs.org/compare-versions cache-miss
8628 silly fetch manifest please-upgrade-node@^3.2.0
8629 silly packumentCache full:https://registry.npmjs.org/please-upgrade-node cache-miss
8630 silly fetch manifest opencollective-postinstall@^2.0.2
8631 silly packumentCache full:https://registry.npmjs.org/opencollective-postinstall cache-miss
8632 silly fetch manifest execa@^4.1.0
8633 silly packumentCache full:https://registry.npmjs.org/execa cache-hit
8634 silly fetch manifest dedent@^0.7.0
8635 silly packumentCache full:https://registry.npmjs.org/dedent cache-miss
8636 silly fetch manifest listr2@^3.2.2
8637 silly packumentCache full:https://registry.npmjs.org/listr2 cache-miss
8638 silly fetch manifest enquirer@^2.3.6
8639 silly packumentCache full:https://registry.npmjs.org/enquirer cache-miss
8640 silly fetch manifest log-symbols@^4.0.0
8641 silly packumentCache full:https://registry.npmjs.org/log-symbols cache-hit
8642 silly fetch manifest string-argv@0.3.1
8643 silly packumentCache full:https://registry.npmjs.org/string-argv cache-miss
8644 http cache https://registry.npmjs.org/string-argv 35ms (cache hit)
8645 silly packumentCache full:https://registry.npmjs.org/string-argv set size:28606 disposed:false
8646 silly fetch manifest cli-truncate@^2.1.0
8647 silly packumentCache full:https://registry.npmjs.org/cli-truncate cache-hit
8648 silly fetch manifest normalize-path@^3.0.0
8649 silly packumentCache full:https://registry.npmjs.org/normalize-path cache-miss
8650 http cache https://registry.npmjs.org/enquirer 44ms (cache hit)
8651 silly packumentCache full:https://registry.npmjs.org/enquirer set size:203040 disposed:false
8652 silly fetch manifest stringify-object@^3.3.0
8653 silly packumentCache full:https://registry.npmjs.org/stringify-object cache-miss
8654 http cache https://registry.npmjs.org/compare-versions 62ms (cache hit)
8655 silly packumentCache full:https://registry.npmjs.org/compare-versions set size:84298 disposed:false
8656 silly fetch manifest please-upgrade-node@^3.2.0
8657 silly packumentCache full:https://registry.npmjs.org/please-upgrade-node cache-miss
8658 http cache https://registry.npmjs.org/listr2 63ms (cache hit)
8659 silly packumentCache full:https://registry.npmjs.org/listr2 set size:1027675 disposed:false
8660 silly fetch manifest yn@3.1.1
8661 silly packumentCache full:https://registry.npmjs.org/yn cache-miss
8662 http fetch GET 200 https://registry.npmjs.org/pkg-dir 151ms (cache miss)
8663 silly packumentCache full:https://registry.npmjs.org/pkg-dir set size:undefined disposed:false
8664 silly fetch manifest arg@^4.1.0
8665 silly packumentCache full:https://registry.npmjs.org/arg cache-miss
8666 http cache https://registry.npmjs.org/arg 14ms (cache hit)
8667 silly packumentCache full:https://registry.npmjs.org/arg set size:67251 disposed:false
8668 silly fetch manifest make-error@^1.1.1
8669 silly packumentCache full:https://registry.npmjs.org/make-error cache-miss
8670 http cache https://registry.npmjs.org/make-error 12ms (cache hit)
8671 silly packumentCache full:https://registry.npmjs.org/make-error set size:45218 disposed:false
8672 silly fetch manifest create-require@^1.1.0
8673 silly packumentCache full:https://registry.npmjs.org/create-require cache-miss
8674 http fetch GET 200 https://registry.npmjs.org/normalize-path 149ms (cache revalidated)
8675 silly packumentCache full:https://registry.npmjs.org/normalize-path set size:28713 disposed:false
8676 http fetch GET 200 https://registry.npmjs.org/stringify-object 190ms (cache miss)
8677 silly packumentCache full:https://registry.npmjs.org/stringify-object set size:undefined disposed:false
8678 http fetch GET 200 https://registry.npmjs.org/please-upgrade-node 258ms (cache miss)
8679 silly packumentCache full:https://registry.npmjs.org/please-upgrade-node set size:undefined disposed:false
8680 http fetch GET 200 https://registry.npmjs.org/opencollective-postinstall 261ms (cache miss)
8681 silly packumentCache full:https://registry.npmjs.org/opencollective-postinstall set size:undefined disposed:false
8682 http fetch GET 200 https://registry.npmjs.org/please-upgrade-node 199ms (cache miss)
8683 silly packumentCache full:https://registry.npmjs.org/please-upgrade-node set size:undefined disposed:false
8684 http fetch GET 200 https://registry.npmjs.org/which-pm-runs 268ms (cache miss)
8685 silly packumentCache full:https://registry.npmjs.org/which-pm-runs set size:undefined disposed:false
8686 http fetch GET 200 https://registry.npmjs.org/find-versions 270ms (cache miss)
8687 silly packumentCache full:https://registry.npmjs.org/find-versions set size:undefined disposed:false
8688 http fetch GET 200 https://registry.npmjs.org/dedent 266ms (cache miss)
8689 silly packumentCache full:https://registry.npmjs.org/dedent set size:undefined disposed:false
8690 http fetch GET 200 https://registry.npmjs.org/create-require 131ms (cache miss)
8691 silly packumentCache full:https://registry.npmjs.org/create-require set size:undefined disposed:false
8692 http fetch GET 200 https://registry.npmjs.org/yn 243ms (cache miss)
8693 silly packumentCache full:https://registry.npmjs.org/yn set size:undefined disposed:false
8694 http fetch GET 200 https://registry.npmjs.org/@types%2fthrough 384ms (cache miss)
8695 silly packumentCache full:https://registry.npmjs.org/@types%2fthrough set size:undefined disposed:false
8696 silly placeDep node_modules/.pnpm/has-bigints@1.1.0/node_modules/has-bigints eslint@8.8.0 OK for: has-bigints@1.1.0 want: =8.8.0
8697 silly placeDep node_modules/.pnpm/has-bigints@1.1.0/node_modules/has-bigints nyc@10.3.2 OK for: has-bigints@1.1.0 want: ^10.3.2
8698 silly placeDep node_modules/.pnpm/has-bigints@1.1.0/node_modules/has-bigints typescript@5.9.0-dev.20250717 OK for: has-bigints@1.1.0 want: next
8699 silly placeDep node_modules/.pnpm/has-flag@4.0.0/node_modules/has-flag ava@1.4.1 OK for: has-flag@4.0.0 want: ^1.4.1
8700 silly placeDep node_modules/.pnpm/has-flag@4.0.0/node_modules/has-flag tsd@0.7.4 OK for: has-flag@4.0.0 want: ^0.7.2
8701 silly placeDep node_modules/.pnpm/has-flag@4.0.0/node_modules/has-flag xo@0.24.0 OK for: has-flag@4.0.0 want: ^0.24.0
8702 silly fetch manifest @types/core-js@^2.5.8
8703 silly packumentCache full:https://registry.npmjs.org/@types%2fcore-js cache-miss
8704 http fetch GET 200 https://registry.npmjs.org/@types%2fcore-js 598ms (cache miss)
8705 silly packumentCache full:https://registry.npmjs.org/@types%2fcore-js set size:undefined disposed:false
8706 silly fetch manifest core-js@^2.6.12
8707 silly packumentCache full:https://registry.npmjs.org/core-js cache-hit
8708 silly fetch manifest get-own-property-symbols@^0.9.5
8709 silly packumentCache full:https://registry.npmjs.org/get-own-property-symbols cache-miss
8710 http fetch GET 200 https://registry.npmjs.org/get-own-property-symbols 1203ms (cache miss)
8711 silly packumentCache full:https://registry.npmjs.org/get-own-property-symbols set size:undefined disposed:false
8712 silly placeDep ROOT @types/core-js@2.5.8 OK for: has-symbols@1.1.0 want: ^2.5.8
8713 silly placeDep node_modules/.pnpm/has-symbols@1.1.0/node_modules/has-symbols core-js@2.6.12 OK for: has-symbols@1.1.0 want: ^2.6.12
8714 silly placeDep node_modules/.pnpm/has-symbols@1.1.0/node_modules/has-symbols eslint@8.8.0 OK for: has-symbols@1.1.0 want: =8.8.0
8715 silly placeDep ROOT get-own-property-symbols@0.9.6 OK for: has-symbols@1.1.0 want: ^0.9.5
8716 silly placeDep node_modules/.pnpm/has-symbols@1.1.0/node_modules/has-symbols nyc@10.3.2 OK for: has-symbols@1.1.0 want: ^10.3.2
8717 silly placeDep node_modules/.pnpm/has-symbols@1.1.0/node_modules/has-symbols typescript@5.9.0-dev.20250717 OK for: has-symbols@1.1.0 want: next
8718 silly fetch manifest @ehmicky/dev-tasks@^0.31.9
8719 silly packumentCache full:https://registry.npmjs.org/@ehmicky%2fdev-tasks cache-miss
8720 http fetch GET 200 https://registry.npmjs.org/@ehmicky%2fdev-tasks 2272ms (cache miss)
8721 silly packumentCache full:https://registry.npmjs.org/@ehmicky%2fdev-tasks set size:undefined disposed:false
8722 silly fetch manifest ava@^3.5.0
8723 silly packumentCache full:https://registry.npmjs.org/ava cache-hit
8724 silly fetch manifest gulp@^4.0.2
8725 silly packumentCache full:https://registry.npmjs.org/gulp cache-miss
8726 http cache https://registry.npmjs.org/gulp 23ms (cache hit)
8727 silly packumentCache full:https://registry.npmjs.org/gulp set size:155346 disposed:false
8728 silly fetch manifest husky@^4.2.3
8729 silly packumentCache full:https://registry.npmjs.org/husky cache-hit
8730 silly fetch manifest test-each@^2.0.0
8731 silly packumentCache full:https://registry.npmjs.org/test-each cache-miss
8732 http fetch GET 200 https://registry.npmjs.org/test-each 1029ms (cache miss)
8733 silly packumentCache full:https://registry.npmjs.org/test-each set size:undefined disposed:false
8734 silly placeDep ROOT @ehmicky/dev-tasks@0.31.92 OK for: human-signals@2.1.0 want: ^0.31.9
8735 silly placeDep node_modules/.pnpm/human-signals@2.1.0/node_modules/human-signals ava@3.15.0 OK for: human-signals@2.1.0 want: ^3.5.0
8736 silly placeDep node_modules/.pnpm/human-signals@2.1.0/node_modules/human-signals gulp@4.0.2 OK for: human-signals@2.1.0 want: ^4.0.2
8737 silly placeDep node_modules/.pnpm/human-signals@2.1.0/node_modules/human-signals husky@4.3.8 OK for: human-signals@2.1.0 want: ^4.2.3
8738 silly placeDep ROOT test-each@2.0.1 OK for: human-signals@2.1.0 want: ^2.0.0
8739 silly fetch manifest del@^6.0.0
8740 silly packumentCache full:https://registry.npmjs.org/del cache-hit
8741 silly fetch manifest got@^11.8.1
8742 silly packumentCache full:https://registry.npmjs.org/got cache-hit
8743 silly fetch manifest execa@^5.0.1
8744 silly packumentCache full:https://registry.npmjs.org/execa cache-hit
8745 silly fetch manifest is-ci@^3.0.0
8746 silly packumentCache full:https://registry.npmjs.org/is-ci cache-miss
8747 silly fetch manifest jscpd@^3.3.25
8748 silly packumentCache full:https://registry.npmjs.org/jscpd cache-miss
8749 silly fetch manifest gulp-if@^3.0.0
8750 silly packumentCache full:https://registry.npmjs.org/gulp-if cache-miss
8751 silly fetch manifest rename-fn@^1.0.0
8752 silly packumentCache full:https://registry.npmjs.org/rename-fn cache-miss
8753 silly fetch manifest gulp-babel@^8.0.0
8754 silly packumentCache full:https://registry.npmjs.org/gulp-babel cache-miss
8755 silly fetch manifest gulp-execa@^2.0.0
8756 silly packumentCache full:https://registry.npmjs.org/gulp-execa cache-miss
8757 silly fetch manifest release-it@^14.2.2
8758 silly packumentCache full:https://registry.npmjs.org/release-it cache-miss
8759 silly fetch manifest gulp-eslint@^6.0.0
8760 silly packumentCache full:https://registry.npmjs.org/gulp-eslint cache-miss
8761 silly fetch manifest gulp-prettier@^3.0.0
8762 silly packumentCache full:https://registry.npmjs.org/gulp-prettier cache-miss
8763 silly fetch manifest keep-func-props@^3.0.1
8764 silly packumentCache full:https://registry.npmjs.org/keep-func-props cache-miss
8765 silly fetch manifest log-process-errors@^6.3.0
8766 silly packumentCache full:https://registry.npmjs.org/log-process-errors cache-miss
8767 http cache https://registry.npmjs.org/is-ci 33ms (cache hit)
8768 silly packumentCache full:https://registry.npmjs.org/is-ci set size:35380 disposed:false
8769 silly fetch manifest node-version-alias@^1.0.1
8770 silly packumentCache full:https://registry.npmjs.org/node-version-alias cache-miss
8771 http fetch GET 200 https://registry.npmjs.org/gulp-babel 157ms (cache miss)
8772 silly packumentCache full:https://registry.npmjs.org/gulp-babel set size:undefined disposed:false
8773 silly fetch manifest @ehmicky/eslint-config@^15.10.107
8774 silly packumentCache full:https://registry.npmjs.org/@ehmicky%2feslint-config cache-miss
8775 http fetch GET 200 https://registry.npmjs.org/gulp-if 249ms (cache miss)
8776 silly packumentCache full:https://registry.npmjs.org/gulp-if set size:undefined disposed:false
8777 silly fetch manifest @gulp-sourcemaps/map-sources@^1.0.0
8778 silly packumentCache full:https://registry.npmjs.org/@gulp-sourcemaps%2fmap-sources cache-miss
8779 http fetch GET 200 https://registry.npmjs.org/gulp-eslint 268ms (cache miss)
8780 silly packumentCache full:https://registry.npmjs.org/gulp-eslint set size:undefined disposed:false
8781 silly fetch manifest mem@^8.0.0
8782 silly packumentCache full:https://registry.npmjs.org/mem cache-miss
8783 http fetch GET 200 https://registry.npmjs.org/jscpd 326ms (cache miss)
8784 silly packumentCache full:https://registry.npmjs.org/jscpd set size:undefined disposed:false
8785 silly fetch manifest ora@^5.2.0
8786 silly packumentCache full:https://registry.npmjs.org/ora cache-hit
8787 silly fetch manifest p-map@^4.0.0
8788 silly packumentCache full:https://registry.npmjs.org/p-map cache-hit
8789 silly fetch manifest figures@^3.2.0
8790 silly packumentCache full:https://registry.npmjs.org/figures cache-hit
8791 silly fetch manifest matcher@^3.0.0
8792 silly packumentCache full:https://registry.npmjs.org/matcher cache-hit
8793 silly fetch manifest p-event@^4.2.0
8794 silly packumentCache full:https://registry.npmjs.org/p-event cache-miss
8795 http fetch GET 200 https://registry.npmjs.org/mem 253ms (cache miss)
8796 silly packumentCache full:https://registry.npmjs.org/mem set size:undefined disposed:false
8797 silly fetch manifest emittery@^0.8.0
8798 silly packumentCache full:https://registry.npmjs.org/emittery cache-hit
8799 silly fetch manifest read-pkg@^5.2.0
8800 silly packumentCache full:https://registry.npmjs.org/read-pkg cache-miss
8801 http fetch GET 200 https://registry.npmjs.org/p-event 382ms (cache miss)
8802 silly packumentCache full:https://registry.npmjs.org/p-event set size:undefined disposed:false
8803 silly fetch manifest supertap@^2.0.0
8804 silly packumentCache full:https://registry.npmjs.org/supertap cache-hit
8805 silly fetch manifest temp-dir@^2.0.0
8806 silly packumentCache full:https://registry.npmjs.org/temp-dir cache-miss
8807 http cache https://registry.npmjs.org/read-pkg 173ms (cache hit)
8808 silly packumentCache full:https://registry.npmjs.org/read-pkg set size:40130 disposed:false
8809 silly fetch manifest callsites@^3.1.0
8810 silly packumentCache full:https://registry.npmjs.org/callsites cache-miss
8811 http cache https://registry.npmjs.org/temp-dir 53ms (cache hit)
8812 silly packumentCache full:https://registry.npmjs.org/temp-dir set size:8337 disposed:false
8813 silly fetch manifest picomatch@^2.2.2
8814 silly packumentCache full:https://registry.npmjs.org/picomatch cache-hit
8815 silly fetch manifest pretty-ms@^7.0.1
8816 silly packumentCache full:https://registry.npmjs.org/pretty-ms cache-hit
8817 silly fetch manifest acorn-walk@^8.0.0
8818 silly packumentCache full:https://registry.npmjs.org/acorn-walk cache-miss
8819 http cache https://registry.npmjs.org/callsites 40ms (cache hit)
8820 silly packumentCache full:https://registry.npmjs.org/callsites set size:21349 disposed:false
8821 silly fetch manifest ansi-styles@^5.0.0
8822 silly packumentCache full:https://registry.npmjs.org/ansi-styles cache-hit
8823 silly fetch manifest concordance@^5.0.1
8824 silly packumentCache full:https://registry.npmjs.org/concordance cache-hit
8825 silly fetch manifest stack-utils@^2.0.3
8826 silly packumentCache full:https://registry.npmjs.org/stack-utils cache-hit
8827 silly fetch manifest code-excerpt@^3.0.0
8828 silly packumentCache full:https://registry.npmjs.org/code-excerpt cache-hit
8829 silly fetch manifest update-notifier@^5.0.1
8830 silly packumentCache full:https://registry.npmjs.org/update-notifier cache-hit
8831 silly fetch manifest ignore-by-default@^2.0.0
8832 silly packumentCache full:https://registry.npmjs.org/ignore-by-default cache-hit
8833 silly fetch manifest write-file-atomic@^3.0.3
8834 silly packumentCache full:https://registry.npmjs.org/write-file-atomic cache-hit
8835 silly fetch manifest gulp-cli@^2.2.0
8836 silly packumentCache full:https://registry.npmjs.org/gulp-cli cache-miss
8837 http fetch GET 200 https://registry.npmjs.org/gulp-execa 937ms (cache miss)
8838 silly packumentCache full:https://registry.npmjs.org/gulp-execa set size:undefined disposed:false
8839 silly fetch manifest vinyl-fs@^3.0.0
8840 silly packumentCache full:https://registry.npmjs.org/vinyl-fs cache-hit
8841 silly fetch manifest undertaker@^1.2.1
8842 silly packumentCache full:https://registry.npmjs.org/undertaker cache-miss
8843 http fetch GET 200 https://registry.npmjs.org/gulp-prettier 1022ms (cache miss)
8844 silly packumentCache full:https://registry.npmjs.org/gulp-prettier set size:undefined disposed:false
8845 silly fetch manifest glob-watcher@^5.0.3
8846 silly packumentCache full:https://registry.npmjs.org/glob-watcher cache-miss
8847 http fetch GET 200 https://registry.npmjs.org/acorn-walk 281ms (cache revalidated)
8848 silly packumentCache full:https://registry.npmjs.org/acorn-walk set size:48148 disposed:false
8849 silly fetch manifest is-plain-obj@^2.1.0
8850 silly packumentCache full:https://registry.npmjs.org/is-plain-obj cache-miss
8851 http fetch GET 200 https://registry.npmjs.org/rename-fn 1103ms (cache miss)
8852 silly packumentCache full:https://registry.npmjs.org/rename-fn set size:undefined disposed:false
8853 silly fetch manifest big-cartesian@^2.0.0
8854 silly packumentCache full:https://registry.npmjs.org/big-cartesian cache-miss
8855 http fetch GET 200 https://registry.npmjs.org/undertaker 207ms (cache miss)
8856 silly packumentCache full:https://registry.npmjs.org/undertaker set size:undefined disposed:false
8857 silly fetch manifest pretty-format@^25.3.0
8858 silly packumentCache full:https://registry.npmjs.org/pretty-format cache-miss
8859 http fetch GET 200 https://registry.npmjs.org/node-version-alias 1137ms (cache miss)
8860 silly packumentCache full:https://registry.npmjs.org/node-version-alias set size:undefined disposed:false
8861 http fetch GET 200 https://registry.npmjs.org/keep-func-props 1179ms (cache miss)
8862 silly packumentCache full:https://registry.npmjs.org/keep-func-props set size:undefined disposed:false
8863 http cache https://registry.npmjs.org/pretty-format 88ms (cache hit)
8864 silly packumentCache full:https://registry.npmjs.org/pretty-format set size:587531 disposed:false
8865 http fetch GET 200 https://registry.npmjs.org/log-process-errors 1282ms (cache miss)
8866 silly packumentCache full:https://registry.npmjs.org/log-process-errors set size:undefined disposed:false
8867 http fetch GET 200 https://registry.npmjs.org/glob-watcher 310ms (cache miss)
8868 silly packumentCache full:https://registry.npmjs.org/glob-watcher set size:undefined disposed:false
8869 http fetch GET 200 https://registry.npmjs.org/is-plain-obj 250ms (cache miss)
8870 silly packumentCache full:https://registry.npmjs.org/is-plain-obj set size:undefined disposed:false
8871 http fetch GET 200 https://registry.npmjs.org/release-it 1620ms (cache miss)
8872 silly packumentCache full:https://registry.npmjs.org/release-it set size:undefined disposed:false
8873 http fetch GET 200 https://registry.npmjs.org/gulp-cli 1011ms (cache miss)
8874 silly packumentCache full:https://registry.npmjs.org/gulp-cli set size:undefined disposed:false
8875 http fetch GET 200 https://registry.npmjs.org/big-cartesian 1048ms (cache miss)
8876 silly packumentCache full:https://registry.npmjs.org/big-cartesian set size:undefined disposed:false
8877 http fetch GET 200 https://registry.npmjs.org/@ehmicky%2feslint-config 2123ms (cache miss)
8878 silly packumentCache full:https://registry.npmjs.org/@ehmicky%2feslint-config set size:undefined disposed:false
8879 http fetch GET 200 https://registry.npmjs.org/@gulp-sourcemaps%2fmap-sources 2158ms (cache miss)
8880 silly packumentCache full:https://registry.npmjs.org/@gulp-sourcemaps%2fmap-sources set size:undefined disposed:false
8881 silly fetch manifest codecov@^3.8.2
8882 silly packumentCache full:https://registry.npmjs.org/codecov cache-miss
8883 http fetch GET 200 https://registry.npmjs.org/codecov 130ms (cache miss)
8884 silly packumentCache full:https://registry.npmjs.org/codecov set size:undefined disposed:false
8885 silly fetch manifest eslint@^8.46.0
8886 silly packumentCache full:https://registry.npmjs.org/eslint cache-miss
8887 http cache https://registry.npmjs.org/eslint 14ms (cache hit)
8888 silly packumentCache full:https://registry.npmjs.org/eslint set size:1811205 disposed:false
8889 silly fetch manifest eslint-config-ostai@^3.0.0
8890 silly packumentCache full:https://registry.npmjs.org/eslint-config-ostai cache-miss
8891 http fetch GET 200 https://registry.npmjs.org/eslint-config-ostai 1077ms (cache miss)
8892 silly packumentCache full:https://registry.npmjs.org/eslint-config-ostai set size:undefined disposed:false
8893 silly fetch manifest pre-suf@^1.1.1
8894 silly packumentCache full:https://registry.npmjs.org/pre-suf cache-miss
8895 http fetch GET 200 https://registry.npmjs.org/pre-suf 1065ms (cache miss)
8896 silly packumentCache full:https://registry.npmjs.org/pre-suf set size:undefined disposed:false
8897 silly fetch manifest rimraf@^6.0.1
8898 silly packumentCache full:https://registry.npmjs.org/rimraf cache-hit
8899 silly fetch manifest spawn-sync@^2.0.0
8900 silly packumentCache full:https://registry.npmjs.org/spawn-sync cache-miss
8901 http cache https://registry.npmjs.org/spawn-sync 15ms (cache hit)
8902 silly packumentCache full:https://registry.npmjs.org/spawn-sync set size:29096 disposed:false
8903 silly fetch manifest tap@^16.3.9
8904 silly packumentCache full:https://registry.npmjs.org/tap cache-miss
8905 http cache https://registry.npmjs.org/tap 16ms (cache hit)
8906 silly packumentCache full:https://registry.npmjs.org/tap set size:1263323 disposed:false
8907 silly fetch manifest tmp@0.2.3
8908 silly packumentCache full:https://registry.npmjs.org/tmp cache-hit
8909 silly placeDep ROOT codecov@3.8.2 OK for: ignore@5.3.2 want: ^3.8.2
8910 silly placeDep node_modules/.pnpm/ignore@5.3.2/node_modules/ignore eslint@8.57.1 OK for: ignore@5.3.2 want: ^8.46.0
8911 silly placeDep ROOT eslint-config-ostai@3.0.0 OK for: ignore@5.3.2 want: ^3.0.0
8912 silly placeDep node_modules/.pnpm/ignore@5.3.2/node_modules/ignore mkdirp@3.0.1 OK for: ignore@5.3.2 want: ^3.0.1
8913 silly placeDep ROOT pre-suf@1.1.1 OK for: ignore@5.3.2 want: ^1.1.1
8914 silly placeDep node_modules/.pnpm/ignore@5.3.2/node_modules/ignore rimraf@6.0.1 OK for: ignore@5.3.2 want: ^6.0.1
8915 silly placeDep ROOT spawn-sync@2.0.0 OK for: ignore@5.3.2 want: ^2.0.0
8916 silly placeDep node_modules/.pnpm/ignore@5.3.2/node_modules/ignore tap@16.3.10 OK for: ignore@5.3.2 want: ^16.3.9
8917 silly placeDep node_modules/.pnpm/ignore@5.3.2/node_modules/ignore tmp@0.2.3 OK for: ignore@5.3.2 want: 0.2.3
8918 silly fetch manifest argv@0.0.2
8919 silly packumentCache full:https://registry.npmjs.org/argv cache-miss
8920 silly fetch manifest ignore-walk@3.0.3
8921 silly packumentCache full:https://registry.npmjs.org/ignore-walk cache-miss
8922 silly fetch manifest js-yaml@3.14.1
8923 silly packumentCache full:https://registry.npmjs.org/js-yaml cache-hit
8924 silly fetch manifest teeny-request@7.0.1
8925 silly packumentCache full:https://registry.npmjs.org/teeny-request cache-miss
8926 silly fetch manifest urlgrey@0.4.4
8927 silly packumentCache full:https://registry.npmjs.org/urlgrey cache-miss
8928 silly fetch manifest eslint-config-airbnb-base@^13.0.0
8929 silly packumentCache full:https://registry.npmjs.org/eslint-config-airbnb-base cache-miss
8930 silly fetch manifest glob@^11.0.0
8931 silly packumentCache full:https://registry.npmjs.org/glob cache-hit
8932 http cache https://registry.npmjs.org/urlgrey 34ms (cache hit)
8933 silly packumentCache full:https://registry.npmjs.org/urlgrey set size:41525 disposed:false
8934 http cache https://registry.npmjs.org/eslint-config-airbnb-base 29ms (cache hit)
8935 silly packumentCache full:https://registry.npmjs.org/eslint-config-airbnb-base set size:123520 disposed:false
8936 http fetch GET 200 https://registry.npmjs.org/ignore-walk 257ms (cache miss)
8937 silly packumentCache full:https://registry.npmjs.org/ignore-walk set size:undefined disposed:false
8938 http fetch GET 200 https://registry.npmjs.org/argv 264ms (cache miss)
8939 silly packumentCache full:https://registry.npmjs.org/argv set size:undefined disposed:false
8940 http fetch GET 200 https://registry.npmjs.org/teeny-request 267ms (cache miss)
8941 silly packumentCache full:https://registry.npmjs.org/teeny-request set size:undefined disposed:false
8942 silly placeDep node_modules/.pnpm/ignore@7.0.5/node_modules/ignore eslint@8.57.1 OK for: ignore@7.0.5 want: ^8.46.0
8943 silly placeDep node_modules/.pnpm/ignore@7.0.5/node_modules/ignore mkdirp@3.0.1 OK for: ignore@7.0.5 want: ^3.0.1
8944 silly placeDep node_modules/.pnpm/ignore@7.0.5/node_modules/ignore rimraf@6.0.1 OK for: ignore@7.0.5 want: ^6.0.1
8945 silly placeDep node_modules/.pnpm/ignore@7.0.5/node_modules/ignore tap@16.3.10 OK for: ignore@7.0.5 want: ^16.3.9
8946 silly placeDep node_modules/.pnpm/ignore@7.0.5/node_modules/ignore tmp@0.2.3 OK for: ignore@7.0.5 want: 0.2.3
8947 silly placeDep node_modules/.pnpm/indent-string@4.0.0/node_modules/indent-string ava@1.4.1 OK for: indent-string@4.0.0 want: ^1.4.1
8948 silly placeDep node_modules/.pnpm/indent-string@4.0.0/node_modules/indent-string tsd@0.7.4 OK for: indent-string@4.0.0 want: ^0.7.2
8949 silly placeDep node_modules/.pnpm/indent-string@4.0.0/node_modules/indent-string xo@0.24.0 OK for: indent-string@4.0.0 want: ^0.24.0
8950 silly fetch manifest tap@^14.2.4
8951 silly packumentCache full:https://registry.npmjs.org/tap cache-miss
8952 http cache https://registry.npmjs.org/tap 16ms (cache hit)
8953 silly packumentCache full:https://registry.npmjs.org/tap set size:1263323 disposed:false
8954 silly placeDep node_modules/.pnpm/inherits@2.0.4/node_modules/inherits tap@14.11.0 OK for: inherits@2.0.4 want: ^14.2.4
8955 silly fetch manifest own-or@^1.0.0
8956 silly packumentCache full:https://registry.npmjs.org/own-or cache-miss
8957 silly fetch manifest yapool@^1.0.0
8958 silly packumentCache full:https://registry.npmjs.org/yapool cache-miss
8959 silly fetch manifest ts-node@^8.5.2
8960 silly packumentCache full:https://registry.npmjs.org/ts-node cache-miss
8961 silly fetch manifest tcompare@^3.0.0
8962 silly packumentCache full:https://registry.npmjs.org/tcompare cache-miss
8963 silly fetch manifest jackspeak@^1.4.0
8964 silly packumentCache full:https://registry.npmjs.org/jackspeak cache-hit
8965 silly fetch manifest own-or-env@^1.0.1
8966 silly packumentCache full:https://registry.npmjs.org/own-or-env cache-miss
8967 silly fetch manifest typescript@^3.7.2
8968 silly packumentCache full:https://registry.npmjs.org/typescript cache-miss
8969 silly fetch manifest stack-utils@^1.0.3
8970 silly packumentCache full:https://registry.npmjs.org/stack-utils cache-hit
8971 silly fetch manifest color-support@^1.1.0
8972 silly packumentCache full:https://registry.npmjs.org/color-support cache-miss
8973 silly fetch manifest function-loop@^1.0.2
8974 silly packumentCache full:https://registry.npmjs.org/function-loop cache-miss
8975 silly fetch manifest bind-obj-methods@^2.0.0
8976 silly packumentCache full:https://registry.npmjs.org/bind-obj-methods cache-miss
8977 silly fetch manifest foreground-child@^1.3.3
8978 silly packumentCache full:https://registry.npmjs.org/foreground-child cache-hit
8979 silly fetch manifest trivial-deferred@^1.0.1
8980 silly packumentCache full:https://registry.npmjs.org/trivial-deferred cache-miss
8981 silly fetch manifest async-hook-domain@^1.1.3
8982 silly packumentCache full:https://registry.npmjs.org/async-hook-domain cache-miss
8983 http cache https://registry.npmjs.org/ts-node 88ms (cache hit)
8984 silly packumentCache full:https://registry.npmjs.org/ts-node set size:574536 disposed:false
8985 silly fetch manifest flow-remove-types@^2.112.0
8986 silly packumentCache full:https://registry.npmjs.org/flow-remove-types cache-miss
8987 http cache https://registry.npmjs.org/tcompare 104ms (cache hit)
8988 silly packumentCache full:https://registry.npmjs.org/tcompare set size:175413 disposed:false
8989 silly fetch manifest write-file-atomic@^3.0.1
8990 silly packumentCache full:https://registry.npmjs.org/write-file-atomic cache-hit
8991 silly fetch manifest tap-mocha-reporter@^5.0.0
8992 silly packumentCache full:https://registry.npmjs.org/tap-mocha-reporter cache-miss
8993 http cache https://registry.npmjs.org/typescript 154ms (cache hit)
8994 silly packumentCache full:https://registry.npmjs.org/typescript set size:14432499 disposed:false
8995 silly fetch manifest browser-process-hrtime@^1.0.0
8996 silly packumentCache full:https://registry.npmjs.org/browser-process-hrtime cache-miss
8997 http fetch GET 200 https://registry.npmjs.org/color-support 490ms (cache miss)
8998 silly packumentCache full:https://registry.npmjs.org/color-support set size:undefined disposed:false
8999 silly fetch manifest istanbul-lib-processinfo@^1.0.0
9000 silly packumentCache full:https://registry.npmjs.org/istanbul-lib-processinfo cache-hit
9001 http cache https://registry.npmjs.org/tap-mocha-reporter 395ms (cache hit)
9002 silly packumentCache full:https://registry.npmjs.org/tap-mocha-reporter set size:84234 disposed:false
9003 http fetch GET 200 https://registry.npmjs.org/async-hook-domain 485ms (cache miss)
9004 silly packumentCache full:https://registry.npmjs.org/async-hook-domain set size:undefined disposed:false
9005 http fetch GET 200 https://registry.npmjs.org/flow-remove-types 432ms (cache miss)
9006 silly packumentCache full:https://registry.npmjs.org/flow-remove-types set size:undefined disposed:false
9007 http fetch GET 200 https://registry.npmjs.org/browser-process-hrtime 208ms (cache miss)
9008 silly packumentCache full:https://registry.npmjs.org/browser-process-hrtime set size:undefined disposed:false
9009 http fetch GET 200 https://registry.npmjs.org/bind-obj-methods 940ms (cache miss)
9010 silly packumentCache full:https://registry.npmjs.org/bind-obj-methods set size:undefined disposed:false
9011 http fetch GET 200 https://registry.npmjs.org/yapool 1055ms (cache miss)
9012 silly packumentCache full:https://registry.npmjs.org/yapool set size:undefined disposed:false
9013 http fetch GET 200 https://registry.npmjs.org/own-or-env 1046ms (cache miss)
9014 silly packumentCache full:https://registry.npmjs.org/own-or-env set size:undefined disposed:false
9015 http fetch GET 200 https://registry.npmjs.org/trivial-deferred 1034ms (cache miss)
9016 silly packumentCache full:https://registry.npmjs.org/trivial-deferred set size:undefined disposed:false
9017 http fetch GET 200 https://registry.npmjs.org/own-or 1080ms (cache miss)
9018 silly packumentCache full:https://registry.npmjs.org/own-or set size:undefined disposed:false
9019 http fetch GET 200 https://registry.npmjs.org/function-loop 1101ms (cache miss)
9020 silly packumentCache full:https://registry.npmjs.org/function-loop set size:undefined disposed:false
9021 silly fetch manifest coffee-script@~1.12.6
9022 silly packumentCache full:https://registry.npmjs.org/coffee-script cache-hit
9023 silly fetch manifest nodeunit@^0.11.3
9024 silly packumentCache full:https://registry.npmjs.org/nodeunit cache-miss
9025 http fetch GET 200 https://registry.npmjs.org/nodeunit 1192ms (cache miss)
9026 silly packumentCache full:https://registry.npmjs.org/nodeunit set size:undefined disposed:false
9027 silly fetch manifest uglify-js@~3.0.19
9028 silly packumentCache full:https://registry.npmjs.org/uglify-js cache-hit
9029 silly placeDep node_modules/.pnpm/ipaddr.js@1.9.1/node_modules/ipaddr.js coffee-script@1.12.7 OK for: ipaddr.js@1.9.1 want: ~1.12.6
9030 silly placeDep ROOT nodeunit@0.11.3 OK for: ipaddr.js@1.9.1 want: ^0.11.3
9031 silly placeDep node_modules/.pnpm/ipaddr.js@1.9.1/node_modules/ipaddr.js uglify-js@3.0.28 OK for: ipaddr.js@1.9.1 want: ~3.0.19
9032 silly fetch manifest ejs@^2.5.2
9033 silly packumentCache full:https://registry.npmjs.org/ejs cache-miss
9034 silly fetch manifest tap@^12.0.1
9035 silly packumentCache full:https://registry.npmjs.org/tap cache-miss
9036 silly fetch manifest commander@~2.11.0
9037 silly packumentCache full:https://registry.npmjs.org/commander cache-hit
9038 silly fetch manifest source-map@~0.5.1
9039 silly packumentCache full:https://registry.npmjs.org/source-map cache-hit
9040 http cache https://registry.npmjs.org/tap 27ms (cache hit)
9041 silly packumentCache full:https://registry.npmjs.org/tap set size:1263323 disposed:false
9042 http cache https://registry.npmjs.org/ejs 70ms (cache hit)
9043 silly packumentCache full:https://registry.npmjs.org/ejs set size:143086 disposed:false
9044 silly fetch manifest nodeunit@~0.9.0
9045 silly packumentCache full:https://registry.npmjs.org/nodeunit cache-miss
9046 http cache https://registry.npmjs.org/nodeunit 14ms (cache hit)
9047 silly packumentCache full:https://registry.npmjs.org/nodeunit set size:116393 disposed:false
9048 silly placeDep node_modules/.pnpm/clone@1.0.4/node_modules/clone nodeunit@0.9.5 OK for: clone@1.0.4 want: ~0.9.0
9049 silly fetch manifest tap@^7.0.0
9050 silly packumentCache full:https://registry.npmjs.org/tap cache-miss
9051 http cache https://registry.npmjs.org/tap 20ms (cache hit)
9052 silly packumentCache full:https://registry.npmjs.org/tap set size:1263323 disposed:false
9053 silly fetch manifest @zeit/eslint-config-node@^0.3.0
9054 silly packumentCache full:https://registry.npmjs.org/@zeit%2feslint-config-node cache-miss
9055 http fetch GET 200 https://registry.npmjs.org/@zeit%2feslint-config-node 2116ms (cache miss)
9056 silly packumentCache full:https://registry.npmjs.org/@zeit%2feslint-config-node set size:undefined disposed:false
9057 silly fetch manifest @zeit/git-hooks@^0.1.4
9058 silly packumentCache full:https://registry.npmjs.org/@zeit%2fgit-hooks cache-miss
9059 http fetch GET 200 https://registry.npmjs.org/@zeit%2fgit-hooks 2159ms (cache miss)
9060 silly packumentCache full:https://registry.npmjs.org/@zeit%2fgit-hooks set size:undefined disposed:false
9061 silly fetch manifest coffeescript@^2.3.1
9062 silly packumentCache full:https://registry.npmjs.org/coffeescript cache-miss
9063 http fetch GET 200 https://registry.npmjs.org/coffeescript 243ms (cache miss)
9064 silly packumentCache full:https://registry.npmjs.org/coffeescript set size:undefined disposed:false
9065 silly fetch manifest coveralls@^3.0.1
9066 silly packumentCache full:https://registry.npmjs.org/coveralls cache-hit
9067 silly fetch manifest eslint@^4.19.1
9068 silly packumentCache full:https://registry.npmjs.org/eslint cache-miss
9069 http fetch GET 200 https://registry.npmjs.org/eslint 239ms (cache revalidated)
9070 silly packumentCache full:https://registry.npmjs.org/eslint set size:1811205 disposed:false
9071 silly fetch manifest should@^13.2.1
9072 silly packumentCache full:https://registry.npmjs.org/should cache-miss
9073 http fetch GET 200 https://registry.npmjs.org/should 955ms (cache miss)
9074 silly packumentCache full:https://registry.npmjs.org/should set size:undefined disposed:false
9075 silly placeDep ROOT @zeit/eslint-config-node@0.3.0 OK for: is-arrayish@0.3.2 want: ^0.3.0
9076 silly placeDep ROOT @zeit/git-hooks@0.1.4 OK for: is-arrayish@0.3.2 want: ^0.1.4
9077 silly placeDep ROOT coffeescript@2.7.0 OK for: is-arrayish@0.3.2 want: ^2.3.1
9078 silly placeDep node_modules/.pnpm/is-arrayish@0.3.2/node_modules/is-arrayish coveralls@3.1.1 OK for: is-arrayish@0.3.2 want: ^3.0.1
9079 silly placeDep node_modules/.pnpm/is-arrayish@0.3.2/node_modules/is-arrayish eslint@4.19.1 OK for: is-arrayish@0.3.2 want: ^4.19.1
9080 silly placeDep node_modules/.pnpm/is-arrayish@0.3.2/node_modules/is-arrayish mocha@5.2.0 OK for: is-arrayish@0.3.2 want: ^5.2.0
9081 silly placeDep ROOT should@13.2.3 OK for: is-arrayish@0.3.2 want: ^13.2.1
9082 silly fetch manifest @zeit/eslint-config-base@0.3.0
9083 silly packumentCache full:https://registry.npmjs.org/@zeit%2feslint-config-base cache-miss
9084 silly fetch manifest ajv@^5.3.0
9085 silly packumentCache full:https://registry.npmjs.org/ajv cache-miss
9086 silly fetch manifest debug@^3.1.0
9087 silly packumentCache full:https://registry.npmjs.org/debug cache-hit
9088 silly fetch manifest table@4.0.2
9089 silly packumentCache full:https://registry.npmjs.org/table cache-hit
9090 silly fetch manifest espree@^3.5.4
9091 silly packumentCache full:https://registry.npmjs.org/espree cache-hit
9092 silly fetch manifest globals@^11.0.1
9093 silly packumentCache full:https://registry.npmjs.org/globals cache-hit
9094 silly fetch manifest js-yaml@^3.9.1
9095 silly packumentCache full:https://registry.npmjs.org/js-yaml cache-hit
9096 silly fetch manifest regexpp@^1.0.1
9097 silly packumentCache full:https://registry.npmjs.org/regexpp cache-hit
9098 silly fetch manifest inquirer@^3.0.6
9099 silly packumentCache full:https://registry.npmjs.org/inquirer cache-hit
9100 silly fetch manifest cross-spawn@^5.1.0
9101 silly packumentCache full:https://registry.npmjs.org/cross-spawn cache-hit
9102 silly fetch manifest eslint-scope@^3.7.1
9103 silly packumentCache full:https://registry.npmjs.org/eslint-scope cache-hit
9104 silly fetch manifest should-equal@^2.0.0
9105 silly packumentCache full:https://registry.npmjs.org/should-equal cache-miss
9106 silly fetch manifest should-format@^3.0.3
9107 silly packumentCache full:https://registry.npmjs.org/should-format cache-miss
9108 silly fetch manifest should-type@^1.4.0
9109 silly packumentCache full:https://registry.npmjs.org/should-type cache-miss
9110 silly fetch manifest should-type-adaptors@^1.0.1
9111 silly packumentCache full:https://registry.npmjs.org/should-type-adaptors cache-miss
9112 silly fetch manifest should-util@^1.0.0
9113 silly packumentCache full:https://registry.npmjs.org/should-util cache-miss
9114 http cache https://registry.npmjs.org/ajv 62ms (cache hit)
9115 silly packumentCache full:https://registry.npmjs.org/ajv set size:1126055 disposed:false
9116 http fetch GET 200 https://registry.npmjs.org/should-type-adaptors 242ms (cache miss)
9117 silly packumentCache full:https://registry.npmjs.org/should-type-adaptors set size:undefined disposed:false
9118 http fetch GET 200 https://registry.npmjs.org/should-format 246ms (cache miss)
9119 silly packumentCache full:https://registry.npmjs.org/should-format set size:undefined disposed:false
9120 http fetch GET 200 https://registry.npmjs.org/should-type 250ms (cache miss)
9121 silly packumentCache full:https://registry.npmjs.org/should-type set size:undefined disposed:false
9122 http fetch GET 200 https://registry.npmjs.org/should-util 251ms (cache miss)
9123 silly packumentCache full:https://registry.npmjs.org/should-util set size:undefined disposed:false
9124 http fetch GET 200 https://registry.npmjs.org/should-equal 1044ms (cache miss)
9125 silly packumentCache full:https://registry.npmjs.org/should-equal set size:undefined disposed:false
9126 http fetch GET 200 https://registry.npmjs.org/@zeit%2feslint-config-base 2370ms (cache miss)
9127 silly packumentCache full:https://registry.npmjs.org/@zeit%2feslint-config-base set size:undefined disposed:false
9128 silly fetch manifest es-value-fixtures@^1.4.2
9129 silly packumentCache full:https://registry.npmjs.org/es-value-fixtures cache-miss
9130 http fetch GET 200 https://registry.npmjs.org/es-value-fixtures 1033ms (cache miss)
9131 silly packumentCache full:https://registry.npmjs.org/es-value-fixtures set size:undefined disposed:false
9132 silly fetch manifest make-arrow-function@^1.2.0
9133 silly packumentCache full:https://registry.npmjs.org/make-arrow-function cache-miss
9134 http fetch GET 200 https://registry.npmjs.org/make-arrow-function 1094ms (cache miss)
9135 silly packumentCache full:https://registry.npmjs.org/make-arrow-function set size:undefined disposed:false
9136 silly fetch manifest make-async-function@^1.0.0
9137 silly packumentCache full:https://registry.npmjs.org/make-async-function cache-miss
9138 http fetch GET 200 https://registry.npmjs.org/make-async-function 1063ms (cache miss)
9139 silly packumentCache full:https://registry.npmjs.org/make-async-function set size:undefined disposed:false
9140 silly fetch manifest make-generator-function@^2.0.0
9141 silly packumentCache full:https://registry.npmjs.org/make-generator-function cache-miss
9142 http fetch GET 200 https://registry.npmjs.org/make-generator-function 990ms (cache miss)
9143 silly packumentCache full:https://registry.npmjs.org/make-generator-function set size:undefined disposed:false
9144 silly placeDep ROOT es-value-fixtures@1.7.1 OK for: is-callable@1.2.7 want: ^1.4.2
9145 silly placeDep node_modules/.pnpm/is-callable@1.2.7/node_modules/is-callable eslint@8.8.0 OK for: is-callable@1.2.7 want: =8.8.0
9146 silly placeDep ROOT make-arrow-function@1.2.0 OK for: is-callable@1.2.7 want: ^1.2.0
9147 silly placeDep ROOT make-async-function@1.0.0 OK for: is-callable@1.2.7 want: ^1.0.0
9148 silly placeDep ROOT make-generator-function@2.0.0 OK for: is-callable@1.2.7 want: ^2.0.0
9149 silly placeDep node_modules/.pnpm/is-callable@1.2.7/node_modules/is-callable nyc@10.3.2 OK for: is-callable@1.2.7 want: ^10.3.2
9150 silly placeDep node_modules/.pnpm/is-callable@1.2.7/node_modules/is-callable rimraf@2.7.1 OK for: is-callable@1.2.7 want: ^2.7.1
9151 silly fetch manifest has-bigints@^1.1.0
9152 silly packumentCache full:https://registry.npmjs.org/has-bigints cache-miss
9153 silly fetch manifest has-symbols@^1.1.0
9154 silly packumentCache full:https://registry.npmjs.org/has-symbols cache-miss
9155 silly fetch manifest intl-fallback-symbol@^1.1.1
9156 silly packumentCache full:https://registry.npmjs.org/intl-fallback-symbol cache-miss
9157 silly fetch manifest object.assign@^4.1.7
9158 silly packumentCache full:https://registry.npmjs.org/object.assign cache-hit
9159 http fetch GET 200 https://registry.npmjs.org/has-bigints 103ms (cache miss)
9160 silly packumentCache full:https://registry.npmjs.org/has-bigints set size:undefined disposed:false
9161 http fetch GET 200 https://registry.npmjs.org/has-symbols 110ms (cache miss)
9162 silly packumentCache full:https://registry.npmjs.org/has-symbols set size:undefined disposed:false
9163 http fetch GET 200 https://registry.npmjs.org/intl-fallback-symbol 1054ms (cache miss)
9164 silly packumentCache full:https://registry.npmjs.org/intl-fallback-symbol set size:undefined disposed:false
9165 silly fetch manifest gulp-format-md@^0.1.10
9166 silly packumentCache full:https://registry.npmjs.org/gulp-format-md cache-miss
9167 http fetch GET 200 https://registry.npmjs.org/gulp-format-md 1461ms (cache miss)
9168 silly packumentCache full:https://registry.npmjs.org/gulp-format-md set size:undefined disposed:false
9169 silly fetch manifest mocha@^3.0.2
9170 silly packumentCache full:https://registry.npmjs.org/mocha cache-miss
9171 http cache https://registry.npmjs.org/mocha 57ms (cache hit)
9172 silly packumentCache full:https://registry.npmjs.org/mocha set size:3824074 disposed:false
9173 silly placeDep ROOT gulp-format-md@0.1.12 OK for: is-extglob@2.1.1 want: ^0.1.10
9174 silly placeDep node_modules/.pnpm/is-extglob@2.1.1/node_modules/is-extglob mocha@3.5.3 OK for: is-extglob@2.1.1 want: ^3.0.2
9175 silly fetch manifest extend-shallow@^2.0.1
9176 silly packumentCache full:https://registry.npmjs.org/extend-shallow cache-miss
9177 silly fetch manifest pretty-remarkable@^0.4.1
9178 silly packumentCache full:https://registry.npmjs.org/pretty-remarkable cache-miss
9179 silly fetch manifest remarkable@^1.7.1
9180 silly packumentCache full:https://registry.npmjs.org/remarkable cache-miss
9181 silly fetch manifest sections@^0.1.10
9182 silly packumentCache full:https://registry.npmjs.org/sections cache-miss
9183 silly fetch manifest diff@3.2.0
9184 silly packumentCache full:https://registry.npmjs.org/diff cache-hit
9185 silly fetch manifest glob@7.1.1
9186 silly packumentCache full:https://registry.npmjs.org/glob cache-hit
9187 silly fetch manifest debug@2.6.8
9188 silly packumentCache full:https://registry.npmjs.org/debug cache-hit
9189 http fetch GET 200 https://registry.npmjs.org/extend-shallow 227ms (cache miss)
9190 silly packumentCache full:https://registry.npmjs.org/extend-shallow set size:undefined disposed:false
9191 http fetch GET 200 https://registry.npmjs.org/remarkable 246ms (cache miss)
9192 silly packumentCache full:https://registry.npmjs.org/remarkable set size:undefined disposed:false
9193 http fetch GET 200 https://registry.npmjs.org/sections 1016ms (cache miss)
9194 silly packumentCache full:https://registry.npmjs.org/sections set size:undefined disposed:false
9195 http fetch GET 200 https://registry.npmjs.org/pretty-remarkable 1159ms (cache miss)
9196 silly packumentCache full:https://registry.npmjs.org/pretty-remarkable set size:undefined disposed:false
9197 silly fetch manifest ava@^1.3.1
9198 silly packumentCache full:https://registry.npmjs.org/ava cache-hit
9199 silly fetch manifest tsd-check@^0.5.0
9200 silly packumentCache full:https://registry.npmjs.org/tsd-check cache-miss
9201 http fetch GET 200 https://registry.npmjs.org/tsd-check 1022ms (cache miss)
9202 silly packumentCache full:https://registry.npmjs.org/tsd-check set size:undefined disposed:false
9203 silly placeDep node_modules/.pnpm/is-fullwidth-code-point@3.0.0/node_modules/is-fullwidth-code-point ava@1.4.1 OK for: is-fullwidth-code-point@3.0.0 want: ^1.3.1
9204 silly placeDep ROOT tsd-check@0.5.0 OK for: is-fullwidth-code-point@3.0.0 want: ^0.5.0
9205 silly placeDep node_modules/.pnpm/is-fullwidth-code-point@3.0.0/node_modules/is-fullwidth-code-point xo@0.24.0 OK for: is-fullwidth-code-point@3.0.0 want: ^0.24.0
9206 silly fetch manifest @types/node@^12.0.12
9207 silly packumentCache full:https://registry.npmjs.org/@types%2fnode cache-miss
9208 http cache https://registry.npmjs.org/@types%2fnode 83ms (cache hit)
9209 silly packumentCache full:https://registry.npmjs.org/@types%2fnode set size:10434236 disposed:false
9210 silly fetch manifest tsd@^0.7.3
9211 silly packumentCache full:https://registry.npmjs.org/tsd cache-hit
9212 silly placeDep node_modules/.pnpm/is-interactive@1.0.0/node_modules/is-interactive @types/node@12.20.55 OK for: is-interactive@1.0.0 want: ^12.0.12
9213 silly placeDep node_modules/.pnpm/is-interactive@1.0.0/node_modules/is-interactive tsd@0.7.4 OK for: is-interactive@1.0.0 want: ^0.7.3
9214 silly placeDep node_modules/.pnpm/is-interactive@1.0.0/node_modules/is-interactive xo@0.24.0 OK for: is-interactive@1.0.0 want: ^0.24.0
9215 silly fetch manifest @arethetypeswrong/cli@^0.15.0
9216 silly packumentCache full:https://registry.npmjs.org/@arethetypeswrong%2fcli cache-miss
9217 http cache https://registry.npmjs.org/@arethetypeswrong%2fcli 37ms (cache hit)
9218 silly packumentCache full:https://registry.npmjs.org/@arethetypeswrong%2fcli set size:130245 disposed:false
9219 silly fetch manifest @types/for-each@^0.3.3
9220 silly packumentCache full:https://registry.npmjs.org/@types%2ffor-each cache-miss
9221 http fetch GET 200 https://registry.npmjs.org/@types%2ffor-each 439ms (cache miss)
9222 silly packumentCache full:https://registry.npmjs.org/@types%2ffor-each set size:undefined disposed:false
9223 silly fetch manifest @types/object-inspect@^1.8.4
9224 silly packumentCache full:https://registry.npmjs.org/@types%2fobject-inspect cache-miss
9225 http fetch GET 200 https://registry.npmjs.org/@types%2fobject-inspect 400ms (cache miss)
9226 silly packumentCache full:https://registry.npmjs.org/@types%2fobject-inspect set size:undefined disposed:false
9227 silly fetch manifest es5-shim@^4.6.7
9228 silly packumentCache full:https://registry.npmjs.org/es5-shim cache-miss
9229 http fetch GET 200 https://registry.npmjs.org/es5-shim 946ms (cache miss)
9230 silly packumentCache full:https://registry.npmjs.org/es5-shim set size:undefined disposed:false
9231 silly fetch manifest es6-shim@^0.35.8
9232 silly packumentCache full:https://registry.npmjs.org/es6-shim cache-miss
9233 http fetch GET 200 https://registry.npmjs.org/es6-shim 222ms (cache miss)
9234 silly packumentCache full:https://registry.npmjs.org/es6-shim set size:undefined disposed:false
9235 silly placeDep node_modules/.pnpm/is-map@2.0.3/node_modules/is-map @arethetypeswrong/cli@0.15.4 OK for: is-map@2.0.3 want: ^0.15.0
9236 silly placeDep ROOT @types/for-each@0.3.3 OK for: is-map@2.0.3 want: ^0.3.3
9237 silly placeDep ROOT @types/object-inspect@1.13.0 OK for: is-map@2.0.3 want: ^1.8.4
9238 silly placeDep node_modules/.pnpm/is-map@2.0.3/node_modules/is-map core-js@2.6.12 OK for: is-map@2.0.3 want: ^2.6.12
9239 silly placeDep ROOT es5-shim@4.6.7 OK for: is-map@2.0.3 want: ^4.6.7
9240 silly placeDep ROOT es6-shim@0.35.8 OK for: is-map@2.0.3 want: ^0.35.8
9241 silly placeDep node_modules/.pnpm/is-map@2.0.3/node_modules/is-map eslint@8.8.0 OK for: is-map@2.0.3 want: =8.8.0
9242 silly placeDep node_modules/.pnpm/is-map@2.0.3/node_modules/is-map nyc@10.3.2 OK for: is-map@2.0.3 want: ^10.3.2
9243 silly fetch manifest @arethetypeswrong/core@0.15.1
9244 silly packumentCache full:https://registry.npmjs.org/@arethetypeswrong%2fcore cache-miss
9245 http cache https://registry.npmjs.org/@arethetypeswrong%2fcore 20ms (cache hit)
9246 silly packumentCache full:https://registry.npmjs.org/@arethetypeswrong%2fcore set size:105856 disposed:false
9247 silly placeDep node_modules/.pnpm/is-negative-zero@2.0.3/node_modules/is-negative-zero eslint@8.8.0 OK for: is-negative-zero@2.0.3 want: =8.8.0
9248 silly placeDep node_modules/.pnpm/is-negative-zero@2.0.3/node_modules/is-negative-zero nyc@10.3.2 OK for: is-negative-zero@2.0.3 want: ^10.3.2
9249 silly placeDep node_modules/.pnpm/is-negative-zero@2.0.3/node_modules/is-negative-zero typescript@5.9.0-dev.20250717 OK for: is-negative-zero@2.0.3 want: next
9250 silly fetch manifest ansi@^0.3.1
9251 silly packumentCache full:https://registry.npmjs.org/ansi cache-miss
9252 http fetch GET 200 https://registry.npmjs.org/ansi 220ms (cache miss)
9253 silly packumentCache full:https://registry.npmjs.org/ansi set size:undefined disposed:false
9254 silly fetch manifest gulp-format-md@^1.0.0
9255 silly packumentCache full:https://registry.npmjs.org/gulp-format-md cache-miss
9256 http cache https://registry.npmjs.org/gulp-format-md 9ms (cache hit)
9257 silly packumentCache full:https://registry.npmjs.org/gulp-format-md set size:36212 disposed:false
9258 silly fetch manifest mocha@^3.5.3
9259 silly packumentCache full:https://registry.npmjs.org/mocha cache-miss
9260 http cache https://registry.npmjs.org/mocha 29ms (cache hit)
9261 silly packumentCache full:https://registry.npmjs.org/mocha set size:3824074 disposed:false
9262 silly placeDep ROOT ansi@0.3.1 OK for: is-number@7.0.0 want: ^0.3.1
9263 silly placeDep node_modules/.pnpm/is-number@7.0.0/node_modules/is-number gulp-format-md@1.0.0 OK for: is-number@7.0.0 want: ^1.0.0
9264 silly placeDep node_modules/.pnpm/is-number@7.0.0/node_modules/is-number mocha@3.5.3 OK for: is-number@7.0.0 want: ^3.5.3
9265 silly fetch manifest log-ok@^0.1.1
9266 silly packumentCache full:https://registry.npmjs.org/log-ok cache-miss
9267 silly fetch manifest sections@^1.0.0
9268 silly packumentCache full:https://registry.npmjs.org/sections cache-miss
9269 silly fetch manifest tokenize-comment@^1.0.3
9270 silly packumentCache full:https://registry.npmjs.org/tokenize-comment cache-miss
9271 silly fetch manifest vinyl@^2.1.0
9272 silly packumentCache full:https://registry.npmjs.org/vinyl cache-miss
9273 silly fetch manifest write@^0.3.3
9274 silly packumentCache full:https://registry.npmjs.org/write cache-miss
9275 http cache https://registry.npmjs.org/vinyl 26ms (cache hit)
9276 silly packumentCache full:https://registry.npmjs.org/vinyl set size:74728 disposed:false
9277 http cache https://registry.npmjs.org/sections 34ms (cache hit)
9278 silly packumentCache full:https://registry.npmjs.org/sections set size:26999 disposed:false
9279 http fetch GET 200 https://registry.npmjs.org/log-ok 223ms (cache miss)
9280 silly packumentCache full:https://registry.npmjs.org/log-ok set size:undefined disposed:false
9281 http fetch GET 200 https://registry.npmjs.org/write 223ms (cache miss)
9282 silly packumentCache full:https://registry.npmjs.org/write set size:undefined disposed:false
9283 http fetch GET 200 https://registry.npmjs.org/tokenize-comment 1293ms (cache miss)
9284 silly packumentCache full:https://registry.npmjs.org/tokenize-comment set size:undefined disposed:false
9285 silly placeDep node_modules/.pnpm/is-path-cwd@2.2.0/node_modules/is-path-cwd ava@1.4.1 OK for: is-path-cwd@2.2.0 want: ^1.4.1
9286 silly placeDep node_modules/.pnpm/is-path-cwd@2.2.0/node_modules/is-path-cwd tsd@0.7.4 OK for: is-path-cwd@2.2.0 want: ^0.7.2
9287 silly placeDep node_modules/.pnpm/is-path-cwd@2.2.0/node_modules/is-path-cwd xo@0.24.0 OK for: is-path-cwd@2.2.0 want: ^0.24.0
9288 silly placeDep node_modules/.pnpm/is-path-inside@3.0.3/node_modules/is-path-inside tsd@0.7.4 OK for: is-path-inside@3.0.3 want: ^0.7.2
9289 silly placeDep node_modules/.pnpm/is-path-inside@3.0.3/node_modules/is-path-inside xo@0.24.0 OK for: is-path-inside@3.0.3 want: ^0.24.0
9290 silly placeDep node_modules/.pnpm/is-set@2.0.3/node_modules/is-set @arethetypeswrong/cli@0.15.4 OK for: is-set@2.0.3 want: ^0.15.0
9291 silly placeDep node_modules/.pnpm/is-set@2.0.3/node_modules/is-set core-js@2.6.12 OK for: is-set@2.0.3 want: ^2.6.12
9292 silly placeDep node_modules/.pnpm/is-set@2.0.3/node_modules/is-set eslint@8.8.0 OK for: is-set@2.0.3 want: =8.8.0
9293 silly placeDep node_modules/.pnpm/is-set@2.0.3/node_modules/is-set nyc@10.3.2 OK for: is-set@2.0.3 want: ^10.3.2
9294 silly placeDep node_modules/.pnpm/is-set@2.0.3/node_modules/is-set typescript@5.9.0-dev.20250717 OK for: is-set@2.0.3 want: next
9295 silly fetch manifest @types/node@^11.13.6
9296 silly packumentCache full:https://registry.npmjs.org/@types%2fnode cache-miss
9297 http cache https://registry.npmjs.org/@types%2fnode 59ms (cache hit)
9298 silly packumentCache full:https://registry.npmjs.org/@types%2fnode set size:10434236 disposed:false
9299 silly fetch manifest tempy@^0.3.0
9300 silly packumentCache full:https://registry.npmjs.org/tempy cache-miss
9301 http fetch GET 200 https://registry.npmjs.org/tempy 142ms (cache miss)
9302 silly packumentCache full:https://registry.npmjs.org/tempy set size:undefined disposed:false
9303 silly placeDep node_modules/.pnpm/is-stream@2.0.1/node_modules/is-stream @types/node@11.15.54 OK for: is-stream@2.0.1 want: ^11.13.6
9304 silly placeDep node_modules/.pnpm/is-stream@2.0.1/node_modules/is-stream ava@1.4.1 OK for: is-stream@2.0.1 want: ^1.4.1
9305 silly placeDep ROOT tempy@0.3.0 OK for: is-stream@2.0.1 want: ^0.3.0
9306 silly placeDep node_modules/.pnpm/is-stream@2.0.1/node_modules/is-stream tsd@0.7.4 OK for: is-stream@2.0.1 want: ^0.7.2
9307 silly placeDep node_modules/.pnpm/is-stream@2.0.1/node_modules/is-stream xo@0.24.0 OK for: is-stream@2.0.1 want: ^0.24.0
9308 silly fetch manifest temp-dir@^1.0.0
9309 silly packumentCache full:https://registry.npmjs.org/temp-dir cache-hit
9310 silly fetch manifest type-fest@^0.3.1
9311 silly packumentCache full:https://registry.npmjs.org/type-fest cache-miss
9312 silly fetch manifest unique-string@^1.0.0
9313 silly packumentCache full:https://registry.npmjs.org/unique-string cache-miss
9314 http cache https://registry.npmjs.org/type-fest 101ms (cache hit)
9315 silly packumentCache full:https://registry.npmjs.org/type-fest set size:526878 disposed:false
9316 http fetch GET 200 https://registry.npmjs.org/unique-string 214ms (cache miss)
9317 silly packumentCache full:https://registry.npmjs.org/unique-string set size:undefined disposed:false
9318 silly fetch manifest tsd@^0.14.0
9319 silly packumentCache full:https://registry.npmjs.org/tsd cache-hit
9320 silly fetch manifest xo@^0.38.2
9321 silly packumentCache full:https://registry.npmjs.org/xo cache-hit
9322 silly placeDep node_modules/.pnpm/is-unicode-supported@0.1.0/node_modules/is-unicode-supported tsd@0.14.0 OK for: is-unicode-supported@0.1.0 want: ^0.14.0
9323 silly placeDep node_modules/.pnpm/is-unicode-supported@0.1.0/node_modules/is-unicode-supported xo@0.38.2 OK for: is-unicode-supported@0.1.0 want: ^0.38.2
9324 silly fetch manifest json5@^2.2.0
9325 silly packumentCache full:https://registry.npmjs.org/json5 cache-hit
9326 silly fetch manifest eslint@^7.20.0
9327 silly packumentCache full:https://registry.npmjs.org/eslint cache-miss
9328 silly fetch manifest globby@^9.2.0
9329 silly packumentCache full:https://registry.npmjs.org/globby cache-hit
9330 silly fetch manifest semver@^7.3.4
9331 silly packumentCache full:https://registry.npmjs.org/semver cache-hit
9332 silly fetch manifest fs-extra@^9.1.0
9333 silly packumentCache full:https://registry.npmjs.org/fs-extra cache-hit
9334 silly fetch manifest prettier@^2.2.1
9335 silly packumentCache full:https://registry.npmjs.org/prettier cache-hit
9336 silly fetch manifest get-stdin@^8.0.0
9337 silly packumentCache full:https://registry.npmjs.org/get-stdin cache-hit
9338 silly fetch manifest typescript@^4.1.5
9339 silly packumentCache full:https://registry.npmjs.org/typescript cache-miss
9340 silly fetch manifest open-editor@^3.0.0
9341 silly packumentCache full:https://registry.npmjs.org/open-editor cache-hit
9342 silly fetch manifest update-notifier@^5.1.0
9343 silly packumentCache full:https://registry.npmjs.org/update-notifier cache-hit
9344 silly fetch manifest eslint-config-xo@^0.35.0
9345 silly packumentCache full:https://registry.npmjs.org/eslint-config-xo cache-hit
9346 silly fetch manifest eslint-plugin-ava@^11.0.0
9347 silly packumentCache full:https://registry.npmjs.org/eslint-plugin-ava cache-hit
9348 silly fetch manifest eslint-plugin-promise@^4.3.1
9349 silly packumentCache full:https://registry.npmjs.org/eslint-plugin-promise cache-hit
9350 silly fetch manifest eslint-plugin-unicorn@^28.0.2
9351 silly packumentCache full:https://registry.npmjs.org/eslint-plugin-unicorn cache-hit
9352 silly fetch manifest eslint-config-prettier@^7.2.0
9353 silly packumentCache full:https://registry.npmjs.org/eslint-config-prettier cache-hit
9354 silly fetch manifest eslint-plugin-prettier@^3.3.1
9355 silly packumentCache full:https://registry.npmjs.org/eslint-plugin-prettier cache-hit
9356 silly fetch manifest @typescript-eslint/parser@^4.15.1
9357 silly packumentCache full:https://registry.npmjs.org/@typescript-eslint%2fparser cache-miss
9358 silly fetch manifest eslint-config-xo-typescript@^0.38.0
9359 silly packumentCache full:https://registry.npmjs.org/eslint-config-xo-typescript cache-hit
9360 silly fetch manifest eslint-import-resolver-webpack@^0.13.0
9361 silly packumentCache full:https://registry.npmjs.org/eslint-import-resolver-webpack cache-hit
9362 silly fetch manifest @typescript-eslint/eslint-plugin@^4.15.1
9363 silly packumentCache full:https://registry.npmjs.org/@typescript-eslint%2feslint-plugin cache-miss
9364 http cache https://registry.npmjs.org/eslint 50ms (cache hit)
9365 silly packumentCache full:https://registry.npmjs.org/eslint set size:1811205 disposed:false
9366 http cache https://registry.npmjs.org/typescript 159ms (cache hit)
9367 silly packumentCache full:https://registry.npmjs.org/typescript set size:14432499 disposed:false
9368 http cache https://registry.npmjs.org/@typescript-eslint%2fparser 557ms (cache hit)
9369 silly packumentCache full:https://registry.npmjs.org/@typescript-eslint%2fparser set size:14035609 disposed:false
9370 http cache https://registry.npmjs.org/@typescript-eslint%2feslint-plugin 1059ms (cache hit)
9371 silly packumentCache full:https://registry.npmjs.org/@typescript-eslint%2feslint-plugin set size:16347174 disposed:false
9372 silly placeDep node_modules/.pnpm/is-weakmap@2.0.2/node_modules/is-weakmap @arethetypeswrong/cli@0.15.4 OK for: is-weakmap@2.0.2 want: ^0.15.0
9373 silly placeDep node_modules/.pnpm/is-weakmap@2.0.2/node_modules/is-weakmap core-js@2.6.12 OK for: is-weakmap@2.0.2 want: ^2.6.12
9374 silly placeDep node_modules/.pnpm/is-weakmap@2.0.2/node_modules/is-weakmap eslint@8.8.0 OK for: is-weakmap@2.0.2 want: =8.8.0
9375 silly placeDep node_modules/.pnpm/is-weakmap@2.0.2/node_modules/is-weakmap nyc@10.3.2 OK for: is-weakmap@2.0.2 want: ^10.3.2
9376 silly placeDep node_modules/.pnpm/is-weakmap@2.0.2/node_modules/is-weakmap typescript@5.9.0-dev.20250717 OK for: is-weakmap@2.0.2 want: next
9377 silly fetch manifest tape@~2.13.4
9378 silly packumentCache full:https://registry.npmjs.org/tape cache-hit
9379 silly placeDep node_modules/.pnpm/isarray@2.0.5/node_modules/isarray tape@2.13.4 OK for: isarray@2.0.5 want: ~2.13.4
9380 silly fetch manifest glob@~3.2.9
9381 silly packumentCache full:https://registry.npmjs.org/glob cache-hit
9382 silly fetch manifest object-inspect@~0.4.0
9383 silly packumentCache full:https://registry.npmjs.org/object-inspect cache-hit
9384 silly fetch manifest rimraf@^2.5.0
9385 silly packumentCache full:https://registry.npmjs.org/rimraf cache-hit
9386 silly fetch manifest tap@^10.3.0
9387 silly packumentCache full:https://registry.npmjs.org/tap cache-miss
9388 http cache https://registry.npmjs.org/tap 17ms (cache hit)
9389 silly packumentCache full:https://registry.npmjs.org/tap set size:1263323 disposed:false
9390 silly placeDep node_modules/.pnpm/isexe@2.0.0/node_modules/isexe rimraf@2.7.1 OK for: isexe@2.0.0 want: ^2.5.0
9391 silly placeDep node_modules/.pnpm/isexe@2.0.0/node_modules/isexe tap@10.7.3 OK for: isexe@2.0.0 want: ^10.3.0
9392 silly fetch manifest nyc@^11.3.0
9393 silly packumentCache full:https://registry.npmjs.org/nyc cache-hit
9394 silly fetch manifest tsame@^1.1.2
9395 silly packumentCache full:https://registry.npmjs.org/tsame cache-miss
9396 silly fetch manifest tmatch@^3.1.0
9397 silly packumentCache full:https://registry.npmjs.org/tmatch cache-miss
9398 silly fetch manifest js-yaml@^3.10.0
9399 silly packumentCache full:https://registry.npmjs.org/js-yaml cache-hit
9400 silly fetch manifest bluebird@^3.5.1
9401 silly packumentCache full:https://registry.npmjs.org/bluebird cache-hit
9402 silly fetch manifest os-homedir@^1.0.2
9403 silly packumentCache full:https://registry.npmjs.org/os-homedir cache-miss
9404 silly fetch manifest own-or-env@^1.0.0
9405 silly packumentCache full:https://registry.npmjs.org/own-or-env cache-miss
9406 silly fetch manifest tap-parser@^5.3.1
9407 silly packumentCache full:https://registry.npmjs.org/tap-parser cache-hit
9408 silly fetch manifest signal-exit@^3.0.0
9409 silly packumentCache full:https://registry.npmjs.org/signal-exit cache-hit
9410 silly fetch manifest stack-utils@^1.0.0
9411 silly packumentCache full:https://registry.npmjs.org/stack-utils cache-hit
9412 silly fetch manifest function-loop@^1.0.1
9413 silly packumentCache full:https://registry.npmjs.org/function-loop cache-miss
9414 silly fetch manifest readable-stream@^2.3.2
9415 silly packumentCache full:https://registry.npmjs.org/readable-stream cache-hit
9416 silly fetch manifest bind-obj-methods@^1.0.0
9417 silly packumentCache full:https://registry.npmjs.org/bind-obj-methods cache-miss
9418 silly fetch manifest source-map-support@^0.4.18
9419 silly packumentCache full:https://registry.npmjs.org/source-map-support cache-hit
9420 silly fetch manifest tap-mocha-reporter@^3.0.6
9421 silly packumentCache full:https://registry.npmjs.org/tap-mocha-reporter cache-hit
9422 http cache https://registry.npmjs.org/bind-obj-methods 30ms (cache hit)
9423 silly packumentCache full:https://registry.npmjs.org/bind-obj-methods set size:12474 disposed:false
9424 http cache https://registry.npmjs.org/own-or-env 46ms (cache hit)
9425 silly packumentCache full:https://registry.npmjs.org/own-or-env set size:7060 disposed:false
9426 http cache https://registry.npmjs.org/function-loop 36ms (cache hit)
9427 silly packumentCache full:https://registry.npmjs.org/function-loop set size:23495 disposed:false
9428 http fetch GET 200 https://registry.npmjs.org/os-homedir 330ms (cache miss)
9429 silly packumentCache full:https://registry.npmjs.org/os-homedir set size:undefined disposed:false
9430 http fetch GET 200 https://registry.npmjs.org/tmatch 1112ms (cache miss)
9431 silly packumentCache full:https://registry.npmjs.org/tmatch set size:undefined disposed:false
9432 http fetch GET 200 https://registry.npmjs.org/tsame 1115ms (cache miss)
9433 silly packumentCache full:https://registry.npmjs.org/tsame set size:undefined disposed:false
9434 silly fetch manifest @babel/helper-module-imports@^7.25.9
9435 silly packumentCache full:https://registry.npmjs.org/@babel%2fhelper-module-imports cache-hit
9436 silly fetch manifest @babel/helper-module-transforms@^7.26.0
9437 silly packumentCache full:https://registry.npmjs.org/@babel%2fhelper-module-transforms cache-hit
9438 silly fetch manifest @babel/helper-plugin-utils@^7.25.9
9439 silly packumentCache full:https://registry.npmjs.org/@babel%2fhelper-plugin-utils cache-hit
9440 silly fetch manifest @babel/helper-simple-access@^7.25.9
9441 silly packumentCache full:https://registry.npmjs.org/@babel%2fhelper-simple-access cache-miss
9442 http fetch GET 200 https://registry.npmjs.org/@babel%2fhelper-simple-access 230ms (cache miss)
9443 silly packumentCache full:https://registry.npmjs.org/@babel%2fhelper-simple-access set size:undefined disposed:false
9444 silly fetch manifest @babel/plugin-proposal-decorators@^7.25.9
9445 silly packumentCache full:https://registry.npmjs.org/@babel%2fplugin-proposal-decorators cache-miss
9446 http fetch GET 200 https://registry.npmjs.org/@babel%2fplugin-proposal-decorators 373ms (cache miss)
9447 silly packumentCache full:https://registry.npmjs.org/@babel%2fplugin-proposal-decorators set size:undefined disposed:false
9448 silly fetch manifest @babel/plugin-syntax-class-properties@^7.12.13
9449 silly packumentCache full:https://registry.npmjs.org/@babel%2fplugin-syntax-class-properties cache-miss
9450 http fetch GET 200 https://registry.npmjs.org/@babel%2fplugin-syntax-class-properties 97ms (cache miss)
9451 silly packumentCache full:https://registry.npmjs.org/@babel%2fplugin-syntax-class-properties set size:undefined disposed:false
9452 silly fetch manifest @babel/plugin-syntax-import-assertions@^7.26.0
9453 silly packumentCache full:https://registry.npmjs.org/@babel%2fplugin-syntax-import-assertions cache-miss
9454 http fetch GET 200 https://registry.npmjs.org/@babel%2fplugin-syntax-import-assertions 374ms (cache revalidated)
9455 silly packumentCache full:https://registry.npmjs.org/@babel%2fplugin-syntax-import-assertions set size:93413 disposed:false
9456 silly fetch manifest @babel/plugin-syntax-jsx@^7.25.9
9457 silly packumentCache full:https://registry.npmjs.org/@babel%2fplugin-syntax-jsx cache-miss
9458 http fetch GET 200 https://registry.npmjs.org/@babel%2fplugin-syntax-jsx 374ms (cache revalidated)
9459 silly packumentCache full:https://registry.npmjs.org/@babel%2fplugin-syntax-jsx set size:169703 disposed:false
9460 silly fetch manifest @babel/plugin-transform-export-namespace-from@^7.25.9
9461 silly packumentCache full:https://registry.npmjs.org/@babel%2fplugin-transform-export-namespace-from cache-miss
9462 http fetch GET 200 https://registry.npmjs.org/@babel%2fplugin-transform-export-namespace-from 360ms (cache revalidated)
9463 silly packumentCache full:https://registry.npmjs.org/@babel%2fplugin-transform-export-namespace-from set size:66945 disposed:false
9464 silly fetch manifest @babel/plugin-transform-typescript@^7.26.3
9465 silly packumentCache full:https://registry.npmjs.org/@babel%2fplugin-transform-typescript cache-miss
9466 http cache https://registry.npmjs.org/@babel%2fplugin-transform-typescript 13ms (cache hit)
9467 silly packumentCache full:https://registry.npmjs.org/@babel%2fplugin-transform-typescript set size:369837 disposed:false
9468 silly fetch manifest @babel/template@^7.25.9
9469 silly packumentCache full:https://registry.npmjs.org/@babel%2ftemplate cache-miss
9470 http fetch GET 200 https://registry.npmjs.org/@babel%2ftemplate 99ms (cache revalidated)
9471 silly packumentCache full:https://registry.npmjs.org/@babel%2ftemplate set size:213898 disposed:false
9472 silly fetch manifest @babel/traverse@^7.26.4
9473 silly packumentCache full:https://registry.npmjs.org/@babel%2ftraverse cache-hit
9474 silly fetch manifest @babel/types@^7.26.3
9475 silly packumentCache full:https://registry.npmjs.org/@babel%2ftypes cache-hit
9476 silly fetch manifest @types/babel__core@^7.20.5
9477 silly packumentCache full:https://registry.npmjs.org/@types%2fbabel__core cache-miss
9478 http fetch GET 200 https://registry.npmjs.org/@types%2fbabel__core 90ms (cache miss)
9479 silly packumentCache full:https://registry.npmjs.org/@types%2fbabel__core set size:undefined disposed:false
9480 silly fetch manifest @types/babel__helper-module-imports@^7.18.3
9481 silly packumentCache full:https://registry.npmjs.org/@types%2fbabel__helper-module-imports cache-miss
9482 http fetch GET 200 https://registry.npmjs.org/@types%2fbabel__helper-module-imports 454ms (cache miss)
9483 silly packumentCache full:https://registry.npmjs.org/@types%2fbabel__helper-module-imports set size:undefined disposed:false
9484 silly fetch manifest @types/babel__helper-plugin-utils@^7.10.3
9485 silly packumentCache full:https://registry.npmjs.org/@types%2fbabel__helper-plugin-utils cache-miss
9486 http fetch GET 200 https://registry.npmjs.org/@types%2fbabel__helper-plugin-utils 426ms (cache miss)
9487 silly packumentCache full:https://registry.npmjs.org/@types%2fbabel__helper-plugin-utils set size:undefined disposed:false
9488 silly fetch manifest @types/babel__template@^7.4.4
9489 silly packumentCache full:https://registry.npmjs.org/@types%2fbabel__template cache-miss
9490 http fetch GET 200 https://registry.npmjs.org/@types%2fbabel__template 101ms (cache miss)
9491 silly packumentCache full:https://registry.npmjs.org/@types%2fbabel__template set size:undefined disposed:false
9492 silly fetch manifest @types/babel__traverse@^7.20.6
9493 silly packumentCache full:https://registry.npmjs.org/@types%2fbabel__traverse cache-miss
9494 http fetch GET 200 https://registry.npmjs.org/@types%2fbabel__traverse 97ms (cache miss)
9495 silly packumentCache full:https://registry.npmjs.org/@types%2fbabel__traverse set size:undefined disposed:false
9496 silly fetch manifest @types/node@^22.10.2
9497 silly packumentCache full:https://registry.npmjs.org/@types%2fnode cache-miss
9498 http cache https://registry.npmjs.org/@types%2fnode 97ms (cache hit)
9499 silly packumentCache full:https://registry.npmjs.org/@types%2fnode set size:10434236 disposed:false
9500 silly fetch manifest @vitest/coverage-v8@^2.1.8
9501 silly packumentCache full:https://registry.npmjs.org/@vitest%2fcoverage-v8 cache-miss
9502 http fetch GET 200 https://registry.npmjs.org/@vitest%2fcoverage-v8 1405ms (cache miss)
9503 silly packumentCache full:https://registry.npmjs.org/@vitest%2fcoverage-v8 set size:undefined disposed:false
9504 silly fetch manifest babel-plugin-parameter-decorator@^1.0.16
9505 silly packumentCache full:https://registry.npmjs.org/babel-plugin-parameter-decorator cache-miss
9506 http fetch GET 200 https://registry.npmjs.org/babel-plugin-parameter-decorator 1114ms (cache miss)
9507 silly packumentCache full:https://registry.npmjs.org/babel-plugin-parameter-decorator set size:undefined disposed:false
9508 silly fetch manifest changelogen@^0.5.7
9509 silly packumentCache full:https://registry.npmjs.org/changelogen cache-miss
9510 http fetch GET 200 https://registry.npmjs.org/changelogen 1186ms (cache miss)
9511 silly packumentCache full:https://registry.npmjs.org/changelogen set size:undefined disposed:false
9512 silly fetch manifest config@^3.3.12
9513 silly packumentCache full:https://registry.npmjs.org/config cache-miss
9514 http fetch GET 200 https://registry.npmjs.org/config 1034ms (cache miss)
9515 silly packumentCache full:https://registry.npmjs.org/config set size:undefined disposed:false
9516 silly fetch manifest consola@^3.2.3
9517 silly packumentCache full:https://registry.npmjs.org/consola cache-miss
9518 http fetch GET 200 https://registry.npmjs.org/consola 344ms (cache miss)
9519 silly packumentCache full:https://registry.npmjs.org/consola set size:undefined disposed:false
9520 silly fetch manifest defu@^6.1.4
9521 silly packumentCache full:https://registry.npmjs.org/defu cache-miss
9522 http fetch GET 200 https://registry.npmjs.org/defu 137ms (cache miss)
9523 silly packumentCache full:https://registry.npmjs.org/defu set size:undefined disposed:false
9524 silly fetch manifest destr@^2.0.3
9525 silly packumentCache full:https://registry.npmjs.org/destr cache-miss
9526 http fetch GET 200 https://registry.npmjs.org/destr 226ms (cache miss)
9527 silly packumentCache full:https://registry.npmjs.org/destr set size:undefined disposed:false
9528 silly fetch manifest escape-string-regexp@^5.0.0
9529 silly packumentCache full:https://registry.npmjs.org/escape-string-regexp cache-hit
9530 silly fetch manifest eslint-config-unjs@^0.4.2
9531 silly packumentCache full:https://registry.npmjs.org/eslint-config-unjs cache-miss
9532 http fetch GET 200 https://registry.npmjs.org/eslint-config-unjs 1053ms (cache miss)
9533 silly packumentCache full:https://registry.npmjs.org/eslint-config-unjs set size:undefined disposed:false
9534 silly fetch manifest estree-walker@^3.0.3
9535 silly packumentCache full:https://registry.npmjs.org/estree-walker cache-miss
9536 http fetch GET 200 https://registry.npmjs.org/estree-walker 231ms (cache miss)
9537 silly packumentCache full:https://registry.npmjs.org/estree-walker set size:undefined disposed:false
9538 silly fetch manifest is-installed-globally@^1.0.0
9539 silly packumentCache full:https://registry.npmjs.org/is-installed-globally cache-miss
9540 http fetch GET 200 https://registry.npmjs.org/is-installed-globally 211ms (cache miss)
9541 silly packumentCache full:https://registry.npmjs.org/is-installed-globally set size:undefined disposed:false
9542 silly fetch manifest mime@^4.0.4
9543 silly packumentCache full:https://registry.npmjs.org/mime cache-hit
9544 silly fetch manifest mlly@^1.7.3
9545 silly packumentCache full:https://registry.npmjs.org/mlly cache-miss
9546 http fetch GET 200 https://registry.npmjs.org/mlly 159ms (cache miss)
9547 silly packumentCache full:https://registry.npmjs.org/mlly set size:undefined disposed:false
9548 silly fetch manifest moment-timezone@^0.5.46
9549 silly packumentCache full:https://registry.npmjs.org/moment-timezone cache-miss
9550 http fetch GET 200 https://registry.npmjs.org/moment-timezone 506ms (cache miss)
9551 silly packumentCache full:https://registry.npmjs.org/moment-timezone set size:undefined disposed:false
9552 silly fetch manifest nano-jsx@^0.1.0
9553 silly packumentCache full:https://registry.npmjs.org/nano-jsx cache-miss
9554 http fetch GET 200 https://registry.npmjs.org/nano-jsx 1095ms (cache miss)
9555 silly packumentCache full:https://registry.npmjs.org/nano-jsx set size:undefined disposed:false
9556 silly fetch manifest pathe@^1.1.2
9557 silly packumentCache full:https://registry.npmjs.org/pathe cache-miss
9558 http fetch GET 200 https://registry.npmjs.org/pathe 204ms (cache miss)
9559 silly packumentCache full:https://registry.npmjs.org/pathe set size:undefined disposed:false
9560 silly fetch manifest pkg-types@^1.2.1
9561 silly packumentCache full:https://registry.npmjs.org/pkg-types cache-miss
9562 http fetch GET 200 https://registry.npmjs.org/pkg-types 256ms (cache miss)
9563 silly packumentCache full:https://registry.npmjs.org/pkg-types set size:undefined disposed:false
9564 silly fetch manifest preact-render-to-string@^6.5.12
9565 silly packumentCache full:https://registry.npmjs.org/preact-render-to-string cache-miss
9566 http fetch GET 200 https://registry.npmjs.org/preact-render-to-string 232ms (cache miss)
9567 silly packumentCache full:https://registry.npmjs.org/preact-render-to-string set size:undefined disposed:false
9568 silly fetch manifest reflect-metadata@^0.2.2
9569 silly packumentCache full:https://registry.npmjs.org/reflect-metadata cache-miss
9570 http fetch GET 200 https://registry.npmjs.org/reflect-metadata 125ms (cache miss)
9571 silly packumentCache full:https://registry.npmjs.org/reflect-metadata set size:undefined disposed:false
9572 silly fetch manifest solid-js@^1.9.3
9573 silly packumentCache full:https://registry.npmjs.org/solid-js cache-miss
9574 http fetch GET 200 https://registry.npmjs.org/solid-js 1091ms (cache miss)
9575 silly packumentCache full:https://registry.npmjs.org/solid-js set size:undefined disposed:false
9576 silly fetch manifest std-env@^3.8.0
9577 silly packumentCache full:https://registry.npmjs.org/std-env cache-miss
9578 http fetch GET 200 https://registry.npmjs.org/std-env 261ms (cache miss)
9579 silly packumentCache full:https://registry.npmjs.org/std-env set size:undefined disposed:false
9580 silly fetch manifest terser-webpack-plugin@^5.3.11
9581 silly packumentCache full:https://registry.npmjs.org/terser-webpack-plugin cache-miss
9582 http cache https://registry.npmjs.org/terser-webpack-plugin 19ms (cache hit)
9583 silly packumentCache full:https://registry.npmjs.org/terser-webpack-plugin set size:378005 disposed:false
9584 silly fetch manifest tinyexec@^0.3.1
9585 silly packumentCache full:https://registry.npmjs.org/tinyexec cache-miss
9586 http fetch GET 200 https://registry.npmjs.org/tinyexec 269ms (cache miss)
9587 silly packumentCache full:https://registry.npmjs.org/tinyexec set size:undefined disposed:false
9588 silly fetch manifest ts-loader@^9.5.1
9589 silly packumentCache full:https://registry.npmjs.org/ts-loader cache-miss
9590 http fetch GET 200 https://registry.npmjs.org/ts-loader 271ms (cache miss)
9591 silly packumentCache full:https://registry.npmjs.org/ts-loader set size:undefined disposed:false
9592 silly fetch manifest vitest@^2.1.8
9593 silly packumentCache full:https://registry.npmjs.org/vitest cache-miss
9594 http fetch GET 200 https://registry.npmjs.org/vitest 199ms (cache miss)
9595 silly packumentCache full:https://registry.npmjs.org/vitest set size:undefined disposed:false
9596 silly fetch manifest vue@^3.5.13
9597 silly packumentCache full:https://registry.npmjs.org/vue cache-miss
9598 http fetch GET 200 https://registry.npmjs.org/vue 141ms (cache miss)
9599 silly packumentCache full:https://registry.npmjs.org/vue set size:undefined disposed:false
9600 silly fetch manifest webpack@^5.97.1
9601 silly packumentCache full:https://registry.npmjs.org/webpack cache-miss
9602 http cache https://registry.npmjs.org/webpack 68ms (cache hit)
9603 silly packumentCache full:https://registry.npmjs.org/webpack set size:4846113 disposed:false
9604 silly fetch manifest webpack-bundle-analyzer@^4.10.2
9605 silly packumentCache full:https://registry.npmjs.org/webpack-bundle-analyzer cache-miss
9606 http fetch GET 200 https://registry.npmjs.org/webpack-bundle-analyzer 259ms (cache miss)
9607 silly packumentCache full:https://registry.npmjs.org/webpack-bundle-analyzer set size:undefined disposed:false
9608 silly fetch manifest webpack-cli@^5.1.4
9609 silly packumentCache full:https://registry.npmjs.org/webpack-cli cache-miss
9610 http fetch GET 200 https://registry.npmjs.org/webpack-cli 333ms (cache miss)
9611 silly packumentCache full:https://registry.npmjs.org/webpack-cli set size:undefined disposed:false
9612 silly fetch manifest webpack-license-plugin@^4.5.0
9613 silly packumentCache full:https://registry.npmjs.org/webpack-license-plugin cache-miss
9614 http fetch GET 200 https://registry.npmjs.org/webpack-license-plugin 1208ms (cache miss)
9615 silly packumentCache full:https://registry.npmjs.org/webpack-license-plugin set size:undefined disposed:false
9616 silly fetch manifest yoctocolors@^2.1.1
9617 silly packumentCache full:https://registry.npmjs.org/yoctocolors cache-miss
9618 http fetch GET 200 https://registry.npmjs.org/yoctocolors 222ms (cache miss)
9619 silly packumentCache full:https://registry.npmjs.org/yoctocolors set size:undefined disposed:false
9620 silly placeDep ROOT @babel/helper-module-imports@7.27.1 OK for: jiti@2.4.2 want: ^7.25.9
9621 silly placeDep ROOT @babel/helper-module-transforms@7.27.3 OK for: jiti@2.4.2 want: ^7.26.0
9622 silly placeDep ROOT @babel/helper-plugin-utils@7.27.1 OK for: jiti@2.4.2 want: ^7.25.9
9623 silly placeDep ROOT @babel/helper-simple-access@7.27.1 OK for: jiti@2.4.2 want: ^7.25.9
9624 silly placeDep ROOT @babel/plugin-proposal-decorators@7.28.0 OK for: jiti@2.4.2 want: ^7.25.9
9625 silly placeDep ROOT @babel/plugin-syntax-class-properties@7.12.13 OK for: jiti@2.4.2 want: ^7.12.13
9626 silly placeDep ROOT @babel/plugin-syntax-import-assertions@7.27.1 OK for: jiti@2.4.2 want: ^7.26.0
9627 silly placeDep ROOT @babel/plugin-syntax-jsx@7.27.1 OK for: jiti@2.4.2 want: ^7.25.9
9628 silly placeDep ROOT @babel/plugin-transform-export-namespace-from@7.27.1 OK for: jiti@2.4.2 want: ^7.25.9
9629 silly placeDep ROOT @babel/plugin-transform-typescript@7.28.0 OK for: jiti@2.4.2 want: ^7.26.3
9630 silly placeDep ROOT @babel/template@7.27.2 OK for: jiti@2.4.2 want: ^7.25.9
9631 silly placeDep ROOT @babel/traverse@7.28.0 OK for: jiti@2.4.2 want: ^7.26.4
9632 silly placeDep ROOT @babel/types@7.28.1 OK for: jiti@2.4.2 want: ^7.26.3
9633 silly placeDep ROOT @types/babel__core@7.20.5 OK for: jiti@2.4.2 want: ^7.20.5
9634 silly placeDep ROOT @types/babel__helper-module-imports@7.18.3 OK for: jiti@2.4.2 want: ^7.18.3
9635 silly placeDep ROOT @types/babel__helper-plugin-utils@7.10.3 OK for: jiti@2.4.2 want: ^7.10.3
9636 silly placeDep ROOT @types/babel__template@7.4.4 OK for: jiti@2.4.2 want: ^7.4.4
9637 silly placeDep ROOT @types/babel__traverse@7.20.7 OK for: jiti@2.4.2 want: ^7.20.6
9638 silly placeDep node_modules/.pnpm/jiti@2.4.2/node_modules/jiti @types/node@22.16.4 OK for: jiti@2.4.2 want: ^22.10.2
9639 silly placeDep ROOT @vitest/coverage-v8@2.1.9 OK for: jiti@2.4.2 want: ^2.1.8
9640 silly placeDep ROOT babel-plugin-parameter-decorator@1.0.16 OK for: jiti@2.4.2 want: ^1.0.16
9641 silly placeDep ROOT changelogen@0.5.7 OK for: jiti@2.4.2 want: ^0.5.7
9642 silly placeDep ROOT config@3.3.12 OK for: jiti@2.4.2 want: ^3.3.12
9643 silly placeDep ROOT consola@3.4.2 OK for: jiti@2.4.2 want: ^3.2.3
9644 silly placeDep ROOT defu@6.1.4 OK for: jiti@2.4.2 want: ^6.1.4
9645 silly placeDep ROOT destr@2.0.5 OK for: jiti@2.4.2 want: ^2.0.3
9646 silly placeDep node_modules/.pnpm/jiti@2.4.2/node_modules/jiti escape-string-regexp@5.0.0 OK for: jiti@2.4.2 want: ^5.0.0
9647 silly placeDep ROOT eslint-config-unjs@0.4.2 OK for: jiti@2.4.2 want: ^0.4.2
9648 silly placeDep ROOT estree-walker@3.0.3 OK for: jiti@2.4.2 want: ^3.0.3
9649 silly placeDep ROOT fast-glob@3.3.3 OK for: jiti@2.4.2 want: ^3.3.2
9650 verbose stack TypeError: Cannot read properties of null (reading 'matches')
9650 verbose stack     at Link.matches (C:\Program Files\nodejs\node_modules\npm\node_modules\@npmcli\arborist\lib\node.js:1117:41)
9650 verbose stack     at Link.canDedupe (C:\Program Files\nodejs\node_modules\npm\node_modules\@npmcli\arborist\lib\node.js:1071:15)
9650 verbose stack     at PlaceDep.pruneDedupable (C:\Program Files\nodejs\node_modules\npm\node_modules\@npmcli\arborist\lib\place-dep.js:426:14)
9650 verbose stack     at new PlaceDep (C:\Program Files\nodejs\node_modules\npm\node_modules\@npmcli\arborist\lib\place-dep.js:278:14)
9650 verbose stack     at #buildDepStep (C:\Program Files\nodejs\node_modules\npm\node_modules\@npmcli\arborist\lib\arborist\build-ideal-tree.js:920:18)
9650 verbose stack     at async Arborist.buildIdealTree (C:\Program Files\nodejs\node_modules\npm\node_modules\@npmcli\arborist\lib\arborist\build-ideal-tree.js:181:7)
9650 verbose stack     at async Promise.all (index 1)
9650 verbose stack     at async Arborist.reify (C:\Program Files\nodejs\node_modules\npm\node_modules\@npmcli\arborist\lib\arborist\reify.js:131:5)
9650 verbose stack     at async Install.exec (C:\Program Files\nodejs\node_modules\npm\lib\commands\install.js:150:5)
9650 verbose stack     at async Npm.exec (C:\Program Files\nodejs\node_modules\npm\lib\npm.js:207:9)
9651 error Cannot read properties of null (reading 'matches')
9652 silly unfinished npm timer reify 1752778594032
9653 silly unfinished npm timer reify:loadTrees 1752778594033
9654 silly unfinished npm timer idealTree:buildDeps 1752778599268
9655 silly unfinished npm timer idealTree:node_modules/.pnpm/jiti@2.4.2/node_modules/jiti 1752779138883
9656 verbose cwd C:\Users\sohar\OneDrive\Desktop\doodlepad\doodlepad
9657 verbose os Windows_NT 10.0.26100
9658 verbose node v22.17.0
9659 verbose npm  v10.9.2
9660 notice
9660 notice New [31mmajor[39m version of npm available! [31m10.9.2[39m -> [34m11.4.2[39m
9660 notice Changelog: [34mhttps://github.com/npm/cli/releases/tag/v11.4.2[39m
9660 notice To update run: [4mnpm install -g npm@11.4.2[24m
9660 notice  { force: true, [Symbol(proc-log.meta)]: true }
9661 verbose exit 1
9662 verbose code 1
9663 error A complete log of this run can be found in: C:\Users\sohar\OneDrive\Desktop\doodlepad\doodlepad\clear\_logs\2025-07-17T18_56_31_409Z-debug-0.log
