0 verbose cli C:\Program Files\nodejs\node.exe C:\Program Files\nodejs\node_modules\npm\bin\npm-cli.js
1 info using npm@10.9.2
2 info using node@v22.17.0
3 silly config load:file:C:\Program Files\nodejs\node_modules\npm\npmrc
4 silly config load:file:C:\Users\sohar\OneDrive\Desktop\doodlepad\doodlepad\clear\_cacache\tmp\git-clone0KusaS\.npmrc
5 silly config load:file:C:\Users\sohar\.npmrc
6 silly config load:file:C:\Users\sohar\AppData\Roaming\npm\etc\npmrc
7 verbose title npm install
8 verbose argv "install" "--force" "--cache" "C:\\Users\\sohar\\OneDrive\\Desktop\\doodlepad\\doodlepad\\clear" "--prefer-offline" "false" "--prefer-online" "false" "--offline" "false" "--no-progress" "--no-save" "--no-audit" "--include" "dev" "--include" "peer" "--include" "optional" "--no-package-lock-only" "--no-dry-run"
9 verbose logfile logs-max:10 dir:C:\Users\sohar\OneDrive\Desktop\doodlepad\doodlepad\clear\_logs\2025-07-17T18_57_34_782Z-
10 verbose logfile C:\Users\sohar\OneDrive\Desktop\doodlepad\doodlepad\clear\_logs\2025-07-17T18_57_34_782Z-debug-0.log
11 warn using --force Recommended protections disabled.
12 silly logfile done cleaning log files
13 silly packumentCache heap:2197815296 maxSize:549453824 maxEntrySize:274726912
14 silly idealTree buildDeps
15 silly reify moves {}
16 verbose reify failed optional dependency C:\Users\sohar\OneDrive\Desktop\doodlepad\doodlepad\clear\_cacache\tmp\git-clone0KusaS\node_modules\fsevents
17 silly reify mark deleted [
17 silly reify   'C:\\Users\\sohar\\OneDrive\\Desktop\\doodlepad\\doodlepad\\clear\\_cacache\\tmp\\git-clone0KusaS\\node_modules\\fsevents'
17 silly reify ]
18 http cache yargs-parser@http://registry.npmjs.org/yargs-parser/-/yargs-parser-21.1.1.tgz 4ms (cache hit)
19 http cache yocto-queue@http://registry.npmjs.org/yocto-queue/-/yocto-queue-0.1.0.tgz 0ms (cache hit)
20 http cache yargs-parser@http://registry.npmjs.org/yargs-parser/-/yargs-parser-20.2.4.tgz 0ms (cache hit)
21 http cache yargs@http://registry.npmjs.org/yargs/-/yargs-17.7.1.tgz 0ms (cache hit)
22 http cache yallist@http://registry.npmjs.org/yallist/-/yallist-4.0.0.tgz 0ms (cache hit)
23 http cache y18n@http://registry.npmjs.org/y18n/-/y18n-5.0.8.tgz 0ms (cache hit)
24 http cache xml@http://registry.npmjs.org/xml/-/xml-1.0.1.tgz 0ms (cache hit)
25 http cache write-file-atomic@http://registry.npmjs.org/write-file-atomic/-/write-file-atomic-3.0.3.tgz 0ms (cache hit)
26 http cache ws@http://registry.npmjs.org/ws/-/ws-8.12.1.tgz 0ms (cache hit)
27 http cache xdg-basedir@http://registry.npmjs.org/xdg-basedir/-/xdg-basedir-4.0.0.tgz 0ms (cache hit)
28 http cache wrappy@http://registry.npmjs.org/wrappy/-/wrappy-1.0.2.tgz 0ms (cache hit)
29 http cache wrap-ansi@http://registry.npmjs.org/wrap-ansi/-/wrap-ansi-7.0.0.tgz 0ms (cache hit)
30 http cache word-wrap@http://registry.npmjs.org/word-wrap/-/word-wrap-1.2.3.tgz 0ms (cache hit)
31 http cache which@http://registry.npmjs.org/which/-/which-1.3.1.tgz 0ms (cache hit)
32 http cache whatwg-url@http://registry.npmjs.org/whatwg-url/-/whatwg-url-5.0.0.tgz 0ms (cache hit)
33 http cache well-known-symbols@http://registry.npmjs.org/well-known-symbols/-/well-known-symbols-2.0.0.tgz 0ms (cache hit)
34 http cache vscode-uri@http://registry.npmjs.org/vscode-uri/-/vscode-uri-3.0.7.tgz 0ms (cache hit)
35 http cache vnu-jar@http://registry.npmjs.org/vnu-jar/-/vnu-jar-21.2.5.tgz 0ms (cache hit)
36 http cache vscode-languageserver-textdocument@http://registry.npmjs.org/vscode-languageserver-textdocument/-/vscode-languageserver-textdocument-1.0.8.tgz 0ms (cache hit)
37 http cache webidl-conversions@http://registry.npmjs.org/webidl-conversions/-/webidl-conversions-3.0.1.tgz 0ms (cache hit)
38 http cache util-deprecate@http://registry.npmjs.org/util-deprecate/-/util-deprecate-1.0.2.tgz 0ms (cache hit)
39 http cache validate-npm-package-license@http://registry.npmjs.org/validate-npm-package-license/-/validate-npm-package-license-3.0.4.tgz 0ms (cache hit)
40 http cache v8-compile-cache@http://registry.npmjs.org/v8-compile-cache/-/v8-compile-cache-2.3.0.tgz 0ms (cache hit)
41 http cache universal-user-agent@http://registry.npmjs.org/universal-user-agent/-/universal-user-agent-6.0.0.tgz 0ms (cache hit)
42 http cache update-browserslist-db@http://registry.npmjs.org/update-browserslist-db/-/update-browserslist-db-1.0.4.tgz 0ms (cache hit)
43 http cache uri-js@http://registry.npmjs.org/uri-js/-/uri-js-4.2.2.tgz 0ms (cache hit)
44 http cache unique-string@http://registry.npmjs.org/unique-string/-/unique-string-2.0.0.tgz 0ms (cache hit)
45 http cache typedarray-to-buffer@http://registry.npmjs.org/typedarray-to-buffer/-/typedarray-to-buffer-3.1.5.tgz 0ms (cache hit)
46 http cache type-fest@http://registry.npmjs.org/type-fest/-/type-fest-0.20.2.tgz 0ms (cache hit)
47 http cache tslib@http://registry.npmjs.org/tslib/-/tslib-2.3.1.tgz 0ms (cache hit)
48 http cache tr46@http://registry.npmjs.org/tr46/-/tr46-0.0.3.tgz 0ms (cache hit)
49 http cache trim-newlines@http://registry.npmjs.org/trim-newlines/-/trim-newlines-3.0.1.tgz 0ms (cache hit)
50 http cache type-check@http://registry.npmjs.org/type-check/-/type-check-0.4.0.tgz 0ms (cache hit)
51 http cache to-regex-range@http://registry.npmjs.org/to-regex-range/-/to-regex-range-5.0.1.tgz 0ms (cache hit)
52 http cache to-fast-properties@http://registry.npmjs.org/to-fast-properties/-/to-fast-properties-2.0.0.tgz 0ms (cache hit)
53 http cache time-zone@http://registry.npmjs.org/time-zone/-/time-zone-1.0.0.tgz 0ms (cache hit)
54 http cache tmp@http://registry.npmjs.org/tmp/-/tmp-0.2.1.tgz 0ms (cache hit)
55 http cache through@http://registry.npmjs.org/through/-/through-2.3.8.tgz 0ms (cache hit)
56 http cache text-table@http://registry.npmjs.org/text-table/-/text-table-0.2.0.tgz 0ms (cache hit)
57 http cache tar@http://registry.npmjs.org/tar/-/tar-6.1.11.tgz 0ms (cache hit)
58 http cache table@http://registry.npmjs.org/table/-/table-6.8.1.tgz 0ms (cache hit)
59 http cache slice-ansi@http://registry.npmjs.org/slice-ansi/-/slice-ansi-4.0.0.tgz 0ms (cache hit)
60 http cache temp-dir@http://registry.npmjs.org/temp-dir/-/temp-dir-3.0.0.tgz 0ms (cache hit)
61 http cache json-schema-traverse@http://registry.npmjs.org/json-schema-traverse/-/json-schema-traverse-1.0.0.tgz 0ms (cache hit)
62 http cache svg-tags@http://registry.npmjs.org/svg-tags/-/svg-tags-1.0.0.tgz 0ms (cache hit)
63 http cache ajv@http://registry.npmjs.org/ajv/-/ajv-8.12.0.tgz 0ms (cache hit)
64 http cache strip-ansi@http://registry.npmjs.org/strip-ansi/-/strip-ansi-7.0.1.tgz 0ms (cache hit)
65 http cache supports-color@http://registry.npmjs.org/supports-color/-/supports-color-7.1.0.tgz 0ms (cache hit)
66 http cache supertap@http://registry.npmjs.org/supertap/-/supertap-3.0.1.tgz 0ms (cache hit)
67 http cache supports-hyperlinks@http://registry.npmjs.org/supports-hyperlinks/-/supports-hyperlinks-2.3.0.tgz 0ms (cache hit)
68 http cache indent-string@http://registry.npmjs.org/indent-string/-/indent-string-5.0.0.tgz 0ms (cache hit)
69 http cache ansi-regex@http://registry.npmjs.org/ansi-regex/-/ansi-regex-6.0.1.tgz 0ms (cache hit)
70 http cache stylelint-config-standard@http://registry.npmjs.org/stylelint-config-standard/-/stylelint-config-standard-30.0.1.tgz 0ms (cache hit)
71 http cache stylelint@http://registry.npmjs.org/stylelint/-/stylelint-15.1.0.tgz 0ms (cache hit)
72 http cache stylelint-config-recommended@http://registry.npmjs.org/stylelint-config-recommended/-/stylelint-config-recommended-10.0.1.tgz 0ms (cache hit)
73 http cache style-search@http://registry.npmjs.org/style-search/-/style-search-0.1.0.tgz 0ms (cache hit)
74 http cache write-file-atomic@http://registry.npmjs.org/write-file-atomic/-/write-file-atomic-5.0.0.tgz 0ms (cache hit)
75 http cache import-lazy@http://registry.npmjs.org/import-lazy/-/import-lazy-4.0.0.tgz 0ms (cache hit)
76 http cache strip-json-comments@http://registry.npmjs.org/strip-json-comments/-/strip-json-comments-3.1.1.tgz 0ms (cache hit)
77 http cache balanced-match@http://registry.npmjs.org/balanced-match/-/balanced-match-2.0.0.tgz 0ms (cache hit)
78 http cache strip-indent@http://registry.npmjs.org/strip-indent/-/strip-indent-3.0.0.tgz 0ms (cache hit)
79 http cache strip-final-newline@http://registry.npmjs.org/strip-final-newline/-/strip-final-newline-3.0.0.tgz 0ms (cache hit)
80 http cache strip-ansi@http://registry.npmjs.org/strip-ansi/-/strip-ansi-6.0.1.tgz 0ms (cache hit)
81 http cache string-width@http://registry.npmjs.org/string-width/-/string-width-4.2.3.tgz 0ms (cache hit)
82 http cache escape-string-regexp@http://registry.npmjs.org/escape-string-regexp/-/escape-string-regexp-2.0.0.tgz 0ms (cache hit)
83 http cache string-argv@http://registry.npmjs.org/string-argv/-/string-argv-0.3.1.tgz 0ms (cache hit)
84 http cache stack-utils@http://registry.npmjs.org/stack-utils/-/stack-utils-2.0.6.tgz 0ms (cache hit)
85 http cache string_decoder@http://registry.npmjs.org/string_decoder/-/string_decoder-1.1.1.tgz 0ms (cache hit)
86 http cache sprintf-js@http://registry.npmjs.org/sprintf-js/-/sprintf-js-1.0.3.tgz 0ms (cache hit)
87 http cache spdx-expression-parse@http://registry.npmjs.org/spdx-expression-parse/-/spdx-expression-parse-3.0.0.tgz 0ms (cache hit)
88 http cache spdx-license-ids@http://registry.npmjs.org/spdx-license-ids/-/spdx-license-ids-3.0.5.tgz 0ms (cache hit)
89 http cache spdx-correct@http://registry.npmjs.org/spdx-correct/-/spdx-correct-3.1.0.tgz 0ms (cache hit)
90 http cache slice-ansi@http://registry.npmjs.org/slice-ansi/-/slice-ansi-3.0.0.tgz 0ms (cache hit)
91 http cache spdx-exceptions@http://registry.npmjs.org/spdx-exceptions/-/spdx-exceptions-2.2.0.tgz 0ms (cache hit)
92 http cache slash@http://registry.npmjs.org/slash/-/slash-3.0.0.tgz 0ms (cache hit)
93 http cache signal-exit@http://registry.npmjs.org/signal-exit/-/signal-exit-3.0.7.tgz 0ms (cache hit)
94 http cache shebang-regex@http://registry.npmjs.org/shebang-regex/-/shebang-regex-3.0.0.tgz 0ms (cache hit)
95 http cache type-fest@http://registry.npmjs.org/type-fest/-/type-fest-0.13.1.tgz 0ms (cache hit)
96 http cache shebang-command@http://registry.npmjs.org/shebang-command/-/shebang-command-2.0.0.tgz 0ms (cache hit)
97 http cache setimmediate@http://registry.npmjs.org/setimmediate/-/setimmediate-1.0.5.tgz 0ms (cache hit)
98 http cache source-map-js@http://registry.npmjs.org/source-map-js/-/source-map-js-1.0.2.tgz 0ms (cache hit)
99 http cache serialize-error@http://registry.npmjs.org/serialize-error/-/serialize-error-7.0.1.tgz 0ms (cache hit)
100 http cache semver@http://registry.npmjs.org/semver/-/semver-5.7.1.tgz 0ms (cache hit)
101 http cache selenium-webdriver@http://registry.npmjs.org/selenium-webdriver/-/selenium-webdriver-4.8.1.tgz 0ms (cache hit)
102 http cache rxjs@http://registry.npmjs.org/rxjs/-/rxjs-7.8.0.tgz 0ms (cache hit)
103 http cache run-parallel@http://registry.npmjs.org/run-parallel/-/run-parallel-1.1.9.tgz 0ms (cache hit)
104 http cache safe-buffer@http://registry.npmjs.org/safe-buffer/-/safe-buffer-5.1.2.tgz 0ms (cache hit)
105 http cache rimraf@http://registry.npmjs.org/rimraf/-/rimraf-3.0.2.tgz 0ms (cache hit)
106 http cache onetime@http://registry.npmjs.org/onetime/-/onetime-5.1.2.tgz 0ms (cache hit)
107 http cache mimic-fn@http://registry.npmjs.org/mimic-fn/-/mimic-fn-2.1.0.tgz 0ms (cache hit)
108 http cache rfdc@http://registry.npmjs.org/rfdc/-/rfdc-1.3.0.tgz 0ms (cache hit)
109 http cache glob@http://registry.npmjs.org/glob/-/glob-7.2.3.tgz 0ms (cache hit)
110 http cache reusify@http://registry.npmjs.org/reusify/-/reusify-1.0.4.tgz 0ms (cache hit)
111 http cache resolve-global@http://registry.npmjs.org/resolve-global/-/resolve-global-1.0.0.tgz 0ms (cache hit)
112 http cache resolve-cwd@http://registry.npmjs.org/resolve-cwd/-/resolve-cwd-3.0.0.tgz 0ms (cache hit)
113 http cache restore-cursor@http://registry.npmjs.org/restore-cursor/-/restore-cursor-3.1.0.tgz 0ms (cache hit)
114 http cache resolve-alpn@http://registry.npmjs.org/resolve-alpn/-/resolve-alpn-1.2.1.tgz 0ms (cache hit)
115 http cache require-from-string@http://registry.npmjs.org/require-from-string/-/require-from-string-2.0.2.tgz 0ms (cache hit)
116 http cache resolve@http://registry.npmjs.org/resolve/-/resolve-1.15.1.tgz 0ms (cache hit)
117 http cache require-directory@http://registry.npmjs.org/require-directory/-/require-directory-2.1.1.tgz 0ms (cache hit)
118 http cache resolve-from@http://registry.npmjs.org/resolve-from/-/resolve-from-5.0.0.tgz 0ms (cache hit)
119 http cache responselike@http://registry.npmjs.org/responselike/-/responselike-2.0.1.tgz 1ms (cache hit)
120 http cache regexpp@http://registry.npmjs.org/regexpp/-/regexpp-3.2.0.tgz 0ms (cache hit)
121 http cache repeat-string@http://registry.npmjs.org/repeat-string/-/repeat-string-1.6.1.tgz 0ms (cache hit)
122 http cache type-fest@http://registry.npmjs.org/type-fest/-/type-fest-0.8.1.tgz 0ms (cache hit)
123 http cache readable-stream@http://registry.npmjs.org/readable-stream/-/readable-stream-2.3.7.tgz 1ms (cache hit)
124 http cache readdirp@http://registry.npmjs.org/readdirp/-/readdirp-3.6.0.tgz 0ms (cache hit)
125 http cache redent@http://registry.npmjs.org/redent/-/redent-3.0.0.tgz 0ms (cache hit)
126 http cache type-fest@http://registry.npmjs.org/type-fest/-/type-fest-0.6.0.tgz 0ms (cache hit)
127 http cache read-pkg@http://registry.npmjs.org/read-pkg/-/read-pkg-5.2.0.tgz 0ms (cache hit)
128 http cache quick-lru@http://registry.npmjs.org/quick-lru/-/quick-lru-4.0.1.tgz 0ms (cache hit)
129 http cache read-pkg-up@http://registry.npmjs.org/read-pkg-up/-/read-pkg-up-7.0.1.tgz 0ms (cache hit)
130 http cache pump@http://registry.npmjs.org/pump/-/pump-3.0.0.tgz 0ms (cache hit)
131 http cache punycode@http://registry.npmjs.org/punycode/-/punycode-2.1.1.tgz 0ms (cache hit)
132 http cache process-nextick-args@http://registry.npmjs.org/process-nextick-args/-/process-nextick-args-2.0.1.tgz 0ms (cache hit)
133 http cache prettier@http://registry.npmjs.org/prettier/-/prettier-2.7.1.tgz 0ms (cache hit)
134 http cache prettier-linter-helpers@http://registry.npmjs.org/prettier-linter-helpers/-/prettier-linter-helpers-1.0.0.tgz 0ms (cache hit)
135 http cache prelude-ls@http://registry.npmjs.org/prelude-ls/-/prelude-ls-1.2.1.tgz 0ms (cache hit)
136 http cache pretty-ms@http://registry.npmjs.org/pretty-ms/-/pretty-ms-8.0.0.tgz 0ms (cache hit)
137 http cache postcss-value-parser@http://registry.npmjs.org/postcss-value-parser/-/postcss-value-parser-4.2.0.tgz 0ms (cache hit)
138 http cache postcss-selector-parser@http://registry.npmjs.org/postcss-selector-parser/-/postcss-selector-parser-6.0.11.tgz 0ms (cache hit)
139 http cache postcss-resolve-nested-selector@http://registry.npmjs.org/postcss-resolve-nested-selector/-/postcss-resolve-nested-selector-0.1.1.tgz 0ms (cache hit)
140 http cache postcss-media-query-parser@http://registry.npmjs.org/postcss-media-query-parser/-/postcss-media-query-parser-0.2.3.tgz 0ms (cache hit)
141 http cache postcss@http://registry.npmjs.org/postcss/-/postcss-8.4.21.tgz 0ms (cache hit)
142 http cache plur@http://registry.npmjs.org/plur/-/plur-5.1.0.tgz 0ms (cache hit)
143 http cache pkg-conf@http://registry.npmjs.org/pkg-conf/-/pkg-conf-4.0.0.tgz 0ms (cache hit)
144 http cache postcss-safe-parser@http://registry.npmjs.org/postcss-safe-parser/-/postcss-safe-parser-6.0.0.tgz 0ms (cache hit)
145 http cache yocto-queue@http://registry.npmjs.org/yocto-queue/-/yocto-queue-1.0.0.tgz 0ms (cache hit)
146 http cache p-locate@http://registry.npmjs.org/p-locate/-/p-locate-6.0.0.tgz 0ms (cache hit)
147 http cache path-exists@http://registry.npmjs.org/path-exists/-/path-exists-5.0.0.tgz 0ms (cache hit)
148 http cache pidtree@http://registry.npmjs.org/pidtree/-/pidtree-0.6.0.tgz 0ms (cache hit)
149 http cache p-limit@http://registry.npmjs.org/p-limit/-/p-limit-4.0.0.tgz 0ms (cache hit)
150 http cache picomatch@http://registry.npmjs.org/picomatch/-/picomatch-2.3.1.tgz 0ms (cache hit)
151 http cache find-up@http://registry.npmjs.org/find-up/-/find-up-6.3.0.tgz 0ms (cache hit)
152 http cache locate-path@http://registry.npmjs.org/locate-path/-/locate-path-7.2.0.tgz 0ms (cache hit)
153 http cache picocolors@http://registry.npmjs.org/picocolors/-/picocolors-1.0.0.tgz 0ms (cache hit)
154 http cache path-type@http://registry.npmjs.org/path-type/-/path-type-4.0.0.tgz 0ms (cache hit)
155 http cache path-parse@http://registry.npmjs.org/path-parse/-/path-parse-1.0.7.tgz 0ms (cache hit)
156 http cache path-key@http://registry.npmjs.org/path-key/-/path-key-3.1.1.tgz 0ms (cache hit)
157 http cache path-is-absolute@http://registry.npmjs.org/path-is-absolute/-/path-is-absolute-1.0.1.tgz 0ms (cache hit)
158 http cache domhandler@http://registry.npmjs.org/domhandler/-/domhandler-5.0.3.tgz 0ms (cache hit)
159 http cache entities@http://registry.npmjs.org/entities/-/entities-4.4.0.tgz 0ms (cache hit)
160 http cache path-exists@http://registry.npmjs.org/path-exists/-/path-exists-4.0.0.tgz 0ms (cache hit)
161 http cache parse5-htmlparser2-tree-adapter@http://registry.npmjs.org/parse5-htmlparser2-tree-adapter/-/parse5-htmlparser2-tree-adapter-7.0.0.tgz 0ms (cache hit)
162 http cache parse5@http://registry.npmjs.org/parse5/-/parse5-7.1.2.tgz 0ms (cache hit)
163 http cache parse-json@http://registry.npmjs.org/parse-json/-/parse-json-5.2.0.tgz 0ms (cache hit)
164 http cache parent-module@http://registry.npmjs.org/parent-module/-/parent-module-1.0.1.tgz 0ms (cache hit)
165 http cache parse-ms@http://registry.npmjs.org/parse-ms/-/parse-ms-3.0.0.tgz 0ms (cache hit)
166 http cache pako@http://registry.npmjs.org/pako/-/pako-1.0.11.tgz 0ms (cache hit)
167 http cache p-timeout@http://registry.npmjs.org/p-timeout/-/p-timeout-5.1.0.tgz 0ms (cache hit)
168 http cache p-locate@http://registry.npmjs.org/p-locate/-/p-locate-4.1.0.tgz 0ms (cache hit)
169 http cache p-map@http://registry.npmjs.org/p-map/-/p-map-4.0.0.tgz 0ms (cache hit)
170 http cache p-try@http://registry.npmjs.org/p-try/-/p-try-2.2.0.tgz 0ms (cache hit)
171 http cache p-limit@http://registry.npmjs.org/p-limit/-/p-limit-2.3.0.tgz 0ms (cache hit)
172 http cache p-event@http://registry.npmjs.org/p-event/-/p-event-5.0.1.tgz 0ms (cache hit)
173 http cache p-defer@http://registry.npmjs.org/p-defer/-/p-defer-1.0.0.tgz 0ms (cache hit)
174 http cache p-cancelable@http://registry.npmjs.org/p-cancelable/-/p-cancelable-2.1.1.tgz 0ms (cache hit)
175 http cache optionator@http://registry.npmjs.org/optionator/-/optionator-0.9.1.tgz 1ms (cache hit)
176 http cache onetime@http://registry.npmjs.org/onetime/-/onetime-6.0.0.tgz 0ms (cache hit)
177 http cache once@http://registry.npmjs.org/once/-/once-1.4.0.tgz 0ms (cache hit)
178 http cache object-inspect@http://registry.npmjs.org/object-inspect/-/object-inspect-1.12.2.tgz 0ms (cache hit)
179 http cache path-key@http://registry.npmjs.org/path-key/-/path-key-4.0.0.tgz 0ms (cache hit)
180 http cache nth-check@http://registry.npmjs.org/nth-check/-/nth-check-2.0.1.tgz 0ms (cache hit)
181 http cache normalize-path@http://registry.npmjs.org/normalize-path/-/normalize-path-3.0.0.tgz 1ms (cache hit)
182 http cache npm-run-path@http://registry.npmjs.org/npm-run-path/-/npm-run-path-5.1.0.tgz 0ms (cache hit)
183 http cache normalize-url@http://registry.npmjs.org/normalize-url/-/normalize-url-6.1.0.tgz 0ms (cache hit)
184 http cache normalize-package-data@http://registry.npmjs.org/normalize-package-data/-/normalize-package-data-2.5.0.tgz 0ms (cache hit)
185 http cache nofilter@http://registry.npmjs.org/nofilter/-/nofilter-3.1.0.tgz 0ms (cache hit)
186 http cache node-html-parser@http://registry.npmjs.org/node-html-parser/-/node-html-parser-5.2.0.tgz 0ms (cache hit)
187 http cache css-select@http://registry.npmjs.org/css-select/-/css-select-4.1.3.tgz 0ms (cache hit)
188 http cache css-what@http://registry.npmjs.org/css-what/-/css-what-5.1.0.tgz 0ms (cache hit)
189 http cache node-releases@http://registry.npmjs.org/node-releases/-/node-releases-2.0.5.tgz 0ms (cache hit)
190 http cache node-fetch@http://registry.npmjs.org/node-fetch/-/node-fetch-2.6.9.tgz 0ms (cache hit)
191 http cache nanoid@http://registry.npmjs.org/nanoid/-/nanoid-3.3.4.tgz 0ms (cache hit)
192 http cache natural-compare@http://registry.npmjs.org/natural-compare/-/natural-compare-1.4.0.tgz 0ms (cache hit)
193 http cache ms@http://registry.npmjs.org/ms/-/ms-2.1.2.tgz 0ms (cache hit)
194 http cache mkdirp@http://registry.npmjs.org/mkdirp/-/mkdirp-1.0.4.tgz 0ms (cache hit)
195 http cache minizlib@http://registry.npmjs.org/minizlib/-/minizlib-2.1.2.tgz 0ms (cache hit)
196 http cache arrify@http://registry.npmjs.org/arrify/-/arrify-1.0.1.tgz 0ms (cache hit)
197 http cache minimist-options@http://registry.npmjs.org/minimist-options/-/minimist-options-4.1.0.tgz 0ms (cache hit)
198 http cache minipass@http://registry.npmjs.org/minipass/-/minipass-3.1.6.tgz 0ms (cache hit)
199 http cache min-indent@http://registry.npmjs.org/min-indent/-/min-indent-1.0.1.tgz 0ms (cache hit)
200 http cache minimatch@http://registry.npmjs.org/minimatch/-/minimatch-3.1.2.tgz 0ms (cache hit)
201 http cache mimic-response@http://registry.npmjs.org/mimic-response/-/mimic-response-1.0.1.tgz 0ms (cache hit)
202 http cache mimic-fn@http://registry.npmjs.org/mimic-fn/-/mimic-fn-4.0.0.tgz 0ms (cache hit)
203 http cache micromatch@http://registry.npmjs.org/micromatch/-/micromatch-4.0.5.tgz 0ms (cache hit)
204 http cache type-fest@http://registry.npmjs.org/type-fest/-/type-fest-0.18.1.tgz 0ms (cache hit)
205 http cache micro-spelling-correcter@http://registry.npmjs.org/micro-spelling-correcter/-/micro-spelling-correcter-1.1.1.tgz 0ms (cache hit)
206 http cache merge2@http://registry.npmjs.org/merge2/-/merge2-1.4.1.tgz 0ms (cache hit)
207 http cache merge-stream@http://registry.npmjs.org/merge-stream/-/merge-stream-2.0.0.tgz 0ms (cache hit)
208 http cache semver@http://registry.npmjs.org/semver/-/semver-7.3.4.tgz 0ms (cache hit)
209 http cache meow@http://registry.npmjs.org/meow/-/meow-9.0.0.tgz 0ms (cache hit)
210 http cache mdn-data@http://registry.npmjs.org/mdn-data/-/mdn-data-2.0.30.tgz 0ms (cache hit)
211 http cache hosted-git-info@http://registry.npmjs.org/hosted-git-info/-/hosted-git-info-3.0.8.tgz 0ms (cache hit)
212 http cache resolve@http://registry.npmjs.org/resolve/-/resolve-1.20.0.tgz 0ms (cache hit)
213 http cache normalize-package-data@http://registry.npmjs.org/normalize-package-data/-/normalize-package-data-3.0.0.tgz 0ms (cache hit)
214 http cache md5-hex@http://registry.npmjs.org/md5-hex/-/md5-hex-3.0.1.tgz 0ms (cache hit)
215 http cache escape-string-regexp@http://registry.npmjs.org/escape-string-regexp/-/escape-string-regexp-5.0.0.tgz 0ms (cache hit)
216 http cache mem@http://registry.npmjs.org/mem/-/mem-9.0.2.tgz 0ms (cache hit)
217 http cache mathml-tag-names@http://registry.npmjs.org/mathml-tag-names/-/mathml-tag-names-2.1.3.tgz 0ms (cache hit)
218 http cache matcher@http://registry.npmjs.org/matcher/-/matcher-5.0.0.tgz 0ms (cache hit)
219 http cache map-obj@http://registry.npmjs.org/map-obj/-/map-obj-4.1.0.tgz 0ms (cache hit)
220 http cache semver@http://registry.npmjs.org/semver/-/semver-6.3.0.tgz 0ms (cache hit)
221 http cache make-dir@http://registry.npmjs.org/make-dir/-/make-dir-3.1.0.tgz 0ms (cache hit)
222 http cache map-age-cleaner@http://registry.npmjs.org/map-age-cleaner/-/map-age-cleaner-0.1.3.tgz 0ms (cache hit)
223 http cache wrap-ansi@http://registry.npmjs.org/wrap-ansi/-/wrap-ansi-6.2.0.tgz 0ms (cache hit)
224 http cache slice-ansi@http://registry.npmjs.org/slice-ansi/-/slice-ansi-4.0.0.tgz 0ms (cache hit)
225 http cache lru-cache@http://registry.npmjs.org/lru-cache/-/lru-cache-6.0.0.tgz 0ms (cache hit)
226 http cache lowercase-keys@http://registry.npmjs.org/lowercase-keys/-/lowercase-keys-2.0.0.tgz 0ms (cache hit)
227 http cache lodash.truncate@http://registry.npmjs.org/lodash.truncate/-/lodash.truncate-4.4.2.tgz 0ms (cache hit)
228 http cache log-update@http://registry.npmjs.org/log-update/-/log-update-4.0.0.tgz 0ms (cache hit)
229 http cache lodash@http://registry.npmjs.org/lodash/-/lodash-4.17.21.tgz 0ms (cache hit)
230 http cache lodash.merge@http://registry.npmjs.org/lodash.merge/-/lodash.merge-4.6.2.tgz 0ms (cache hit)
231 http cache locate-path@http://registry.npmjs.org/locate-path/-/locate-path-5.0.0.tgz 0ms (cache hit)
232 http cache yaml@http://registry.npmjs.org/yaml/-/yaml-2.2.1.tgz 0ms (cache hit)
233 http cache strip-ansi@http://registry.npmjs.org/strip-ansi/-/strip-ansi-7.0.1.tgz 0ms (cache hit)
234 http cache load-json-file@http://registry.npmjs.org/load-json-file/-/load-json-file-7.0.1.tgz 0ms (cache hit)
235 http cache listr2@http://registry.npmjs.org/listr2/-/listr2-5.0.7.tgz 0ms (cache hit)
236 http cache lint-staged@http://registry.npmjs.org/lint-staged/-/lint-staged-13.1.1.tgz 0ms (cache hit)
237 http cache slice-ansi@http://registry.npmjs.org/slice-ansi/-/slice-ansi-5.0.0.tgz 0ms (cache hit)
238 http cache string-width@http://registry.npmjs.org/string-width/-/string-width-5.0.1.tgz 0ms (cache hit)
239 http cache emoji-regex@http://registry.npmjs.org/emoji-regex/-/emoji-regex-9.2.2.tgz 0ms (cache hit)
240 http cache is-fullwidth-code-point@http://registry.npmjs.org/is-fullwidth-code-point/-/is-fullwidth-code-point-4.0.0.tgz 0ms (cache hit)
241 http cache cli-truncate@http://registry.npmjs.org/cli-truncate/-/cli-truncate-3.1.0.tgz 0ms (cache hit)
242 http cache lines-and-columns@http://registry.npmjs.org/lines-and-columns/-/lines-and-columns-1.1.6.tgz 0ms (cache hit)
243 http cache ansi-regex@http://registry.npmjs.org/ansi-regex/-/ansi-regex-6.0.1.tgz 0ms (cache hit)
244 http cache lilconfig@http://registry.npmjs.org/lilconfig/-/lilconfig-2.0.6.tgz 0ms (cache hit)
245 http cache ansi-styles@http://registry.npmjs.org/ansi-styles/-/ansi-styles-6.1.0.tgz 0ms (cache hit)
246 http cache lie@http://registry.npmjs.org/lie/-/lie-3.3.0.tgz 0ms (cache hit)
247 http cache levn@http://registry.npmjs.org/levn/-/levn-0.4.1.tgz 0ms (cache hit)
248 http cache known-css-properties@http://registry.npmjs.org/known-css-properties/-/known-css-properties-0.26.0.tgz 0ms (cache hit)
249 http cache keyv@http://registry.npmjs.org/keyv/-/keyv-4.5.2.tgz 0ms (cache hit)
250 http cache kind-of@http://registry.npmjs.org/kind-of/-/kind-of-6.0.3.tgz 0ms (cache hit)
251 http cache json5@http://registry.npmjs.org/json5/-/json5-2.2.3.tgz 0ms (cache hit)
252 http cache jszip@http://registry.npmjs.org/jszip/-/jszip-3.10.0.tgz 0ms (cache hit)
253 http cache json-stable-stringify-without-jsonify@http://registry.npmjs.org/json-stable-stringify-without-jsonify/-/json-stable-stringify-without-jsonify-1.0.1.tgz 0ms (cache hit)
254 http cache json-buffer@http://registry.npmjs.org/json-buffer/-/json-buffer-3.0.1.tgz 0ms (cache hit)
255 http cache json-schema-traverse@http://registry.npmjs.org/json-schema-traverse/-/json-schema-traverse-0.4.1.tgz 0ms (cache hit)
256 http cache json-parse-even-better-errors@http://registry.npmjs.org/json-parse-even-better-errors/-/json-parse-even-better-errors-2.3.1.tgz 0ms (cache hit)
257 http cache jsesc@http://registry.npmjs.org/jsesc/-/jsesc-2.5.2.tgz 1ms (cache hit)
258 http cache js-tokens@http://registry.npmjs.org/js-tokens/-/js-tokens-4.0.0.tgz 0ms (cache hit)
259 http cache js-yaml@http://registry.npmjs.org/js-yaml/-/js-yaml-3.14.1.tgz 0ms (cache hit)
260 http cache jsdoc-type-pratt-parser@http://registry.npmjs.org/jsdoc-type-pratt-parser/-/jsdoc-type-pratt-parser-3.1.0.tgz 0ms (cache hit)
261 http cache isexe@http://registry.npmjs.org/isexe/-/isexe-2.0.0.tgz 0ms (cache hit)
262 http cache js-string-escape@http://registry.npmjs.org/js-string-escape/-/js-string-escape-1.0.1.tgz 0ms (cache hit)
263 http cache isarray@http://registry.npmjs.org/isarray/-/isarray-1.0.0.tgz 0ms (cache hit)
264 http cache is-typedarray@http://registry.npmjs.org/is-typedarray/-/is-typedarray-1.0.0.tgz 0ms (cache hit)
265 http cache is-promise@http://registry.npmjs.org/is-promise/-/is-promise-4.0.0.tgz 0ms (cache hit)
266 http cache is-stream@http://registry.npmjs.org/is-stream/-/is-stream-3.0.0.tgz 0ms (cache hit)
267 http cache is-plain-obj@http://registry.npmjs.org/is-plain-obj/-/is-plain-obj-1.1.0.tgz 0ms (cache hit)
268 http cache is-unicode-supported@http://registry.npmjs.org/is-unicode-supported/-/is-unicode-supported-1.3.0.tgz 0ms (cache hit)
269 http cache is-plain-object@http://registry.npmjs.org/is-plain-object/-/is-plain-object-5.0.0.tgz 0ms (cache hit)
270 http cache is-path-inside@http://registry.npmjs.org/is-path-inside/-/is-path-inside-4.0.0.tgz 0ms (cache hit)
271 http cache is-number@http://registry.npmjs.org/is-number/-/is-number-7.0.0.tgz 0ms (cache hit)
272 http cache is-path-cwd@http://registry.npmjs.org/is-path-cwd/-/is-path-cwd-3.0.0.tgz 0ms (cache hit)
273 http cache is-obj@http://registry.npmjs.org/is-obj/-/is-obj-2.0.0.tgz 0ms (cache hit)
274 http cache is-glob@http://registry.npmjs.org/is-glob/-/is-glob-4.0.3.tgz 0ms (cache hit)
275 http cache is-extglob@http://registry.npmjs.org/is-extglob/-/is-extglob-2.1.1.tgz 0ms (cache hit)
276 http cache is-fullwidth-code-point@http://registry.npmjs.org/is-fullwidth-code-point/-/is-fullwidth-code-point-3.0.0.tgz 0ms (cache hit)
277 http cache is-core-module@http://registry.npmjs.org/is-core-module/-/is-core-module-2.2.0.tgz 0ms (cache hit)
278 http cache is-binary-path@http://registry.npmjs.org/is-binary-path/-/is-binary-path-2.1.0.tgz 0ms (cache hit)
279 http cache is-error@http://registry.npmjs.org/is-error/-/is-error-2.2.2.tgz 0ms (cache hit)
280 http cache irregular-plurals@http://registry.npmjs.org/irregular-plurals/-/irregular-plurals-3.4.1.tgz 0ms (cache hit)
281 http cache ini@http://registry.npmjs.org/ini/-/ini-1.3.8.tgz 0ms (cache hit)
282 http cache is-arrayish@http://registry.npmjs.org/is-arrayish/-/is-arrayish-0.2.1.tgz 0ms (cache hit)
283 http cache inflight@http://registry.npmjs.org/inflight/-/inflight-1.0.6.tgz 0ms (cache hit)
284 http cache indent-string@http://registry.npmjs.org/indent-string/-/indent-string-4.0.0.tgz 0ms (cache hit)
285 http cache inherits@http://registry.npmjs.org/inherits/-/inherits-2.0.4.tgz 0ms (cache hit)
286 http cache imurmurhash@http://registry.npmjs.org/imurmurhash/-/imurmurhash-0.1.4.tgz 0ms (cache hit)
287 http cache import-modules@http://registry.npmjs.org/import-modules/-/import-modules-2.1.0.tgz 0ms (cache hit)
288 http cache import-fresh@http://registry.npmjs.org/import-fresh/-/import-fresh-3.3.0.tgz 0ms (cache hit)
289 http cache resolve-from@http://registry.npmjs.org/resolve-from/-/resolve-from-4.0.0.tgz 0ms (cache hit)
290 http cache immediate@http://registry.npmjs.org/immediate/-/immediate-3.0.6.tgz 0ms (cache hit)
291 http cache import-meta-resolve@http://registry.npmjs.org/import-meta-resolve/-/import-meta-resolve-2.2.1.tgz 0ms (cache hit)
292 http cache ignore-by-default@http://registry.npmjs.org/ignore-by-default/-/ignore-by-default-2.1.0.tgz 0ms (cache hit)
293 http cache ignore@http://registry.npmjs.org/ignore/-/ignore-5.2.4.tgz 0ms (cache hit)
294 http cache husky@http://registry.npmjs.org/husky/-/husky-8.0.3.tgz 0ms (cache hit)
295 http cache human-signals@http://registry.npmjs.org/human-signals/-/human-signals-3.0.1.tgz 0ms (cache hit)
296 http cache quick-lru@http://registry.npmjs.org/quick-lru/-/quick-lru-5.1.1.tgz 0ms (cache hit)
297 http cache http2-wrapper@http://registry.npmjs.org/http2-wrapper/-/http2-wrapper-1.0.3.tgz 0ms (cache hit)
298 http cache https-proxy-agent@http://registry.npmjs.org/https-proxy-agent/-/https-proxy-agent-5.0.1.tgz 0ms (cache hit)
299 http cache entities@http://registry.npmjs.org/entities/-/entities-4.3.1.tgz 0ms (cache hit)
300 http cache http-cache-semantics@http://registry.npmjs.org/http-cache-semantics/-/http-cache-semantics-4.1.1.tgz 0ms (cache hit)
301 http cache htmlparser2@http://registry.npmjs.org/htmlparser2/-/htmlparser2-8.0.1.tgz 0ms (cache hit)
302 http cache htmlhint@http://registry.npmjs.org/htmlhint/-/htmlhint-1.1.4.tgz 0ms (cache hit)
303 http cache strip-json-comments@http://registry.npmjs.org/strip-json-comments/-/strip-json-comments-3.1.0.tgz 0ms (cache hit)
304 http cache glob@http://registry.npmjs.org/glob/-/glob-7.2.3.tgz 0ms (cache hit)
305 http cache domutils@http://registry.npmjs.org/domutils/-/domutils-3.0.1.tgz 0ms (cache hit)
306 http cache domhandler@http://registry.npmjs.org/domhandler/-/domhandler-5.0.3.tgz 0ms (cache hit)
307 http cache dom-serializer@http://registry.npmjs.org/dom-serializer/-/dom-serializer-2.0.0.tgz 0ms (cache hit)
308 http cache html-tags@http://registry.npmjs.org/html-tags/-/html-tags-3.2.0.tgz 0ms (cache hit)
309 http cache has-own-prop@http://registry.npmjs.org/has-own-prop/-/has-own-prop-2.0.0.tgz 0ms (cache hit)
310 http cache he@http://registry.npmjs.org/he/-/he-1.2.0.tgz 0ms (cache hit)
311 http cache has-flag@http://registry.npmjs.org/has-flag/-/has-flag-4.0.0.tgz 0ms (cache hit)
312 http cache hosted-git-info@http://registry.npmjs.org/hosted-git-info/-/hosted-git-info-2.8.8.tgz 0ms (cache hit)
313 http cache got@http://registry.npmjs.org/got/-/got-11.8.5.tgz 0ms (cache hit)
314 http cache hard-rejection@http://registry.npmjs.org/hard-rejection/-/hard-rejection-2.1.0.tgz 0ms (cache hit)
315 http cache graceful-fs@http://registry.npmjs.org/graceful-fs/-/graceful-fs-4.2.10.tgz 0ms (cache hit)
316 http cache globjoin@http://registry.npmjs.org/globjoin/-/globjoin-0.1.4.tgz 0ms (cache hit)
317 http cache globals@http://registry.npmjs.org/globals/-/globals-13.16.0.tgz 0ms (cache hit)
318 http cache global-prefix@http://registry.npmjs.org/global-prefix/-/global-prefix-3.0.0.tgz 0ms (cache hit)
319 http cache global-modules@http://registry.npmjs.org/global-modules/-/global-modules-2.0.0.tgz 0ms (cache hit)
320 http cache global-dirs@http://registry.npmjs.org/global-dirs/-/global-dirs-0.1.1.tgz 0ms (cache hit)
321 http cache globby@http://registry.npmjs.org/globby/-/globby-11.1.0.tgz 0ms (cache hit)
322 http cache glob-parent@http://registry.npmjs.org/glob-parent/-/glob-parent-5.1.2.tgz 0ms (cache hit)
323 http cache minimatch@http://registry.npmjs.org/minimatch/-/minimatch-5.1.0.tgz 0ms (cache hit)
324 http cache brace-expansion@http://registry.npmjs.org/brace-expansion/-/brace-expansion-2.0.1.tgz 0ms (cache hit)
325 http cache glob@http://registry.npmjs.org/glob/-/glob-8.1.0.tgz 0ms (cache hit)
326 http cache get-stream@http://registry.npmjs.org/get-stream/-/get-stream-6.0.1.tgz 0ms (cache hit)
327 http cache get-caller-file@http://registry.npmjs.org/get-caller-file/-/get-caller-file-2.0.5.tgz 0ms (cache hit)
328 http cache get-stdin@http://registry.npmjs.org/get-stdin/-/get-stdin-8.0.0.tgz 0ms (cache hit)
329 http cache gensync@http://registry.npmjs.org/gensync/-/gensync-1.0.0-beta.2.tgz 0ms (cache hit)
330 http cache gensequence@http://registry.npmjs.org/gensequence/-/gensequence-4.0.3.tgz 0ms (cache hit)
331 http cache geckodriver@http://registry.npmjs.org/geckodriver/-/geckodriver-3.2.0.tgz 0ms (cache hit)
332 http cache functional-red-black-tree@http://registry.npmjs.org/functional-red-black-tree/-/functional-red-black-tree-1.0.1.tgz 0ms (cache hit)
333 http cache function-bind@http://registry.npmjs.org/function-bind/-/function-bind-1.1.1.tgz 0ms (cache hit)
334 http cache flatted@http://registry.npmjs.org/flatted/-/flatted-3.1.1.tgz 0ms (cache hit)
335 http cache fs-minipass@http://registry.npmjs.org/fs-minipass/-/fs-minipass-2.1.0.tgz 0ms (cache hit)
336 http cache fs.realpath@http://registry.npmjs.org/fs.realpath/-/fs.realpath-1.0.0.tgz 0ms (cache hit)
337 http cache flat-cache@http://registry.npmjs.org/flat-cache/-/flat-cache-3.0.4.tgz 0ms (cache hit)
338 http cache find-up@http://registry.npmjs.org/find-up/-/find-up-4.1.0.tgz 0ms (cache hit)
339 http cache fill-range@http://registry.npmjs.org/fill-range/-/fill-range-7.0.1.tgz 0ms (cache hit)
340 http cache escape-string-regexp@http://registry.npmjs.org/escape-string-regexp/-/escape-string-regexp-5.0.0.tgz 0ms (cache hit)
341 http cache figures@http://registry.npmjs.org/figures/-/figures-5.0.0.tgz 0ms (cache hit)
342 http cache fastq@http://registry.npmjs.org/fastq/-/fastq-1.7.0.tgz 0ms (cache hit)
343 http cache has@http://registry.npmjs.org/has/-/has-1.0.3.tgz 0ms (cache hit)
344 http cache fastest-levenshtein@http://registry.npmjs.org/fastest-levenshtein/-/fastest-levenshtein-1.0.16.tgz 0ms (cache hit)
345 http cache fast-levenshtein@http://registry.npmjs.org/fast-levenshtein/-/fast-levenshtein-2.0.6.tgz 0ms (cache hit)
346 http cache fast-glob@http://registry.npmjs.org/fast-glob/-/fast-glob-3.2.12.tgz 0ms (cache hit)
347 http cache fast-equals@http://registry.npmjs.org/fast-equals/-/fast-equals-4.0.3.tgz 0ms (cache hit)
348 http cache fast-json-stable-stringify@http://registry.npmjs.org/fast-json-stable-stringify/-/fast-json-stable-stringify-2.1.0.tgz 0ms (cache hit)
349 http cache fast-deep-equal@http://registry.npmjs.org/fast-deep-equal/-/fast-deep-equal-3.1.1.tgz 0ms (cache hit)
350 http cache fast-diff@http://registry.npmjs.org/fast-diff/-/fast-diff-1.2.0.tgz 0ms (cache hit)
351 http cache esutils@http://registry.npmjs.org/esutils/-/esutils-2.0.3.tgz 0ms (cache hit)
352 http cache execa@http://registry.npmjs.org/execa/-/execa-6.1.0.tgz 0ms (cache hit)
353 http cache estraverse@http://registry.npmjs.org/estraverse/-/estraverse-5.3.0.tgz 0ms (cache hit)
354 http cache esrecurse@http://registry.npmjs.org/esrecurse/-/esrecurse-4.3.0.tgz 0ms (cache hit)
355 http cache file-entry-cache@http://registry.npmjs.org/file-entry-cache/-/file-entry-cache-6.0.1.tgz 0ms (cache hit)
356 http cache espurify@http://registry.npmjs.org/espurify/-/espurify-2.1.1.tgz 0ms (cache hit)
357 http cache eslint-visitor-keys@http://registry.npmjs.org/eslint-visitor-keys/-/eslint-visitor-keys-3.3.0.tgz 0ms (cache hit)
358 http cache esquery@http://registry.npmjs.org/esquery/-/esquery-1.4.0.tgz 0ms (cache hit)
359 http cache espree@http://registry.npmjs.org/espree/-/espree-9.3.2.tgz 0ms (cache hit)
360 http cache eslint-visitor-keys@http://registry.npmjs.org/eslint-visitor-keys/-/eslint-visitor-keys-2.1.0.tgz 0ms (cache hit)
361 http cache eslint-utils@http://registry.npmjs.org/eslint-utils/-/eslint-utils-3.0.0.tgz 0ms (cache hit)
362 http cache esprima@http://registry.npmjs.org/esprima/-/esprima-4.0.1.tgz 0ms (cache hit)
363 http cache eslint-scope@http://registry.npmjs.org/eslint-scope/-/eslint-scope-7.1.1.tgz 0ms (cache hit)
364 http cache eslint-plugin-prettier@http://registry.npmjs.org/eslint-plugin-prettier/-/eslint-plugin-prettier-4.2.1.tgz 0ms (cache hit)
365 http cache eslint-plugin-jsdoc@http://registry.npmjs.org/eslint-plugin-jsdoc/-/eslint-plugin-jsdoc-39.3.3.tgz 0ms (cache hit)
366 http cache htmlparser2@http://registry.npmjs.org/htmlparser2/-/htmlparser2-7.2.0.tgz 0ms (cache hit)
367 http cache entities@http://registry.npmjs.org/entities/-/entities-3.0.1.tgz 0ms (cache hit)
368 http cache eslint-plugin-html@http://registry.npmjs.org/eslint-plugin-html/-/eslint-plugin-html-6.2.0.tgz 0ms (cache hit)
369 http cache semver@http://registry.npmjs.org/semver/-/semver-7.3.7.tgz 0ms (cache hit)
370 http cache eslint-plugin-ava@http://registry.npmjs.org/eslint-plugin-ava/-/eslint-plugin-ava-13.2.0.tgz 0ms (cache hit)
371 http cache escape-string-regexp@http://registry.npmjs.org/escape-string-regexp/-/escape-string-regexp-4.0.0.tgz 0ms (cache hit)
372 http cache pkg-dir@http://registry.npmjs.org/pkg-dir/-/pkg-dir-5.0.0.tgz 1ms (cache hit)
373 http cache spdx-expression-parse@http://registry.npmjs.org/spdx-expression-parse/-/spdx-expression-parse-3.0.1.tgz 0ms (cache hit)
374 http cache p-locate@http://registry.npmjs.org/p-locate/-/p-locate-5.0.0.tgz 0ms (cache hit)
375 http cache locate-path@http://registry.npmjs.org/locate-path/-/locate-path-6.0.0.tgz 0ms (cache hit)
376 http cache js-yaml@http://registry.npmjs.org/js-yaml/-/js-yaml-4.1.0.tgz 0ms (cache hit)
377 http cache find-up@http://registry.npmjs.org/find-up/-/find-up-5.0.0.tgz 1ms (cache hit)
378 http cache eslint-config-prettier@http://registry.npmjs.org/eslint-config-prettier/-/eslint-config-prettier-8.5.0.tgz 0ms (cache hit)
379 http cache eslint@http://registry.npmjs.org/eslint/-/eslint-8.19.0.tgz 0ms (cache hit)
380 http cache fast-deep-equal@http://registry.npmjs.org/fast-deep-equal/-/fast-deep-equal-3.1.3.tgz 0ms (cache hit)
381 http cache glob-parent@http://registry.npmjs.org/glob-parent/-/glob-parent-6.0.2.tgz 0ms (cache hit)
382 http cache escape-string-regexp@http://registry.npmjs.org/escape-string-regexp/-/escape-string-regexp-1.0.5.tgz 0ms (cache hit)
383 http cache eslint-visitor-keys@http://registry.npmjs.org/eslint-visitor-keys/-/eslint-visitor-keys-3.3.0.tgz 0ms (cache hit)
384 http cache argparse@http://registry.npmjs.org/argparse/-/argparse-2.0.1.tgz 0ms (cache hit)
385 http cache escape-string-regexp@http://registry.npmjs.org/escape-string-regexp/-/escape-string-regexp-4.0.0.tgz 0ms (cache hit)
386 http cache entities@http://registry.npmjs.org/entities/-/entities-2.1.0.tgz 0ms (cache hit)
387 http cache escalade@http://registry.npmjs.org/escalade/-/escalade-3.1.1.tgz 0ms (cache hit)
388 http cache error-ex@http://registry.npmjs.org/error-ex/-/error-ex-1.3.2.tgz 0ms (cache hit)
389 http cache enhance-visitors@http://registry.npmjs.org/enhance-visitors/-/enhance-visitors-1.0.0.tgz 0ms (cache hit)
390 http cache emittery@http://registry.npmjs.org/emittery/-/emittery-1.0.1.tgz 0ms (cache hit)
391 http cache end-of-stream@http://registry.npmjs.org/end-of-stream/-/end-of-stream-1.4.4.tgz 0ms (cache hit)
392 http cache emoji-regex@http://registry.npmjs.org/emoji-regex/-/emoji-regex-8.0.0.tgz 0ms (cache hit)
393 http cache electron-to-chromium@http://registry.npmjs.org/electron-to-chromium/-/electron-to-chromium-1.4.180.tgz 0ms (cache hit)
394 http cache dotenv@http://registry.npmjs.org/dotenv/-/dotenv-16.0.3.tgz 0ms (cache hit)
395 http cache eastasianwidth@http://registry.npmjs.org/eastasianwidth/-/eastasianwidth-0.2.0.tgz 0ms (cache hit)
396 http cache dot-prop@http://registry.npmjs.org/dot-prop/-/dot-prop-5.3.0.tgz 0ms (cache hit)
397 http cache domhandler@http://registry.npmjs.org/domhandler/-/domhandler-4.2.2.tgz 0ms (cache hit)
398 http cache domelementtype@http://registry.npmjs.org/domelementtype/-/domelementtype-2.3.0.tgz 0ms (cache hit)
399 http cache domutils@http://registry.npmjs.org/domutils/-/domutils-2.8.0.tgz 0ms (cache hit)
400 http cache dom-serializer@http://registry.npmjs.org/dom-serializer/-/dom-serializer-1.3.2.tgz 0ms (cache hit)
401 http cache slash@http://registry.npmjs.org/slash/-/slash-4.0.0.tgz 0ms (cache hit)
402 http cache dir-glob@http://registry.npmjs.org/dir-glob/-/dir-glob-3.0.1.tgz 0ms (cache hit)
403 http cache deprecation@http://registry.npmjs.org/deprecation/-/deprecation-2.3.1.tgz 0ms (cache hit)
404 http cache del@http://registry.npmjs.org/del/-/del-7.0.0.tgz 0ms (cache hit)
405 http cache indent-string@http://registry.npmjs.org/indent-string/-/indent-string-5.0.0.tgz 0ms (cache hit)
406 http cache p-map@http://registry.npmjs.org/p-map/-/p-map-5.5.0.tgz 0ms (cache hit)
407 http cache globby@http://registry.npmjs.org/globby/-/globby-13.1.3.tgz 0ms (cache hit)
408 http cache clean-stack@http://registry.npmjs.org/clean-stack/-/clean-stack-4.2.0.tgz 0ms (cache hit)
409 http cache escape-string-regexp@http://registry.npmjs.org/escape-string-regexp/-/escape-string-regexp-5.0.0.tgz 0ms (cache hit)
410 http cache aggregate-error@http://registry.npmjs.org/aggregate-error/-/aggregate-error-4.0.1.tgz 0ms (cache hit)
411 http cache defer-to-connect@http://registry.npmjs.org/defer-to-connect/-/defer-to-connect-2.0.1.tgz 0ms (cache hit)
412 http cache deep-is@http://registry.npmjs.org/deep-is/-/deep-is-0.1.4.tgz 0ms (cache hit)
413 http cache mimic-response@http://registry.npmjs.org/mimic-response/-/mimic-response-3.1.0.tgz 0ms (cache hit)
414 http cache decompress-response@http://registry.npmjs.org/decompress-response/-/decompress-response-6.0.0.tgz 0ms (cache hit)
415 http cache decamelize-keys@http://registry.npmjs.org/decamelize-keys/-/decamelize-keys-1.1.0.tgz 0ms (cache hit)
416 http cache map-obj@http://registry.npmjs.org/map-obj/-/map-obj-1.0.1.tgz 0ms (cache hit)
417 http cache decamelize@http://registry.npmjs.org/decamelize/-/decamelize-1.2.0.tgz 0ms (cache hit)
418 http cache debug@http://registry.npmjs.org/debug/-/debug-4.3.4.tgz 0ms (cache hit)
419 http cache currently-unhandled@http://registry.npmjs.org/currently-unhandled/-/currently-unhandled-0.4.1.tgz 0ms (cache hit)
420 http cache date-time@http://registry.npmjs.org/date-time/-/date-time-3.1.0.tgz 0ms (cache hit)
421 http cache cssesc@http://registry.npmjs.org/cssesc/-/cssesc-3.0.0.tgz 0ms (cache hit)
422 http cache css-what@http://registry.npmjs.org/css-what/-/css-what-6.1.0.tgz 0ms (cache hit)
423 http cache entities@http://registry.npmjs.org/entities/-/entities-4.4.0.tgz 0ms (cache hit)
424 http cache css-select@http://registry.npmjs.org/css-select/-/css-select-5.1.0.tgz 0ms (cache hit)
425 http cache css-tree@http://registry.npmjs.org/css-tree/-/css-tree-2.3.1.tgz 0ms (cache hit)
426 http cache css-functions-list@http://registry.npmjs.org/css-functions-list/-/css-functions-list-3.1.0.tgz 0ms (cache hit)
427 http cache cspell-trie-lib@http://registry.npmjs.org/cspell-trie-lib/-/cspell-trie-lib-6.24.0.tgz 0ms (cache hit)
428 http cache domutils@http://registry.npmjs.org/domutils/-/domutils-3.0.1.tgz 0ms (cache hit)
429 http cache domhandler@http://registry.npmjs.org/domhandler/-/domhandler-5.0.3.tgz 0ms (cache hit)
430 http cache p-limit@http://registry.npmjs.org/p-limit/-/p-limit-3.1.0.tgz 0ms (cache hit)
431 http cache dom-serializer@http://registry.npmjs.org/dom-serializer/-/dom-serializer-2.0.0.tgz 0ms (cache hit)
432 http cache cspell-lib@http://registry.npmjs.org/cspell-lib/-/cspell-lib-6.24.0.tgz 0ms (cache hit)
433 http cache locate-path@http://registry.npmjs.org/locate-path/-/locate-path-6.0.0.tgz 0ms (cache hit)
434 http cache p-locate@http://registry.npmjs.org/p-locate/-/p-locate-5.0.0.tgz 0ms (cache hit)
435 http cache p-limit@http://registry.npmjs.org/p-limit/-/p-limit-3.1.0.tgz 0ms (cache hit)
436 http cache find-up@http://registry.npmjs.org/find-up/-/find-up-5.0.0.tgz 0ms (cache hit)
437 http cache cspell-io@http://registry.npmjs.org/cspell-io/-/cspell-io-6.24.0.tgz 0ms (cache hit)
438 http cache cspell-grammar@http://registry.npmjs.org/cspell-grammar/-/cspell-grammar-6.24.0.tgz 0ms (cache hit)
439 http cache p-locate@http://registry.npmjs.org/p-locate/-/p-locate-5.0.0.tgz 0ms (cache hit)
440 http cache cspell-gitignore@http://registry.npmjs.org/cspell-gitignore/-/cspell-gitignore-6.24.0.tgz 0ms (cache hit)
441 http cache cspell-glob@http://registry.npmjs.org/cspell-glob/-/cspell-glob-6.24.0.tgz 0ms (cache hit)
442 http cache cspell-dictionary@http://registry.npmjs.org/cspell-dictionary/-/cspell-dictionary-6.24.0.tgz 0ms (cache hit)
443 http cache cspell@http://registry.npmjs.org/cspell/-/cspell-6.24.0.tgz 0ms (cache hit)
444 http cache locate-path@http://registry.npmjs.org/locate-path/-/locate-path-6.0.0.tgz 0ms (cache hit)
445 http cache doctrine@http://registry.npmjs.org/doctrine/-/doctrine-3.0.0.tgz 0ms (cache hit)
446 http cache semver@http://registry.npmjs.org/semver/-/semver-7.3.8.tgz 0ms (cache hit)
447 http cache p-limit@http://registry.npmjs.org/p-limit/-/p-limit-3.1.0.tgz 0ms (cache hit)
448 http cache find-up@http://registry.npmjs.org/find-up/-/find-up-5.0.0.tgz 0ms (cache hit)
449 http cache crypto-random-string@http://registry.npmjs.org/crypto-random-string/-/crypto-random-string-2.0.0.tgz 0ms (cache hit)
450 http cache cross-spawn@http://registry.npmjs.org/cross-spawn/-/cross-spawn-7.0.3.tgz 0ms (cache hit)
451 http cache which@http://registry.npmjs.org/which/-/which-2.0.2.tgz 0ms (cache hit)
452 http cache commander@http://registry.npmjs.org/commander/-/commander-10.0.0.tgz 1ms (cache hit)
453 http cache cosmiconfig@http://registry.npmjs.org/cosmiconfig/-/cosmiconfig-8.0.0.tgz 0ms (cache hit)
454 http cache js-yaml@http://registry.npmjs.org/js-yaml/-/js-yaml-4.1.0.tgz 0ms (cache hit)
455 http cache core-util-is@http://registry.npmjs.org/core-util-is/-/core-util-is-1.0.3.tgz 0ms (cache hit)
456 http cache convert-to-spaces@http://registry.npmjs.org/convert-to-spaces/-/convert-to-spaces-2.0.1.tgz 0ms (cache hit)
457 http cache argparse@http://registry.npmjs.org/argparse/-/argparse-2.0.1.tgz 0ms (cache hit)
458 http cache convert-source-map@http://registry.npmjs.org/convert-source-map/-/convert-source-map-1.7.0.tgz 0ms (cache hit)
459 http cache configstore@http://registry.npmjs.org/configstore/-/configstore-5.0.1.tgz 0ms (cache hit)
460 http cache concordance@http://registry.npmjs.org/concordance/-/concordance-5.0.4.tgz 0ms (cache hit)
461 http cache comment-parser@http://registry.npmjs.org/comment-parser/-/comment-parser-1.3.1.tgz 0ms (cache hit)
462 http cache semver@http://registry.npmjs.org/semver/-/semver-7.3.8.tgz 0ms (cache hit)
463 http cache concat-map@http://registry.npmjs.org/concat-map/-/concat-map-0.0.1.tgz 0ms (cache hit)
464 http cache common-path-prefix@http://registry.npmjs.org/common-path-prefix/-/common-path-prefix-3.0.0.tgz 0ms (cache hit)
465 http cache comment-json@http://registry.npmjs.org/comment-json/-/comment-json-4.2.3.tgz 0ms (cache hit)
466 http cache colorette@http://registry.npmjs.org/colorette/-/colorette-2.0.19.tgz 0ms (cache hit)
467 http cache commander@http://registry.npmjs.org/commander/-/commander-9.5.0.tgz 0ms (cache hit)
468 http cache colord@http://registry.npmjs.org/colord/-/colord-2.9.3.tgz 0ms (cache hit)
469 http cache color-convert@http://registry.npmjs.org/color-convert/-/color-convert-2.0.1.tgz 0ms (cache hit)
470 http cache color-name@http://registry.npmjs.org/color-name/-/color-name-1.1.4.tgz 0ms (cache hit)
471 http cache code-excerpt@http://registry.npmjs.org/code-excerpt/-/code-excerpt-4.0.0.tgz 0ms (cache hit)
472 http cache cliui@http://registry.npmjs.org/cliui/-/cliui-8.0.1.tgz 0ms (cache hit)
473 http cache clone-response@http://registry.npmjs.org/clone-response/-/clone-response-1.0.3.tgz 0ms (cache hit)
474 http cache cli-truncate@http://registry.npmjs.org/cli-truncate/-/cli-truncate-2.1.0.tgz 0ms (cache hit)
475 http cache clear-module@http://registry.npmjs.org/clear-module/-/clear-module-4.1.2.tgz 0ms (cache hit)
476 http cache cli-cursor@http://registry.npmjs.org/cli-cursor/-/cli-cursor-3.1.0.tgz 0ms (cache hit)
477 http cache parent-module@http://registry.npmjs.org/parent-module/-/parent-module-2.0.0.tgz 0ms (cache hit)
478 http cache clean-yaml-object@http://registry.npmjs.org/clean-yaml-object/-/clean-yaml-object-0.1.0.tgz 0ms (cache hit)
479 http cache clean-stack@http://registry.npmjs.org/clean-stack/-/clean-stack-2.2.0.tgz 0ms (cache hit)
480 http cache ci-parallel-vars@http://registry.npmjs.org/ci-parallel-vars/-/ci-parallel-vars-1.0.1.tgz 0ms (cache hit)
481 http cache ci-info@http://registry.npmjs.org/ci-info/-/ci-info-3.8.0.tgz 0ms (cache hit)
482 http cache chunkd@http://registry.npmjs.org/chunkd/-/chunkd-2.0.1.tgz 0ms (cache hit)
483 http cache chownr@http://registry.npmjs.org/chownr/-/chownr-2.0.0.tgz 0ms (cache hit)
484 http cache chokidar@http://registry.npmjs.org/chokidar/-/chokidar-3.5.3.tgz 0ms (cache hit)
485 http cache cheerio-select@http://registry.npmjs.org/cheerio-select/-/cheerio-select-2.1.0.tgz 0ms (cache hit)
486 http cache cheerio@http://registry.npmjs.org/cheerio/-/cheerio-1.0.0-rc.12.tgz 0ms (cache hit)
487 http cache entities@http://registry.npmjs.org/entities/-/entities-4.4.0.tgz 0ms (cache hit)
488 http cache domhandler@http://registry.npmjs.org/domhandler/-/domhandler-5.0.3.tgz 0ms (cache hit)
489 http cache dom-serializer@http://registry.npmjs.org/dom-serializer/-/dom-serializer-2.0.0.tgz 0ms (cache hit)
490 http cache domutils@http://registry.npmjs.org/domutils/-/domutils-3.0.1.tgz 0ms (cache hit)
491 http cache chalk@http://registry.npmjs.org/chalk/-/chalk-4.1.2.tgz 0ms (cache hit)
492 http cache domutils@http://registry.npmjs.org/domutils/-/domutils-3.0.1.tgz 0ms (cache hit)
493 http cache dom-serializer@http://registry.npmjs.org/dom-serializer/-/dom-serializer-2.0.0.tgz 0ms (cache hit)
494 http cache cbor@http://registry.npmjs.org/cbor/-/cbor-8.1.0.tgz 0ms (cache hit)
495 http cache caniuse-lite@http://registry.npmjs.org/caniuse-lite/-/caniuse-lite-1.0.30001363.tgz 0ms (cache hit)
496 http cache domhandler@http://registry.npmjs.org/domhandler/-/domhandler-5.0.3.tgz 0ms (cache hit)
497 http cache camelcase@http://registry.npmjs.org/camelcase/-/camelcase-5.3.1.tgz 0ms (cache hit)
498 http cache camelcase-keys@http://registry.npmjs.org/camelcase-keys/-/camelcase-keys-6.2.2.tgz 0ms (cache hit)
499 http cache callsites@http://registry.npmjs.org/callsites/-/callsites-3.1.0.tgz 0ms (cache hit)
500 http cache cacheable-request@http://registry.npmjs.org/cacheable-request/-/cacheable-request-7.0.2.tgz 0ms (cache hit)
501 http cache cacheable-lookup@http://registry.npmjs.org/cacheable-lookup/-/cacheable-lookup-5.0.4.tgz 0ms (cache hit)
502 http cache get-stream@http://registry.npmjs.org/get-stream/-/get-stream-5.2.0.tgz 0ms (cache hit)
503 http cache browserslist@http://registry.npmjs.org/browserslist/-/browserslist-4.21.1.tgz 0ms (cache hit)
504 http cache braces@http://registry.npmjs.org/braces/-/braces-3.0.2.tgz 0ms (cache hit)
505 http cache boolbase@http://registry.npmjs.org/boolbase/-/boolbase-1.0.0.tgz 0ms (cache hit)
506 http cache brace-expansion@http://registry.npmjs.org/brace-expansion/-/brace-expansion-1.1.11.tgz 0ms (cache hit)
507 http cache blueimp-md5@http://registry.npmjs.org/blueimp-md5/-/blueimp-md5-2.19.0.tgz 0ms (cache hit)
508 http cache bluebird@http://registry.npmjs.org/bluebird/-/bluebird-3.7.2.tgz 0ms (cache hit)
509 http cache binary-extensions@http://registry.npmjs.org/binary-extensions/-/binary-extensions-2.2.0.tgz 0ms (cache hit)
510 http cache write-file-atomic@http://registry.npmjs.org/write-file-atomic/-/write-file-atomic-5.0.0.tgz 0ms (cache hit)
511 http cache strip-ansi@http://registry.npmjs.org/strip-ansi/-/strip-ansi-7.0.1.tgz 0ms (cache hit)
512 http cache before-after-hook@http://registry.npmjs.org/before-after-hook/-/before-after-hook-2.2.2.tgz 0ms (cache hit)
513 http cache balanced-match@http://registry.npmjs.org/balanced-match/-/balanced-match-1.0.0.tgz 0ms (cache hit)
514 http cache string-width@http://registry.npmjs.org/string-width/-/string-width-5.1.2.tgz 0ms (cache hit)
515 http cache ava@http://registry.npmjs.org/ava/-/ava-5.2.0.tgz 0ms (cache hit)
516 http cache slice-ansi@http://registry.npmjs.org/slice-ansi/-/slice-ansi-5.0.0.tgz 0ms (cache hit)
517 http cache is-fullwidth-code-point@http://registry.npmjs.org/is-fullwidth-code-point/-/is-fullwidth-code-point-4.0.0.tgz 0ms (cache hit)
518 http cache globby@http://registry.npmjs.org/globby/-/globby-13.1.3.tgz 0ms (cache hit)
519 http cache ms@http://registry.npmjs.org/ms/-/ms-2.1.3.tgz 0ms (cache hit)
520 http cache slash@http://registry.npmjs.org/slash/-/slash-4.0.0.tgz 0ms (cache hit)
521 http cache p-map@http://registry.npmjs.org/p-map/-/p-map-5.5.0.tgz 0ms (cache hit)
522 http cache indent-string@http://registry.npmjs.org/indent-string/-/indent-string-5.0.0.tgz 0ms (cache hit)
523 http cache escape-string-regexp@http://registry.npmjs.org/escape-string-regexp/-/escape-string-regexp-5.0.0.tgz 0ms (cache hit)
524 http cache emoji-regex@http://registry.npmjs.org/emoji-regex/-/emoji-regex-9.2.2.tgz 0ms (cache hit)
525 http cache clean-stack@http://registry.npmjs.org/clean-stack/-/clean-stack-4.2.0.tgz 0ms (cache hit)
526 http cache cli-truncate@http://registry.npmjs.org/cli-truncate/-/cli-truncate-3.1.0.tgz 0ms (cache hit)
527 http cache chalk@http://registry.npmjs.org/chalk/-/chalk-5.2.0.tgz 0ms (cache hit)
528 http cache callsites@http://registry.npmjs.org/callsites/-/callsites-4.0.0.tgz 0ms (cache hit)
529 http cache ansi-regex@http://registry.npmjs.org/ansi-regex/-/ansi-regex-6.0.1.tgz 0ms (cache hit)
530 http cache aggregate-error@http://registry.npmjs.org/aggregate-error/-/aggregate-error-4.0.1.tgz 1ms (cache hit)
531 http cache ansi-styles@http://registry.npmjs.org/ansi-styles/-/ansi-styles-6.2.1.tgz 0ms (cache hit)
532 http cache entities@http://registry.npmjs.org/entities/-/entities-4.4.0.tgz 0ms (cache hit)
533 http cache astral-regex@http://registry.npmjs.org/astral-regex/-/astral-regex-2.0.0.tgz 0ms (cache hit)
534 http cache async@http://registry.npmjs.org/async/-/async-3.2.3.tgz 1ms (cache hit)
535 http cache array-union@http://registry.npmjs.org/array-union/-/array-union-2.1.0.tgz 0ms (cache hit)
536 http cache arrify@http://registry.npmjs.org/arrify/-/arrify-3.0.0.tgz 0ms (cache hit)
537 http cache arrgv@http://registry.npmjs.org/arrgv/-/arrgv-1.0.2.tgz 0ms (cache hit)
538 http cache anymatch@http://registry.npmjs.org/anymatch/-/anymatch-3.1.3.tgz 0ms (cache hit)
539 http cache argparse@http://registry.npmjs.org/argparse/-/argparse-1.0.10.tgz 0ms (cache hit)
540 http cache array-timsort@http://registry.npmjs.org/array-timsort/-/array-timsort-1.0.3.tgz 0ms (cache hit)
541 http cache array-find-index@http://registry.npmjs.org/array-find-index/-/array-find-index-1.0.2.tgz 0ms (cache hit)
542 http cache ansi-styles@http://registry.npmjs.org/ansi-styles/-/ansi-styles-4.2.1.tgz 0ms (cache hit)
543 http cache ansi-escapes@http://registry.npmjs.org/ansi-escapes/-/ansi-escapes-4.3.2.tgz 0ms (cache hit)
544 http cache type-fest@http://registry.npmjs.org/type-fest/-/type-fest-0.21.3.tgz 0ms (cache hit)
545 http cache ajv@http://registry.npmjs.org/ajv/-/ajv-6.12.6.tgz 0ms (cache hit)
546 http cache ansi-regex@http://registry.npmjs.org/ansi-regex/-/ansi-regex-5.0.1.tgz 0ms (cache hit)
547 http cache aggregate-error@http://registry.npmjs.org/aggregate-error/-/aggregate-error-3.1.0.tgz 0ms (cache hit)
548 http cache agent-base@http://registry.npmjs.org/agent-base/-/agent-base-6.0.2.tgz 0ms (cache hit)
549 http cache adm-zip@http://registry.npmjs.org/adm-zip/-/adm-zip-0.5.9.tgz 0ms (cache hit)
550 http cache acorn-jsx@http://registry.npmjs.org/acorn-jsx/-/acorn-jsx-5.3.2.tgz 0ms (cache hit)
551 http cache acorn@http://registry.npmjs.org/acorn/-/acorn-8.8.2.tgz 0ms (cache hit)
552 http cache acorn-walk@http://registry.npmjs.org/acorn-walk/-/acorn-walk-8.2.0.tgz 0ms (cache hit)
553 http cache @types/responselike@http://registry.npmjs.org/@types/responselike/-/responselike-1.0.0.tgz 0ms (cache hit)
554 http cache @types/normalize-package-data@http://registry.npmjs.org/@types/normalize-package-data/-/normalize-package-data-2.4.0.tgz 0ms (cache hit)
555 http cache @types/node@http://registry.npmjs.org/@types/node/-/node-16.11.9.tgz 0ms (cache hit)
556 http cache @szmarczak/http-timer@http://registry.npmjs.org/@szmarczak/http-timer/-/http-timer-4.0.6.tgz 0ms (cache hit)
557 http cache @types/minimist@http://registry.npmjs.org/@types/minimist/-/minimist-1.2.1.tgz 0ms (cache hit)
558 http cache @types/color-name@http://registry.npmjs.org/@types/color-name/-/color-name-1.1.1.tgz 0ms (cache hit)
559 http cache @types/keyv@http://registry.npmjs.org/@types/keyv/-/keyv-3.1.4.tgz 0ms (cache hit)
560 http cache @types/http-cache-semantics@http://registry.npmjs.org/@types/http-cache-semantics/-/http-cache-semantics-4.0.1.tgz 0ms (cache hit)
561 http cache @sindresorhus/is@http://registry.npmjs.org/@sindresorhus/is/-/is-4.6.0.tgz 0ms (cache hit)
562 http cache @types/cacheable-request@http://registry.npmjs.org/@types/cacheable-request/-/cacheable-request-6.0.3.tgz 0ms (cache hit)
563 http cache @octokit/types@http://registry.npmjs.org/@octokit/types/-/types-6.34.0.tgz 0ms (cache hit)
564 http cache @octokit/request-error@http://registry.npmjs.org/@octokit/request-error/-/request-error-2.1.0.tgz 0ms (cache hit)
565 http cache @octokit/rest@http://registry.npmjs.org/@octokit/rest/-/rest-18.12.0.tgz 0ms (cache hit)
566 http cache @octokit/request@http://registry.npmjs.org/@octokit/request/-/request-5.6.1.tgz 0ms (cache hit)
567 http cache @octokit/plugin-request-log@http://registry.npmjs.org/@octokit/plugin-request-log/-/plugin-request-log-1.0.4.tgz 0ms (cache hit)
568 http cache @octokit/plugin-paginate-rest@http://registry.npmjs.org/@octokit/plugin-paginate-rest/-/plugin-paginate-rest-2.17.0.tgz 1ms (cache hit)
569 http cache @octokit/plugin-rest-endpoint-methods@http://registry.npmjs.org/@octokit/plugin-rest-endpoint-methods/-/plugin-rest-endpoint-methods-5.13.0.tgz 0ms (cache hit)
570 http cache @octokit/graphql@http://registry.npmjs.org/@octokit/graphql/-/graphql-4.6.4.tgz 0ms (cache hit)
571 http cache @octokit/openapi-types@http://registry.npmjs.org/@octokit/openapi-types/-/openapi-types-11.2.0.tgz 0ms (cache hit)
572 http cache @octokit/core@http://registry.npmjs.org/@octokit/core/-/core-3.5.1.tgz 0ms (cache hit)
573 http cache @octokit/endpoint@http://registry.npmjs.org/@octokit/endpoint/-/endpoint-6.0.12.tgz 0ms (cache hit)
574 http cache @jridgewell/trace-mapping@http://registry.npmjs.org/@jridgewell/trace-mapping/-/trace-mapping-0.3.14.tgz 0ms (cache hit)
575 http cache @jridgewell/sourcemap-codec@http://registry.npmjs.org/@jridgewell/sourcemap-codec/-/sourcemap-codec-1.4.11.tgz 0ms (cache hit)
576 http cache @octokit/auth-token@http://registry.npmjs.org/@octokit/auth-token/-/auth-token-2.4.5.tgz 0ms (cache hit)
577 http cache @jridgewell/resolve-uri@http://registry.npmjs.org/@jridgewell/resolve-uri/-/resolve-uri-3.0.5.tgz 0ms (cache hit)
578 http cache @nodelib/fs.walk@http://registry.npmjs.org/@nodelib/fs.walk/-/fs.walk-1.2.4.tgz 0ms (cache hit)
579 http cache @nodelib/fs.stat@http://registry.npmjs.org/@nodelib/fs.stat/-/fs.stat-2.0.3.tgz 0ms (cache hit)
580 http cache @nodelib/fs.scandir@http://registry.npmjs.org/@nodelib/fs.scandir/-/fs.scandir-2.1.3.tgz 0ms (cache hit)
581 http cache @jridgewell/gen-mapping@http://registry.npmjs.org/@jridgewell/gen-mapping/-/gen-mapping-0.3.2.tgz 0ms (cache hit)
582 http cache @humanwhocodes/object-schema@http://registry.npmjs.org/@humanwhocodes/object-schema/-/object-schema-1.2.1.tgz 0ms (cache hit)
583 http cache js-yaml@http://registry.npmjs.org/js-yaml/-/js-yaml-4.1.0.tgz 0ms (cache hit)
584 http cache @eslint/eslintrc@http://registry.npmjs.org/@eslint/eslintrc/-/eslintrc-1.3.0.tgz 0ms (cache hit)
585 http cache @humanwhocodes/config-array@http://registry.npmjs.org/@humanwhocodes/config-array/-/config-array-0.9.5.tgz 0ms (cache hit)
586 http cache @es-joy/jsdoccomment@http://registry.npmjs.org/@es-joy/jsdoccomment/-/jsdoccomment-0.31.0.tgz 0ms (cache hit)
587 http cache argparse@http://registry.npmjs.org/argparse/-/argparse-2.0.1.tgz 0ms (cache hit)
588 http cache @csstools/selector-specificity@http://registry.npmjs.org/@csstools/selector-specificity/-/selector-specificity-2.1.1.tgz 0ms (cache hit)
589 http cache @csstools/media-query-list-parser@http://registry.npmjs.org/@csstools/media-query-list-parser/-/media-query-list-parser-2.0.1.tgz 0ms (cache hit)
590 http cache @csstools/css-parser-algorithms@http://registry.npmjs.org/@csstools/css-parser-algorithms/-/css-parser-algorithms-2.0.1.tgz 0ms (cache hit)
591 http cache @csstools/css-tokenizer@http://registry.npmjs.org/@csstools/css-tokenizer/-/css-tokenizer-2.0.2.tgz 0ms (cache hit)
592 http cache @cspell/dynamic-import@http://registry.npmjs.org/@cspell/dynamic-import/-/dynamic-import-6.24.0.tgz 0ms (cache hit)
593 http cache @cspell/dict-vue@http://registry.npmjs.org/@cspell/dict-vue/-/dict-vue-3.0.0.tgz 0ms (cache hit)
594 http cache @cspell/strong-weak-map@http://registry.npmjs.org/@cspell/strong-weak-map/-/strong-weak-map-6.24.0.tgz 0ms (cache hit)
595 http cache @cspell/dict-typescript@http://registry.npmjs.org/@cspell/dict-typescript/-/dict-typescript-3.1.0.tgz 0ms (cache hit)
596 http cache @cspell/dict-swift@http://registry.npmjs.org/@cspell/dict-swift/-/dict-swift-2.0.1.tgz 0ms (cache hit)
597 http cache @cspell/dict-svelte@http://registry.npmjs.org/@cspell/dict-svelte/-/dict-svelte-1.0.2.tgz 0ms (cache hit)
598 http cache @cspell/dict-software-terms@http://registry.npmjs.org/@cspell/dict-software-terms/-/dict-software-terms-3.1.2.tgz 0ms (cache hit)
599 http cache @cspell/dict-sql@http://registry.npmjs.org/@cspell/dict-sql/-/dict-sql-2.0.1.tgz 0ms (cache hit)
600 http cache @cspell/dict-rust@http://registry.npmjs.org/@cspell/dict-rust/-/dict-rust-4.0.0.tgz 0ms (cache hit)
601 http cache @cspell/dict-ruby@http://registry.npmjs.org/@cspell/dict-ruby/-/dict-ruby-4.0.1.tgz 0ms (cache hit)
602 http cache @cspell/dict-scala@http://registry.npmjs.org/@cspell/dict-scala/-/dict-scala-4.0.0.tgz 0ms (cache hit)
603 http cache @cspell/dict-r@http://registry.npmjs.org/@cspell/dict-r/-/dict-r-2.0.1.tgz 0ms (cache hit)
604 http cache @cspell/dict-python@http://registry.npmjs.org/@cspell/dict-python/-/dict-python-4.0.1.tgz 0ms (cache hit)
605 http cache @cspell/dict-powershell@http://registry.npmjs.org/@cspell/dict-powershell/-/dict-powershell-4.0.0.tgz 0ms (cache hit)
606 http cache @cspell/dict-php@http://registry.npmjs.org/@cspell/dict-php/-/dict-php-3.0.4.tgz 0ms (cache hit)
607 http cache @cspell/dict-public-licenses@http://registry.npmjs.org/@cspell/dict-public-licenses/-/dict-public-licenses-2.0.1.tgz 0ms (cache hit)
608 http cache @cspell/dict-npm@http://registry.npmjs.org/@cspell/dict-npm/-/dict-npm-5.0.3.tgz 0ms (cache hit)
609 http cache @cspell/dict-node@http://registry.npmjs.org/@cspell/dict-node/-/dict-node-4.0.2.tgz 0ms (cache hit)
610 http cache @cspell/dict-lua@http://registry.npmjs.org/@cspell/dict-lua/-/dict-lua-4.0.0.tgz 0ms (cache hit)
611 http cache @cspell/dict-lorem-ipsum@http://registry.npmjs.org/@cspell/dict-lorem-ipsum/-/dict-lorem-ipsum-3.0.0.tgz 0ms (cache hit)
612 http cache @cspell/dict-latex@http://registry.npmjs.org/@cspell/dict-latex/-/dict-latex-3.1.0.tgz 0ms (cache hit)
613 http cache @cspell/dict-k8s@http://registry.npmjs.org/@cspell/dict-k8s/-/dict-k8s-1.0.0.tgz 0ms (cache hit)
614 http cache @cspell/dict-java@http://registry.npmjs.org/@cspell/dict-java/-/dict-java-5.0.4.tgz 0ms (cache hit)
615 http cache @cspell/dict-html-symbol-entities@http://registry.npmjs.org/@cspell/dict-html-symbol-entities/-/dict-html-symbol-entities-4.0.0.tgz 0ms (cache hit)
616 http cache @cspell/dict-haskell@http://registry.npmjs.org/@cspell/dict-haskell/-/dict-haskell-4.0.1.tgz 0ms (cache hit)
617 http cache @cspell/dict-html@http://registry.npmjs.org/@cspell/dict-html/-/dict-html-4.0.2.tgz 0ms (cache hit)
618 http cache @cspell/dict-golang@http://registry.npmjs.org/@cspell/dict-golang/-/dict-golang-5.0.1.tgz 0ms (cache hit)
619 http cache @cspell/dict-git@http://registry.npmjs.org/@cspell/dict-git/-/dict-git-2.0.0.tgz 0ms (cache hit)
620 http cache @cspell/dict-fullstack@http://registry.npmjs.org/@cspell/dict-fullstack/-/dict-fullstack-3.1.1.tgz 0ms (cache hit)
621 http cache @cspell/dict-filetypes@http://registry.npmjs.org/@cspell/dict-filetypes/-/dict-filetypes-3.0.0.tgz 0ms (cache hit)
622 http cache @cspell/dict-gaming-terms@http://registry.npmjs.org/@cspell/dict-gaming-terms/-/dict-gaming-terms-1.0.4.tgz 0ms (cache hit)
623 http cache @cspell/dict-fonts@http://registry.npmjs.org/@cspell/dict-fonts/-/dict-fonts-3.0.0.tgz 0ms (cache hit)
624 http cache @cspell/dict-en-gb@http://registry.npmjs.org/@cspell/dict-en-gb/-/dict-en-gb-1.1.33.tgz 0ms (cache hit)
625 http cache @cspell/dict-dotnet@http://registry.npmjs.org/@cspell/dict-dotnet/-/dict-dotnet-4.0.1.tgz 0ms (cache hit)
626 http cache @cspell/dict-en_us@http://registry.npmjs.org/@cspell/dict-en_us/-/dict-en_us-4.2.2.tgz 0ms (cache hit)
627 http cache @cspell/dict-elixir@http://registry.npmjs.org/@cspell/dict-elixir/-/dict-elixir-4.0.1.tgz 0ms (cache hit)
628 http cache @cspell/dict-docker@http://registry.npmjs.org/@cspell/dict-docker/-/dict-docker-1.1.5.tgz 0ms (cache hit)
629 http cache @cspell/dict-dart@http://registry.npmjs.org/@cspell/dict-dart/-/dict-dart-2.0.1.tgz 0ms (cache hit)
630 http cache @cspell/dict-django@http://registry.npmjs.org/@cspell/dict-django/-/dict-django-4.0.1.tgz 0ms (cache hit)
631 http cache @cspell/dict-css@http://registry.npmjs.org/@cspell/dict-css/-/dict-css-4.0.2.tgz 0ms (cache hit)
632 http cache @cspell/dict-csharp@http://registry.npmjs.org/@cspell/dict-csharp/-/dict-csharp-4.0.2.tgz 0ms (cache hit)
633 http cache @cspell/dict-cpp@http://registry.npmjs.org/@cspell/dict-cpp/-/dict-cpp-4.0.1.tgz 0ms (cache hit)
634 http cache @cspell/dict-cryptocurrencies@http://registry.npmjs.org/@cspell/dict-cryptocurrencies/-/dict-cryptocurrencies-3.0.1.tgz 0ms (cache hit)
635 http cache @cspell/dict-companies@http://registry.npmjs.org/@cspell/dict-companies/-/dict-companies-3.0.6.tgz 0ms (cache hit)
636 http cache @cspell/dict-bash@http://registry.npmjs.org/@cspell/dict-bash/-/dict-bash-4.1.1.tgz 0ms (cache hit)
637 http cache @cspell/dict-aws@http://registry.npmjs.org/@cspell/dict-aws/-/dict-aws-3.0.0.tgz 0ms (cache hit)
638 http cache @cspell/dict-ada@http://registry.npmjs.org/@cspell/dict-ada/-/dict-ada-4.0.1.tgz 0ms (cache hit)
639 http cache @cspell/cspell-types@http://registry.npmjs.org/@cspell/cspell-types/-/cspell-types-6.24.0.tgz 0ms (cache hit)
640 http cache @cspell/cspell-pipe@http://registry.npmjs.org/@cspell/cspell-pipe/-/cspell-pipe-6.24.0.tgz 0ms (cache hit)
641 http cache @cspell/cspell-bundled-dicts@http://registry.npmjs.org/@cspell/cspell-bundled-dicts/-/cspell-bundled-dicts-6.24.0.tgz 0ms (cache hit)
642 http cache @cspell/cspell-service-bus@http://registry.npmjs.org/@cspell/cspell-service-bus/-/cspell-service-bus-6.24.0.tgz 0ms (cache hit)
643 http cache @babel/types@http://registry.npmjs.org/@babel/types/-/types-7.18.7.tgz 0ms (cache hit)
644 http cache globals@http://registry.npmjs.org/globals/-/globals-11.12.0.tgz 0ms (cache hit)
645 http cache @babel/traverse@http://registry.npmjs.org/@babel/traverse/-/traverse-7.18.6.tgz 0ms (cache hit)
646 http cache @babel/template@http://registry.npmjs.org/@babel/template/-/template-7.18.6.tgz 0ms (cache hit)
647 http cache supports-color@http://registry.npmjs.org/supports-color/-/supports-color-5.5.0.tgz 0ms (cache hit)
648 http cache @babel/highlight@http://registry.npmjs.org/@babel/highlight/-/highlight-7.18.6.tgz 0ms (cache hit)
649 http cache @babel/parser@http://registry.npmjs.org/@babel/parser/-/parser-7.18.6.tgz 0ms (cache hit)
650 http cache has-flag@http://registry.npmjs.org/has-flag/-/has-flag-3.0.0.tgz 0ms (cache hit)
651 http cache color-name@http://registry.npmjs.org/color-name/-/color-name-1.1.3.tgz 0ms (cache hit)
652 http cache @babel/helpers@http://registry.npmjs.org/@babel/helpers/-/helpers-7.18.6.tgz 0ms (cache hit)
653 http cache chalk@http://registry.npmjs.org/chalk/-/chalk-2.4.2.tgz 0ms (cache hit)
654 http cache @babel/helper-validator-option@http://registry.npmjs.org/@babel/helper-validator-option/-/helper-validator-option-7.18.6.tgz 0ms (cache hit)
655 http cache @babel/helper-validator-identifier@http://registry.npmjs.org/@babel/helper-validator-identifier/-/helper-validator-identifier-7.18.6.tgz 0ms (cache hit)
656 http cache @babel/helper-split-export-declaration@http://registry.npmjs.org/@babel/helper-split-export-declaration/-/helper-split-export-declaration-7.18.6.tgz 0ms (cache hit)
657 http cache @babel/helper-simple-access@http://registry.npmjs.org/@babel/helper-simple-access/-/helper-simple-access-7.18.6.tgz 0ms (cache hit)
658 http cache color-convert@http://registry.npmjs.org/color-convert/-/color-convert-1.9.3.tgz 0ms (cache hit)
659 http cache ansi-styles@http://registry.npmjs.org/ansi-styles/-/ansi-styles-3.2.1.tgz 0ms (cache hit)
660 http cache @babel/helper-module-transforms@http://registry.npmjs.org/@babel/helper-module-transforms/-/helper-module-transforms-7.18.6.tgz 0ms (cache hit)
661 http cache @babel/helper-hoist-variables@http://registry.npmjs.org/@babel/helper-hoist-variables/-/helper-hoist-variables-7.18.6.tgz 0ms (cache hit)
662 http cache @babel/helper-function-name@http://registry.npmjs.org/@babel/helper-function-name/-/helper-function-name-7.18.6.tgz 0ms (cache hit)
663 http cache @babel/helper-module-imports@http://registry.npmjs.org/@babel/helper-module-imports/-/helper-module-imports-7.18.6.tgz 0ms (cache hit)
664 http cache @babel/helper-environment-visitor@http://registry.npmjs.org/@babel/helper-environment-visitor/-/helper-environment-visitor-7.18.6.tgz 0ms (cache hit)
665 http cache semver@http://registry.npmjs.org/semver/-/semver-6.3.0.tgz 0ms (cache hit)
666 http cache @babel/generator@http://registry.npmjs.org/@babel/generator/-/generator-7.18.7.tgz 0ms (cache hit)
667 http cache @babel/helper-compilation-targets@http://registry.npmjs.org/@babel/helper-compilation-targets/-/helper-compilation-targets-7.18.6.tgz 0ms (cache hit)
668 http cache @jridgewell/set-array@http://registry.npmjs.org/@jridgewell/set-array/-/set-array-1.1.2.tgz 0ms (cache hit)
669 http cache @babel/eslint-parser@http://registry.npmjs.org/@babel/eslint-parser/-/eslint-parser-7.18.2.tgz 0ms (cache hit)
670 http cache estraverse@http://registry.npmjs.org/estraverse/-/estraverse-4.3.0.tgz 1ms (cache hit)
671 http cache @babel/core@http://registry.npmjs.org/@babel/core/-/core-7.18.6.tgz 0ms (cache hit)
672 http cache semver@http://registry.npmjs.org/semver/-/semver-6.3.0.tgz 0ms (cache hit)
673 http cache eslint-scope@http://registry.npmjs.org/eslint-scope/-/eslint-scope-5.1.1.tgz 0ms (cache hit)
674 http cache semver@http://registry.npmjs.org/semver/-/semver-6.3.0.tgz 0ms (cache hit)
675 silly tarball no local data for yargs-parser@http://registry.npmjs.org/yargs-parser/-/yargs-parser-21.1.1.tgz. Extracting by manifest.
676 silly tarball no local data for yocto-queue@http://registry.npmjs.org/yocto-queue/-/yocto-queue-0.1.0.tgz. Extracting by manifest.
677 silly tarball no local data for yargs-parser@http://registry.npmjs.org/yargs-parser/-/yargs-parser-20.2.4.tgz. Extracting by manifest.
678 silly tarball no local data for yargs@http://registry.npmjs.org/yargs/-/yargs-17.7.1.tgz. Extracting by manifest.
679 silly tarball no local data for yallist@http://registry.npmjs.org/yallist/-/yallist-4.0.0.tgz. Extracting by manifest.
680 silly tarball no local data for y18n@http://registry.npmjs.org/y18n/-/y18n-5.0.8.tgz. Extracting by manifest.
681 http cache @babel/code-frame@http://registry.npmjs.org/@babel/code-frame/-/code-frame-7.18.6.tgz 0ms (cache hit)
682 http cache @babel/compat-data@http://registry.npmjs.org/@babel/compat-data/-/compat-data-7.18.6.tgz 0ms (cache hit)
683 silly tarball no local data for xml@http://registry.npmjs.org/xml/-/xml-1.0.1.tgz. Extracting by manifest.
684 silly tarball no local data for write-file-atomic@http://registry.npmjs.org/write-file-atomic/-/write-file-atomic-3.0.3.tgz. Extracting by manifest.
685 silly tarball no local data for ws@http://registry.npmjs.org/ws/-/ws-8.12.1.tgz. Extracting by manifest.
686 silly tarball no local data for xdg-basedir@http://registry.npmjs.org/xdg-basedir/-/xdg-basedir-4.0.0.tgz. Extracting by manifest.
687 silly tarball no local data for wrappy@http://registry.npmjs.org/wrappy/-/wrappy-1.0.2.tgz. Extracting by manifest.
688 silly tarball no local data for wrap-ansi@http://registry.npmjs.org/wrap-ansi/-/wrap-ansi-7.0.0.tgz. Extracting by manifest.
689 silly tarball no local data for word-wrap@http://registry.npmjs.org/word-wrap/-/word-wrap-1.2.3.tgz. Extracting by manifest.
690 silly tarball no local data for which@http://registry.npmjs.org/which/-/which-1.3.1.tgz. Extracting by manifest.
691 silly tarball no local data for whatwg-url@http://registry.npmjs.org/whatwg-url/-/whatwg-url-5.0.0.tgz. Extracting by manifest.
692 silly tarball no local data for well-known-symbols@http://registry.npmjs.org/well-known-symbols/-/well-known-symbols-2.0.0.tgz. Extracting by manifest.
693 silly tarball no local data for vscode-uri@http://registry.npmjs.org/vscode-uri/-/vscode-uri-3.0.7.tgz. Extracting by manifest.
694 silly tarball no local data for vnu-jar@http://registry.npmjs.org/vnu-jar/-/vnu-jar-21.2.5.tgz. Extracting by manifest.
695 silly tarball no local data for vscode-languageserver-textdocument@http://registry.npmjs.org/vscode-languageserver-textdocument/-/vscode-languageserver-textdocument-1.0.8.tgz. Extracting by manifest.
696 silly tarball no local data for webidl-conversions@http://registry.npmjs.org/webidl-conversions/-/webidl-conversions-3.0.1.tgz. Extracting by manifest.
697 http cache @ampproject/remapping@http://registry.npmjs.org/@ampproject/remapping/-/remapping-2.1.2.tgz 0ms (cache hit)
698 silly tarball no local data for util-deprecate@http://registry.npmjs.org/util-deprecate/-/util-deprecate-1.0.2.tgz. Extracting by manifest.
699 silly tarball no local data for validate-npm-package-license@http://registry.npmjs.org/validate-npm-package-license/-/validate-npm-package-license-3.0.4.tgz. Extracting by manifest.
700 silly tarball no local data for v8-compile-cache@http://registry.npmjs.org/v8-compile-cache/-/v8-compile-cache-2.3.0.tgz. Extracting by manifest.
701 silly tarball no local data for universal-user-agent@http://registry.npmjs.org/universal-user-agent/-/universal-user-agent-6.0.0.tgz. Extracting by manifest.
702 silly tarball no local data for update-browserslist-db@http://registry.npmjs.org/update-browserslist-db/-/update-browserslist-db-1.0.4.tgz. Extracting by manifest.
703 silly tarball no local data for uri-js@http://registry.npmjs.org/uri-js/-/uri-js-4.2.2.tgz. Extracting by manifest.
704 silly tarball no local data for unique-string@http://registry.npmjs.org/unique-string/-/unique-string-2.0.0.tgz. Extracting by manifest.
705 silly tarball no local data for typedarray-to-buffer@http://registry.npmjs.org/typedarray-to-buffer/-/typedarray-to-buffer-3.1.5.tgz. Extracting by manifest.
706 silly tarball no local data for type-fest@http://registry.npmjs.org/type-fest/-/type-fest-0.20.2.tgz. Extracting by manifest.
707 silly tarball no local data for tslib@http://registry.npmjs.org/tslib/-/tslib-2.3.1.tgz. Extracting by manifest.
708 silly tarball no local data for tr46@http://registry.npmjs.org/tr46/-/tr46-0.0.3.tgz. Extracting by manifest.
709 silly tarball no local data for trim-newlines@http://registry.npmjs.org/trim-newlines/-/trim-newlines-3.0.1.tgz. Extracting by manifest.
710 silly tarball no local data for type-check@http://registry.npmjs.org/type-check/-/type-check-0.4.0.tgz. Extracting by manifest.
711 silly tarball no local data for to-regex-range@http://registry.npmjs.org/to-regex-range/-/to-regex-range-5.0.1.tgz. Extracting by manifest.
712 silly tarball no local data for to-fast-properties@http://registry.npmjs.org/to-fast-properties/-/to-fast-properties-2.0.0.tgz. Extracting by manifest.
713 silly tarball no local data for time-zone@http://registry.npmjs.org/time-zone/-/time-zone-1.0.0.tgz. Extracting by manifest.
714 silly tarball no local data for tmp@http://registry.npmjs.org/tmp/-/tmp-0.2.1.tgz. Extracting by manifest.
715 silly tarball no local data for through@http://registry.npmjs.org/through/-/through-2.3.8.tgz. Extracting by manifest.
716 silly tarball no local data for text-table@http://registry.npmjs.org/text-table/-/text-table-0.2.0.tgz. Extracting by manifest.
717 silly tarball no local data for tar@http://registry.npmjs.org/tar/-/tar-6.1.11.tgz. Extracting by manifest.
718 silly tarball no local data for table@http://registry.npmjs.org/table/-/table-6.8.1.tgz. Extracting by manifest.
719 silly tarball no local data for slice-ansi@http://registry.npmjs.org/slice-ansi/-/slice-ansi-4.0.0.tgz. Extracting by manifest.
720 silly tarball no local data for temp-dir@http://registry.npmjs.org/temp-dir/-/temp-dir-3.0.0.tgz. Extracting by manifest.
721 silly tarball no local data for json-schema-traverse@http://registry.npmjs.org/json-schema-traverse/-/json-schema-traverse-1.0.0.tgz. Extracting by manifest.
722 silly tarball no local data for svg-tags@http://registry.npmjs.org/svg-tags/-/svg-tags-1.0.0.tgz. Extracting by manifest.
723 silly tarball no local data for ajv@http://registry.npmjs.org/ajv/-/ajv-8.12.0.tgz. Extracting by manifest.
724 silly tarball no local data for strip-ansi@http://registry.npmjs.org/strip-ansi/-/strip-ansi-7.0.1.tgz. Extracting by manifest.
725 silly tarball no local data for supports-color@http://registry.npmjs.org/supports-color/-/supports-color-7.1.0.tgz. Extracting by manifest.
726 silly tarball no local data for supertap@http://registry.npmjs.org/supertap/-/supertap-3.0.1.tgz. Extracting by manifest.
727 silly tarball no local data for supports-hyperlinks@http://registry.npmjs.org/supports-hyperlinks/-/supports-hyperlinks-2.3.0.tgz. Extracting by manifest.
728 silly tarball no local data for indent-string@http://registry.npmjs.org/indent-string/-/indent-string-5.0.0.tgz. Extracting by manifest.
729 silly tarball no local data for ansi-regex@http://registry.npmjs.org/ansi-regex/-/ansi-regex-6.0.1.tgz. Extracting by manifest.
730 silly tarball no local data for stylelint-config-standard@http://registry.npmjs.org/stylelint-config-standard/-/stylelint-config-standard-30.0.1.tgz. Extracting by manifest.
731 silly tarball no local data for stylelint@http://registry.npmjs.org/stylelint/-/stylelint-15.1.0.tgz. Extracting by manifest.
732 silly tarball no local data for stylelint-config-recommended@http://registry.npmjs.org/stylelint-config-recommended/-/stylelint-config-recommended-10.0.1.tgz. Extracting by manifest.
733 silly tarball no local data for style-search@http://registry.npmjs.org/style-search/-/style-search-0.1.0.tgz. Extracting by manifest.
734 silly tarball no local data for write-file-atomic@http://registry.npmjs.org/write-file-atomic/-/write-file-atomic-5.0.0.tgz. Extracting by manifest.
735 silly tarball no local data for import-lazy@http://registry.npmjs.org/import-lazy/-/import-lazy-4.0.0.tgz. Extracting by manifest.
736 silly tarball no local data for strip-json-comments@http://registry.npmjs.org/strip-json-comments/-/strip-json-comments-3.1.1.tgz. Extracting by manifest.
737 silly tarball no local data for balanced-match@http://registry.npmjs.org/balanced-match/-/balanced-match-2.0.0.tgz. Extracting by manifest.
738 silly tarball no local data for strip-indent@http://registry.npmjs.org/strip-indent/-/strip-indent-3.0.0.tgz. Extracting by manifest.
739 silly tarball no local data for strip-final-newline@http://registry.npmjs.org/strip-final-newline/-/strip-final-newline-3.0.0.tgz. Extracting by manifest.
740 silly tarball no local data for strip-ansi@http://registry.npmjs.org/strip-ansi/-/strip-ansi-6.0.1.tgz. Extracting by manifest.
741 silly tarball no local data for string-width@http://registry.npmjs.org/string-width/-/string-width-4.2.3.tgz. Extracting by manifest.
742 silly tarball no local data for escape-string-regexp@http://registry.npmjs.org/escape-string-regexp/-/escape-string-regexp-2.0.0.tgz. Extracting by manifest.
743 silly tarball no local data for string-argv@http://registry.npmjs.org/string-argv/-/string-argv-0.3.1.tgz. Extracting by manifest.
744 silly tarball no local data for stack-utils@http://registry.npmjs.org/stack-utils/-/stack-utils-2.0.6.tgz. Extracting by manifest.
745 silly tarball no local data for string_decoder@http://registry.npmjs.org/string_decoder/-/string_decoder-1.1.1.tgz. Extracting by manifest.
746 silly tarball no local data for sprintf-js@http://registry.npmjs.org/sprintf-js/-/sprintf-js-1.0.3.tgz. Extracting by manifest.
747 silly tarball no local data for spdx-expression-parse@http://registry.npmjs.org/spdx-expression-parse/-/spdx-expression-parse-3.0.0.tgz. Extracting by manifest.
748 silly tarball no local data for spdx-license-ids@http://registry.npmjs.org/spdx-license-ids/-/spdx-license-ids-3.0.5.tgz. Extracting by manifest.
749 silly tarball no local data for spdx-correct@http://registry.npmjs.org/spdx-correct/-/spdx-correct-3.1.0.tgz. Extracting by manifest.
750 silly tarball no local data for slice-ansi@http://registry.npmjs.org/slice-ansi/-/slice-ansi-3.0.0.tgz. Extracting by manifest.
751 silly tarball no local data for spdx-exceptions@http://registry.npmjs.org/spdx-exceptions/-/spdx-exceptions-2.2.0.tgz. Extracting by manifest.
752 silly tarball no local data for slash@http://registry.npmjs.org/slash/-/slash-3.0.0.tgz. Extracting by manifest.
753 silly tarball no local data for signal-exit@http://registry.npmjs.org/signal-exit/-/signal-exit-3.0.7.tgz. Extracting by manifest.
754 silly tarball no local data for shebang-regex@http://registry.npmjs.org/shebang-regex/-/shebang-regex-3.0.0.tgz. Extracting by manifest.
755 silly tarball no local data for type-fest@http://registry.npmjs.org/type-fest/-/type-fest-0.13.1.tgz. Extracting by manifest.
756 silly tarball no local data for shebang-command@http://registry.npmjs.org/shebang-command/-/shebang-command-2.0.0.tgz. Extracting by manifest.
757 silly tarball no local data for setimmediate@http://registry.npmjs.org/setimmediate/-/setimmediate-1.0.5.tgz. Extracting by manifest.
758 silly tarball no local data for source-map-js@http://registry.npmjs.org/source-map-js/-/source-map-js-1.0.2.tgz. Extracting by manifest.
759 silly tarball no local data for serialize-error@http://registry.npmjs.org/serialize-error/-/serialize-error-7.0.1.tgz. Extracting by manifest.
760 silly tarball no local data for semver@http://registry.npmjs.org/semver/-/semver-5.7.1.tgz. Extracting by manifest.
761 silly tarball no local data for selenium-webdriver@http://registry.npmjs.org/selenium-webdriver/-/selenium-webdriver-4.8.1.tgz. Extracting by manifest.
762 silly tarball no local data for rxjs@http://registry.npmjs.org/rxjs/-/rxjs-7.8.0.tgz. Extracting by manifest.
763 silly tarball no local data for run-parallel@http://registry.npmjs.org/run-parallel/-/run-parallel-1.1.9.tgz. Extracting by manifest.
764 silly tarball no local data for safe-buffer@http://registry.npmjs.org/safe-buffer/-/safe-buffer-5.1.2.tgz. Extracting by manifest.
765 silly tarball no local data for rimraf@http://registry.npmjs.org/rimraf/-/rimraf-3.0.2.tgz. Extracting by manifest.
766 silly tarball no local data for onetime@http://registry.npmjs.org/onetime/-/onetime-5.1.2.tgz. Extracting by manifest.
767 silly tarball no local data for mimic-fn@http://registry.npmjs.org/mimic-fn/-/mimic-fn-2.1.0.tgz. Extracting by manifest.
768 silly tarball no local data for rfdc@http://registry.npmjs.org/rfdc/-/rfdc-1.3.0.tgz. Extracting by manifest.
769 silly tarball no local data for glob@http://registry.npmjs.org/glob/-/glob-7.2.3.tgz. Extracting by manifest.
770 silly tarball no local data for reusify@http://registry.npmjs.org/reusify/-/reusify-1.0.4.tgz. Extracting by manifest.
771 silly tarball no local data for resolve-global@http://registry.npmjs.org/resolve-global/-/resolve-global-1.0.0.tgz. Extracting by manifest.
772 silly tarball no local data for resolve-cwd@http://registry.npmjs.org/resolve-cwd/-/resolve-cwd-3.0.0.tgz. Extracting by manifest.
773 silly tarball no local data for restore-cursor@http://registry.npmjs.org/restore-cursor/-/restore-cursor-3.1.0.tgz. Extracting by manifest.
774 silly tarball no local data for resolve-alpn@http://registry.npmjs.org/resolve-alpn/-/resolve-alpn-1.2.1.tgz. Extracting by manifest.
775 silly tarball no local data for require-from-string@http://registry.npmjs.org/require-from-string/-/require-from-string-2.0.2.tgz. Extracting by manifest.
776 silly tarball no local data for resolve@http://registry.npmjs.org/resolve/-/resolve-1.15.1.tgz. Extracting by manifest.
777 silly tarball no local data for require-directory@http://registry.npmjs.org/require-directory/-/require-directory-2.1.1.tgz. Extracting by manifest.
778 silly tarball no local data for resolve-from@http://registry.npmjs.org/resolve-from/-/resolve-from-5.0.0.tgz. Extracting by manifest.
779 silly tarball no local data for responselike@http://registry.npmjs.org/responselike/-/responselike-2.0.1.tgz. Extracting by manifest.
780 silly tarball no local data for regexpp@http://registry.npmjs.org/regexpp/-/regexpp-3.2.0.tgz. Extracting by manifest.
781 silly tarball no local data for repeat-string@http://registry.npmjs.org/repeat-string/-/repeat-string-1.6.1.tgz. Extracting by manifest.
782 silly tarball no local data for type-fest@http://registry.npmjs.org/type-fest/-/type-fest-0.8.1.tgz. Extracting by manifest.
783 silly tarball no local data for readable-stream@http://registry.npmjs.org/readable-stream/-/readable-stream-2.3.7.tgz. Extracting by manifest.
784 silly tarball no local data for readdirp@http://registry.npmjs.org/readdirp/-/readdirp-3.6.0.tgz. Extracting by manifest.
785 silly tarball no local data for redent@http://registry.npmjs.org/redent/-/redent-3.0.0.tgz. Extracting by manifest.
786 silly tarball no local data for type-fest@http://registry.npmjs.org/type-fest/-/type-fest-0.6.0.tgz. Extracting by manifest.
787 silly tarball no local data for read-pkg@http://registry.npmjs.org/read-pkg/-/read-pkg-5.2.0.tgz. Extracting by manifest.
788 silly tarball no local data for quick-lru@http://registry.npmjs.org/quick-lru/-/quick-lru-4.0.1.tgz. Extracting by manifest.
789 silly tarball no local data for read-pkg-up@http://registry.npmjs.org/read-pkg-up/-/read-pkg-up-7.0.1.tgz. Extracting by manifest.
790 silly tarball no local data for pump@http://registry.npmjs.org/pump/-/pump-3.0.0.tgz. Extracting by manifest.
791 silly tarball no local data for punycode@http://registry.npmjs.org/punycode/-/punycode-2.1.1.tgz. Extracting by manifest.
792 silly tarball no local data for process-nextick-args@http://registry.npmjs.org/process-nextick-args/-/process-nextick-args-2.0.1.tgz. Extracting by manifest.
793 silly tarball no local data for prettier@http://registry.npmjs.org/prettier/-/prettier-2.7.1.tgz. Extracting by manifest.
794 silly tarball no local data for prettier-linter-helpers@http://registry.npmjs.org/prettier-linter-helpers/-/prettier-linter-helpers-1.0.0.tgz. Extracting by manifest.
795 silly tarball no local data for prelude-ls@http://registry.npmjs.org/prelude-ls/-/prelude-ls-1.2.1.tgz. Extracting by manifest.
796 silly tarball no local data for pretty-ms@http://registry.npmjs.org/pretty-ms/-/pretty-ms-8.0.0.tgz. Extracting by manifest.
797 silly tarball no local data for postcss-value-parser@http://registry.npmjs.org/postcss-value-parser/-/postcss-value-parser-4.2.0.tgz. Extracting by manifest.
798 silly tarball no local data for postcss-selector-parser@http://registry.npmjs.org/postcss-selector-parser/-/postcss-selector-parser-6.0.11.tgz. Extracting by manifest.
799 silly tarball no local data for postcss-resolve-nested-selector@http://registry.npmjs.org/postcss-resolve-nested-selector/-/postcss-resolve-nested-selector-0.1.1.tgz. Extracting by manifest.
800 silly tarball no local data for postcss-media-query-parser@http://registry.npmjs.org/postcss-media-query-parser/-/postcss-media-query-parser-0.2.3.tgz. Extracting by manifest.
801 silly tarball no local data for postcss@http://registry.npmjs.org/postcss/-/postcss-8.4.21.tgz. Extracting by manifest.
802 silly tarball no local data for plur@http://registry.npmjs.org/plur/-/plur-5.1.0.tgz. Extracting by manifest.
803 silly tarball no local data for pkg-conf@http://registry.npmjs.org/pkg-conf/-/pkg-conf-4.0.0.tgz. Extracting by manifest.
804 silly tarball no local data for postcss-safe-parser@http://registry.npmjs.org/postcss-safe-parser/-/postcss-safe-parser-6.0.0.tgz. Extracting by manifest.
805 silly tarball no local data for yocto-queue@http://registry.npmjs.org/yocto-queue/-/yocto-queue-1.0.0.tgz. Extracting by manifest.
806 silly tarball no local data for p-locate@http://registry.npmjs.org/p-locate/-/p-locate-6.0.0.tgz. Extracting by manifest.
807 silly tarball no local data for path-exists@http://registry.npmjs.org/path-exists/-/path-exists-5.0.0.tgz. Extracting by manifest.
808 silly tarball no local data for pidtree@http://registry.npmjs.org/pidtree/-/pidtree-0.6.0.tgz. Extracting by manifest.
809 silly tarball no local data for p-limit@http://registry.npmjs.org/p-limit/-/p-limit-4.0.0.tgz. Extracting by manifest.
810 silly tarball no local data for picomatch@http://registry.npmjs.org/picomatch/-/picomatch-2.3.1.tgz. Extracting by manifest.
811 silly tarball no local data for find-up@http://registry.npmjs.org/find-up/-/find-up-6.3.0.tgz. Extracting by manifest.
812 silly tarball no local data for locate-path@http://registry.npmjs.org/locate-path/-/locate-path-7.2.0.tgz. Extracting by manifest.
813 silly tarball no local data for picocolors@http://registry.npmjs.org/picocolors/-/picocolors-1.0.0.tgz. Extracting by manifest.
814 silly tarball no local data for path-type@http://registry.npmjs.org/path-type/-/path-type-4.0.0.tgz. Extracting by manifest.
815 silly tarball no local data for path-parse@http://registry.npmjs.org/path-parse/-/path-parse-1.0.7.tgz. Extracting by manifest.
816 silly tarball no local data for path-key@http://registry.npmjs.org/path-key/-/path-key-3.1.1.tgz. Extracting by manifest.
817 silly tarball no local data for path-is-absolute@http://registry.npmjs.org/path-is-absolute/-/path-is-absolute-1.0.1.tgz. Extracting by manifest.
818 silly tarball no local data for domhandler@http://registry.npmjs.org/domhandler/-/domhandler-5.0.3.tgz. Extracting by manifest.
819 silly tarball no local data for entities@http://registry.npmjs.org/entities/-/entities-4.4.0.tgz. Extracting by manifest.
820 silly tarball no local data for path-exists@http://registry.npmjs.org/path-exists/-/path-exists-4.0.0.tgz. Extracting by manifest.
821 silly tarball no local data for parse5-htmlparser2-tree-adapter@http://registry.npmjs.org/parse5-htmlparser2-tree-adapter/-/parse5-htmlparser2-tree-adapter-7.0.0.tgz. Extracting by manifest.
822 silly tarball no local data for parse5@http://registry.npmjs.org/parse5/-/parse5-7.1.2.tgz. Extracting by manifest.
823 silly tarball no local data for parse-json@http://registry.npmjs.org/parse-json/-/parse-json-5.2.0.tgz. Extracting by manifest.
824 silly tarball no local data for parent-module@http://registry.npmjs.org/parent-module/-/parent-module-1.0.1.tgz. Extracting by manifest.
825 silly tarball no local data for parse-ms@http://registry.npmjs.org/parse-ms/-/parse-ms-3.0.0.tgz. Extracting by manifest.
826 silly tarball no local data for pako@http://registry.npmjs.org/pako/-/pako-1.0.11.tgz. Extracting by manifest.
827 silly tarball no local data for p-timeout@http://registry.npmjs.org/p-timeout/-/p-timeout-5.1.0.tgz. Extracting by manifest.
828 silly tarball no local data for p-locate@http://registry.npmjs.org/p-locate/-/p-locate-4.1.0.tgz. Extracting by manifest.
829 silly tarball no local data for p-map@http://registry.npmjs.org/p-map/-/p-map-4.0.0.tgz. Extracting by manifest.
830 silly tarball no local data for p-try@http://registry.npmjs.org/p-try/-/p-try-2.2.0.tgz. Extracting by manifest.
831 silly tarball no local data for p-limit@http://registry.npmjs.org/p-limit/-/p-limit-2.3.0.tgz. Extracting by manifest.
832 silly tarball no local data for p-event@http://registry.npmjs.org/p-event/-/p-event-5.0.1.tgz. Extracting by manifest.
833 silly tarball no local data for p-defer@http://registry.npmjs.org/p-defer/-/p-defer-1.0.0.tgz. Extracting by manifest.
834 silly tarball no local data for p-cancelable@http://registry.npmjs.org/p-cancelable/-/p-cancelable-2.1.1.tgz. Extracting by manifest.
835 silly tarball no local data for optionator@http://registry.npmjs.org/optionator/-/optionator-0.9.1.tgz. Extracting by manifest.
836 silly tarball no local data for onetime@http://registry.npmjs.org/onetime/-/onetime-6.0.0.tgz. Extracting by manifest.
837 silly tarball no local data for once@http://registry.npmjs.org/once/-/once-1.4.0.tgz. Extracting by manifest.
838 silly tarball no local data for object-inspect@http://registry.npmjs.org/object-inspect/-/object-inspect-1.12.2.tgz. Extracting by manifest.
839 silly tarball no local data for path-key@http://registry.npmjs.org/path-key/-/path-key-4.0.0.tgz. Extracting by manifest.
840 silly tarball no local data for nth-check@http://registry.npmjs.org/nth-check/-/nth-check-2.0.1.tgz. Extracting by manifest.
841 silly tarball no local data for normalize-path@http://registry.npmjs.org/normalize-path/-/normalize-path-3.0.0.tgz. Extracting by manifest.
842 silly tarball no local data for npm-run-path@http://registry.npmjs.org/npm-run-path/-/npm-run-path-5.1.0.tgz. Extracting by manifest.
843 silly tarball no local data for normalize-url@http://registry.npmjs.org/normalize-url/-/normalize-url-6.1.0.tgz. Extracting by manifest.
844 silly tarball no local data for normalize-package-data@http://registry.npmjs.org/normalize-package-data/-/normalize-package-data-2.5.0.tgz. Extracting by manifest.
845 silly tarball no local data for nofilter@http://registry.npmjs.org/nofilter/-/nofilter-3.1.0.tgz. Extracting by manifest.
846 silly tarball no local data for node-html-parser@http://registry.npmjs.org/node-html-parser/-/node-html-parser-5.2.0.tgz. Extracting by manifest.
847 silly tarball no local data for css-select@http://registry.npmjs.org/css-select/-/css-select-4.1.3.tgz. Extracting by manifest.
848 silly tarball no local data for css-what@http://registry.npmjs.org/css-what/-/css-what-5.1.0.tgz. Extracting by manifest.
849 silly tarball no local data for node-releases@http://registry.npmjs.org/node-releases/-/node-releases-2.0.5.tgz. Extracting by manifest.
850 silly tarball no local data for node-fetch@http://registry.npmjs.org/node-fetch/-/node-fetch-2.6.9.tgz. Extracting by manifest.
851 silly tarball no local data for nanoid@http://registry.npmjs.org/nanoid/-/nanoid-3.3.4.tgz. Extracting by manifest.
852 silly tarball no local data for natural-compare@http://registry.npmjs.org/natural-compare/-/natural-compare-1.4.0.tgz. Extracting by manifest.
853 silly tarball no local data for ms@http://registry.npmjs.org/ms/-/ms-2.1.2.tgz. Extracting by manifest.
854 silly tarball no local data for mkdirp@http://registry.npmjs.org/mkdirp/-/mkdirp-1.0.4.tgz. Extracting by manifest.
855 silly tarball no local data for minizlib@http://registry.npmjs.org/minizlib/-/minizlib-2.1.2.tgz. Extracting by manifest.
856 silly tarball no local data for arrify@http://registry.npmjs.org/arrify/-/arrify-1.0.1.tgz. Extracting by manifest.
857 silly tarball no local data for minimist-options@http://registry.npmjs.org/minimist-options/-/minimist-options-4.1.0.tgz. Extracting by manifest.
858 silly tarball no local data for minipass@http://registry.npmjs.org/minipass/-/minipass-3.1.6.tgz. Extracting by manifest.
859 silly tarball no local data for min-indent@http://registry.npmjs.org/min-indent/-/min-indent-1.0.1.tgz. Extracting by manifest.
860 silly tarball no local data for minimatch@http://registry.npmjs.org/minimatch/-/minimatch-3.1.2.tgz. Extracting by manifest.
861 silly tarball no local data for mimic-fn@http://registry.npmjs.org/mimic-fn/-/mimic-fn-4.0.0.tgz. Extracting by manifest.
862 silly tarball no local data for mimic-response@http://registry.npmjs.org/mimic-response/-/mimic-response-1.0.1.tgz. Extracting by manifest.
863 silly tarball no local data for micromatch@http://registry.npmjs.org/micromatch/-/micromatch-4.0.5.tgz. Extracting by manifest.
864 silly tarball no local data for type-fest@http://registry.npmjs.org/type-fest/-/type-fest-0.18.1.tgz. Extracting by manifest.
865 silly tarball no local data for micro-spelling-correcter@http://registry.npmjs.org/micro-spelling-correcter/-/micro-spelling-correcter-1.1.1.tgz. Extracting by manifest.
866 silly tarball no local data for merge2@http://registry.npmjs.org/merge2/-/merge2-1.4.1.tgz. Extracting by manifest.
867 silly tarball no local data for merge-stream@http://registry.npmjs.org/merge-stream/-/merge-stream-2.0.0.tgz. Extracting by manifest.
868 silly tarball no local data for semver@http://registry.npmjs.org/semver/-/semver-7.3.4.tgz. Extracting by manifest.
869 silly tarball no local data for meow@http://registry.npmjs.org/meow/-/meow-9.0.0.tgz. Extracting by manifest.
870 silly tarball no local data for mdn-data@http://registry.npmjs.org/mdn-data/-/mdn-data-2.0.30.tgz. Extracting by manifest.
871 silly tarball no local data for hosted-git-info@http://registry.npmjs.org/hosted-git-info/-/hosted-git-info-3.0.8.tgz. Extracting by manifest.
872 silly tarball no local data for resolve@http://registry.npmjs.org/resolve/-/resolve-1.20.0.tgz. Extracting by manifest.
873 silly tarball no local data for normalize-package-data@http://registry.npmjs.org/normalize-package-data/-/normalize-package-data-3.0.0.tgz. Extracting by manifest.
874 silly tarball no local data for md5-hex@http://registry.npmjs.org/md5-hex/-/md5-hex-3.0.1.tgz. Extracting by manifest.
875 silly tarball no local data for escape-string-regexp@http://registry.npmjs.org/escape-string-regexp/-/escape-string-regexp-5.0.0.tgz. Extracting by manifest.
876 silly tarball no local data for mem@http://registry.npmjs.org/mem/-/mem-9.0.2.tgz. Extracting by manifest.
877 silly tarball no local data for mathml-tag-names@http://registry.npmjs.org/mathml-tag-names/-/mathml-tag-names-2.1.3.tgz. Extracting by manifest.
878 silly tarball no local data for matcher@http://registry.npmjs.org/matcher/-/matcher-5.0.0.tgz. Extracting by manifest.
879 silly tarball no local data for map-obj@http://registry.npmjs.org/map-obj/-/map-obj-4.1.0.tgz. Extracting by manifest.
880 silly tarball no local data for semver@http://registry.npmjs.org/semver/-/semver-6.3.0.tgz. Extracting by manifest.
881 silly tarball no local data for make-dir@http://registry.npmjs.org/make-dir/-/make-dir-3.1.0.tgz. Extracting by manifest.
882 silly tarball no local data for map-age-cleaner@http://registry.npmjs.org/map-age-cleaner/-/map-age-cleaner-0.1.3.tgz. Extracting by manifest.
883 silly tarball no local data for wrap-ansi@http://registry.npmjs.org/wrap-ansi/-/wrap-ansi-6.2.0.tgz. Extracting by manifest.
884 silly tarball no local data for slice-ansi@http://registry.npmjs.org/slice-ansi/-/slice-ansi-4.0.0.tgz. Extracting by manifest.
885 silly tarball no local data for lru-cache@http://registry.npmjs.org/lru-cache/-/lru-cache-6.0.0.tgz. Extracting by manifest.
886 silly tarball no local data for lowercase-keys@http://registry.npmjs.org/lowercase-keys/-/lowercase-keys-2.0.0.tgz. Extracting by manifest.
887 silly tarball no local data for lodash.truncate@http://registry.npmjs.org/lodash.truncate/-/lodash.truncate-4.4.2.tgz. Extracting by manifest.
888 silly tarball no local data for log-update@http://registry.npmjs.org/log-update/-/log-update-4.0.0.tgz. Extracting by manifest.
889 silly tarball no local data for lodash@http://registry.npmjs.org/lodash/-/lodash-4.17.21.tgz. Extracting by manifest.
890 silly tarball no local data for lodash.merge@http://registry.npmjs.org/lodash.merge/-/lodash.merge-4.6.2.tgz. Extracting by manifest.
891 silly tarball no local data for locate-path@http://registry.npmjs.org/locate-path/-/locate-path-5.0.0.tgz. Extracting by manifest.
892 silly tarball no local data for yaml@http://registry.npmjs.org/yaml/-/yaml-2.2.1.tgz. Extracting by manifest.
893 silly tarball no local data for strip-ansi@http://registry.npmjs.org/strip-ansi/-/strip-ansi-7.0.1.tgz. Extracting by manifest.
894 silly tarball no local data for load-json-file@http://registry.npmjs.org/load-json-file/-/load-json-file-7.0.1.tgz. Extracting by manifest.
895 silly tarball no local data for listr2@http://registry.npmjs.org/listr2/-/listr2-5.0.7.tgz. Extracting by manifest.
896 silly tarball no local data for lint-staged@http://registry.npmjs.org/lint-staged/-/lint-staged-13.1.1.tgz. Extracting by manifest.
897 silly tarball no local data for slice-ansi@http://registry.npmjs.org/slice-ansi/-/slice-ansi-5.0.0.tgz. Extracting by manifest.
898 silly tarball no local data for string-width@http://registry.npmjs.org/string-width/-/string-width-5.0.1.tgz. Extracting by manifest.
899 silly tarball no local data for emoji-regex@http://registry.npmjs.org/emoji-regex/-/emoji-regex-9.2.2.tgz. Extracting by manifest.
900 silly tarball no local data for is-fullwidth-code-point@http://registry.npmjs.org/is-fullwidth-code-point/-/is-fullwidth-code-point-4.0.0.tgz. Extracting by manifest.
901 silly tarball no local data for cli-truncate@http://registry.npmjs.org/cli-truncate/-/cli-truncate-3.1.0.tgz. Extracting by manifest.
902 silly tarball no local data for lines-and-columns@http://registry.npmjs.org/lines-and-columns/-/lines-and-columns-1.1.6.tgz. Extracting by manifest.
903 silly tarball no local data for ansi-regex@http://registry.npmjs.org/ansi-regex/-/ansi-regex-6.0.1.tgz. Extracting by manifest.
904 silly tarball no local data for lilconfig@http://registry.npmjs.org/lilconfig/-/lilconfig-2.0.6.tgz. Extracting by manifest.
905 silly tarball no local data for ansi-styles@http://registry.npmjs.org/ansi-styles/-/ansi-styles-6.1.0.tgz. Extracting by manifest.
906 silly tarball no local data for lie@http://registry.npmjs.org/lie/-/lie-3.3.0.tgz. Extracting by manifest.
907 silly tarball no local data for levn@http://registry.npmjs.org/levn/-/levn-0.4.1.tgz. Extracting by manifest.
908 silly tarball no local data for known-css-properties@http://registry.npmjs.org/known-css-properties/-/known-css-properties-0.26.0.tgz. Extracting by manifest.
909 silly tarball no local data for keyv@http://registry.npmjs.org/keyv/-/keyv-4.5.2.tgz. Extracting by manifest.
910 silly tarball no local data for kind-of@http://registry.npmjs.org/kind-of/-/kind-of-6.0.3.tgz. Extracting by manifest.
911 silly tarball no local data for json5@http://registry.npmjs.org/json5/-/json5-2.2.3.tgz. Extracting by manifest.
912 silly tarball no local data for jszip@http://registry.npmjs.org/jszip/-/jszip-3.10.0.tgz. Extracting by manifest.
913 silly tarball no local data for json-stable-stringify-without-jsonify@http://registry.npmjs.org/json-stable-stringify-without-jsonify/-/json-stable-stringify-without-jsonify-1.0.1.tgz. Extracting by manifest.
914 silly tarball no local data for json-buffer@http://registry.npmjs.org/json-buffer/-/json-buffer-3.0.1.tgz. Extracting by manifest.
915 silly tarball no local data for json-schema-traverse@http://registry.npmjs.org/json-schema-traverse/-/json-schema-traverse-0.4.1.tgz. Extracting by manifest.
916 silly tarball no local data for json-parse-even-better-errors@http://registry.npmjs.org/json-parse-even-better-errors/-/json-parse-even-better-errors-2.3.1.tgz. Extracting by manifest.
917 silly tarball no local data for jsesc@http://registry.npmjs.org/jsesc/-/jsesc-2.5.2.tgz. Extracting by manifest.
918 silly tarball no local data for js-tokens@http://registry.npmjs.org/js-tokens/-/js-tokens-4.0.0.tgz. Extracting by manifest.
919 silly tarball no local data for js-yaml@http://registry.npmjs.org/js-yaml/-/js-yaml-3.14.1.tgz. Extracting by manifest.
920 silly tarball no local data for jsdoc-type-pratt-parser@http://registry.npmjs.org/jsdoc-type-pratt-parser/-/jsdoc-type-pratt-parser-3.1.0.tgz. Extracting by manifest.
921 silly tarball no local data for isexe@http://registry.npmjs.org/isexe/-/isexe-2.0.0.tgz. Extracting by manifest.
922 silly tarball no local data for js-string-escape@http://registry.npmjs.org/js-string-escape/-/js-string-escape-1.0.1.tgz. Extracting by manifest.
923 silly tarball no local data for isarray@http://registry.npmjs.org/isarray/-/isarray-1.0.0.tgz. Extracting by manifest.
924 silly tarball no local data for is-typedarray@http://registry.npmjs.org/is-typedarray/-/is-typedarray-1.0.0.tgz. Extracting by manifest.
925 silly tarball no local data for is-promise@http://registry.npmjs.org/is-promise/-/is-promise-4.0.0.tgz. Extracting by manifest.
926 silly tarball no local data for is-stream@http://registry.npmjs.org/is-stream/-/is-stream-3.0.0.tgz. Extracting by manifest.
927 silly tarball no local data for is-plain-obj@http://registry.npmjs.org/is-plain-obj/-/is-plain-obj-1.1.0.tgz. Extracting by manifest.
928 silly tarball no local data for is-unicode-supported@http://registry.npmjs.org/is-unicode-supported/-/is-unicode-supported-1.3.0.tgz. Extracting by manifest.
929 silly tarball no local data for is-plain-object@http://registry.npmjs.org/is-plain-object/-/is-plain-object-5.0.0.tgz. Extracting by manifest.
930 silly tarball no local data for is-path-inside@http://registry.npmjs.org/is-path-inside/-/is-path-inside-4.0.0.tgz. Extracting by manifest.
931 silly tarball no local data for is-number@http://registry.npmjs.org/is-number/-/is-number-7.0.0.tgz. Extracting by manifest.
932 silly tarball no local data for is-path-cwd@http://registry.npmjs.org/is-path-cwd/-/is-path-cwd-3.0.0.tgz. Extracting by manifest.
933 silly tarball no local data for is-obj@http://registry.npmjs.org/is-obj/-/is-obj-2.0.0.tgz. Extracting by manifest.
934 silly tarball no local data for is-glob@http://registry.npmjs.org/is-glob/-/is-glob-4.0.3.tgz. Extracting by manifest.
935 silly tarball no local data for is-extglob@http://registry.npmjs.org/is-extglob/-/is-extglob-2.1.1.tgz. Extracting by manifest.
936 silly tarball no local data for is-fullwidth-code-point@http://registry.npmjs.org/is-fullwidth-code-point/-/is-fullwidth-code-point-3.0.0.tgz. Extracting by manifest.
937 silly tarball no local data for is-core-module@http://registry.npmjs.org/is-core-module/-/is-core-module-2.2.0.tgz. Extracting by manifest.
938 silly tarball no local data for is-binary-path@http://registry.npmjs.org/is-binary-path/-/is-binary-path-2.1.0.tgz. Extracting by manifest.
939 silly tarball no local data for is-error@http://registry.npmjs.org/is-error/-/is-error-2.2.2.tgz. Extracting by manifest.
940 silly tarball no local data for irregular-plurals@http://registry.npmjs.org/irregular-plurals/-/irregular-plurals-3.4.1.tgz. Extracting by manifest.
941 silly tarball no local data for ini@http://registry.npmjs.org/ini/-/ini-1.3.8.tgz. Extracting by manifest.
942 silly tarball no local data for is-arrayish@http://registry.npmjs.org/is-arrayish/-/is-arrayish-0.2.1.tgz. Extracting by manifest.
943 silly tarball no local data for inflight@http://registry.npmjs.org/inflight/-/inflight-1.0.6.tgz. Extracting by manifest.
944 silly tarball no local data for indent-string@http://registry.npmjs.org/indent-string/-/indent-string-4.0.0.tgz. Extracting by manifest.
945 silly tarball no local data for inherits@http://registry.npmjs.org/inherits/-/inherits-2.0.4.tgz. Extracting by manifest.
946 silly tarball no local data for imurmurhash@http://registry.npmjs.org/imurmurhash/-/imurmurhash-0.1.4.tgz. Extracting by manifest.
947 silly tarball no local data for import-modules@http://registry.npmjs.org/import-modules/-/import-modules-2.1.0.tgz. Extracting by manifest.
948 silly tarball no local data for import-fresh@http://registry.npmjs.org/import-fresh/-/import-fresh-3.3.0.tgz. Extracting by manifest.
949 silly tarball no local data for resolve-from@http://registry.npmjs.org/resolve-from/-/resolve-from-4.0.0.tgz. Extracting by manifest.
950 silly tarball no local data for immediate@http://registry.npmjs.org/immediate/-/immediate-3.0.6.tgz. Extracting by manifest.
951 silly tarball no local data for import-meta-resolve@http://registry.npmjs.org/import-meta-resolve/-/import-meta-resolve-2.2.1.tgz. Extracting by manifest.
952 silly tarball no local data for ignore-by-default@http://registry.npmjs.org/ignore-by-default/-/ignore-by-default-2.1.0.tgz. Extracting by manifest.
953 silly tarball no local data for ignore@http://registry.npmjs.org/ignore/-/ignore-5.2.4.tgz. Extracting by manifest.
954 silly tarball no local data for husky@http://registry.npmjs.org/husky/-/husky-8.0.3.tgz. Extracting by manifest.
955 silly tarball no local data for human-signals@http://registry.npmjs.org/human-signals/-/human-signals-3.0.1.tgz. Extracting by manifest.
956 silly tarball no local data for quick-lru@http://registry.npmjs.org/quick-lru/-/quick-lru-5.1.1.tgz. Extracting by manifest.
957 silly tarball no local data for http2-wrapper@http://registry.npmjs.org/http2-wrapper/-/http2-wrapper-1.0.3.tgz. Extracting by manifest.
958 silly tarball no local data for https-proxy-agent@http://registry.npmjs.org/https-proxy-agent/-/https-proxy-agent-5.0.1.tgz. Extracting by manifest.
959 silly tarball no local data for entities@http://registry.npmjs.org/entities/-/entities-4.3.1.tgz. Extracting by manifest.
960 silly tarball no local data for http-cache-semantics@http://registry.npmjs.org/http-cache-semantics/-/http-cache-semantics-4.1.1.tgz. Extracting by manifest.
961 silly tarball no local data for htmlparser2@http://registry.npmjs.org/htmlparser2/-/htmlparser2-8.0.1.tgz. Extracting by manifest.
962 silly tarball no local data for htmlhint@http://registry.npmjs.org/htmlhint/-/htmlhint-1.1.4.tgz. Extracting by manifest.
963 silly tarball no local data for strip-json-comments@http://registry.npmjs.org/strip-json-comments/-/strip-json-comments-3.1.0.tgz. Extracting by manifest.
964 silly tarball no local data for glob@http://registry.npmjs.org/glob/-/glob-7.2.3.tgz. Extracting by manifest.
965 silly tarball no local data for domutils@http://registry.npmjs.org/domutils/-/domutils-3.0.1.tgz. Extracting by manifest.
966 silly tarball no local data for domhandler@http://registry.npmjs.org/domhandler/-/domhandler-5.0.3.tgz. Extracting by manifest.
967 silly tarball no local data for dom-serializer@http://registry.npmjs.org/dom-serializer/-/dom-serializer-2.0.0.tgz. Extracting by manifest.
968 silly tarball no local data for html-tags@http://registry.npmjs.org/html-tags/-/html-tags-3.2.0.tgz. Extracting by manifest.
969 silly tarball no local data for has-own-prop@http://registry.npmjs.org/has-own-prop/-/has-own-prop-2.0.0.tgz. Extracting by manifest.
970 silly tarball no local data for he@http://registry.npmjs.org/he/-/he-1.2.0.tgz. Extracting by manifest.
971 silly tarball no local data for has-flag@http://registry.npmjs.org/has-flag/-/has-flag-4.0.0.tgz. Extracting by manifest.
972 silly tarball no local data for hosted-git-info@http://registry.npmjs.org/hosted-git-info/-/hosted-git-info-2.8.8.tgz. Extracting by manifest.
973 silly tarball no local data for got@http://registry.npmjs.org/got/-/got-11.8.5.tgz. Extracting by manifest.
974 silly tarball no local data for hard-rejection@http://registry.npmjs.org/hard-rejection/-/hard-rejection-2.1.0.tgz. Extracting by manifest.
975 silly tarball no local data for graceful-fs@http://registry.npmjs.org/graceful-fs/-/graceful-fs-4.2.10.tgz. Extracting by manifest.
976 silly tarball no local data for globjoin@http://registry.npmjs.org/globjoin/-/globjoin-0.1.4.tgz. Extracting by manifest.
977 silly tarball no local data for globals@http://registry.npmjs.org/globals/-/globals-13.16.0.tgz. Extracting by manifest.
978 silly tarball no local data for global-prefix@http://registry.npmjs.org/global-prefix/-/global-prefix-3.0.0.tgz. Extracting by manifest.
979 silly tarball no local data for global-modules@http://registry.npmjs.org/global-modules/-/global-modules-2.0.0.tgz. Extracting by manifest.
980 silly tarball no local data for global-dirs@http://registry.npmjs.org/global-dirs/-/global-dirs-0.1.1.tgz. Extracting by manifest.
981 silly tarball no local data for globby@http://registry.npmjs.org/globby/-/globby-11.1.0.tgz. Extracting by manifest.
982 silly tarball no local data for glob-parent@http://registry.npmjs.org/glob-parent/-/glob-parent-5.1.2.tgz. Extracting by manifest.
983 silly tarball no local data for minimatch@http://registry.npmjs.org/minimatch/-/minimatch-5.1.0.tgz. Extracting by manifest.
984 silly tarball no local data for brace-expansion@http://registry.npmjs.org/brace-expansion/-/brace-expansion-2.0.1.tgz. Extracting by manifest.
985 silly tarball no local data for glob@http://registry.npmjs.org/glob/-/glob-8.1.0.tgz. Extracting by manifest.
986 silly tarball no local data for get-stream@http://registry.npmjs.org/get-stream/-/get-stream-6.0.1.tgz. Extracting by manifest.
987 silly tarball no local data for get-caller-file@http://registry.npmjs.org/get-caller-file/-/get-caller-file-2.0.5.tgz. Extracting by manifest.
988 silly tarball no local data for get-stdin@http://registry.npmjs.org/get-stdin/-/get-stdin-8.0.0.tgz. Extracting by manifest.
989 silly tarball no local data for gensync@http://registry.npmjs.org/gensync/-/gensync-1.0.0-beta.2.tgz. Extracting by manifest.
990 silly tarball no local data for gensequence@http://registry.npmjs.org/gensequence/-/gensequence-4.0.3.tgz. Extracting by manifest.
991 silly tarball no local data for geckodriver@http://registry.npmjs.org/geckodriver/-/geckodriver-3.2.0.tgz. Extracting by manifest.
992 silly tarball no local data for functional-red-black-tree@http://registry.npmjs.org/functional-red-black-tree/-/functional-red-black-tree-1.0.1.tgz. Extracting by manifest.
993 silly tarball no local data for function-bind@http://registry.npmjs.org/function-bind/-/function-bind-1.1.1.tgz. Extracting by manifest.
994 silly tarball no local data for flatted@http://registry.npmjs.org/flatted/-/flatted-3.1.1.tgz. Extracting by manifest.
995 silly tarball no local data for fs-minipass@http://registry.npmjs.org/fs-minipass/-/fs-minipass-2.1.0.tgz. Extracting by manifest.
996 silly tarball no local data for fs.realpath@http://registry.npmjs.org/fs.realpath/-/fs.realpath-1.0.0.tgz. Extracting by manifest.
997 silly tarball no local data for flat-cache@http://registry.npmjs.org/flat-cache/-/flat-cache-3.0.4.tgz. Extracting by manifest.
998 silly tarball no local data for find-up@http://registry.npmjs.org/find-up/-/find-up-4.1.0.tgz. Extracting by manifest.
999 silly tarball no local data for fill-range@http://registry.npmjs.org/fill-range/-/fill-range-7.0.1.tgz. Extracting by manifest.
1000 silly tarball no local data for escape-string-regexp@http://registry.npmjs.org/escape-string-regexp/-/escape-string-regexp-5.0.0.tgz. Extracting by manifest.
1001 silly tarball no local data for figures@http://registry.npmjs.org/figures/-/figures-5.0.0.tgz. Extracting by manifest.
1002 silly tarball no local data for fastq@http://registry.npmjs.org/fastq/-/fastq-1.7.0.tgz. Extracting by manifest.
1003 silly tarball no local data for has@http://registry.npmjs.org/has/-/has-1.0.3.tgz. Extracting by manifest.
1004 silly tarball no local data for fastest-levenshtein@http://registry.npmjs.org/fastest-levenshtein/-/fastest-levenshtein-1.0.16.tgz. Extracting by manifest.
1005 silly tarball no local data for fast-levenshtein@http://registry.npmjs.org/fast-levenshtein/-/fast-levenshtein-2.0.6.tgz. Extracting by manifest.
1006 silly tarball no local data for fast-glob@http://registry.npmjs.org/fast-glob/-/fast-glob-3.2.12.tgz. Extracting by manifest.
1007 silly tarball no local data for fast-equals@http://registry.npmjs.org/fast-equals/-/fast-equals-4.0.3.tgz. Extracting by manifest.
1008 silly tarball no local data for fast-json-stable-stringify@http://registry.npmjs.org/fast-json-stable-stringify/-/fast-json-stable-stringify-2.1.0.tgz. Extracting by manifest.
1009 silly tarball no local data for fast-deep-equal@http://registry.npmjs.org/fast-deep-equal/-/fast-deep-equal-3.1.1.tgz. Extracting by manifest.
1010 silly tarball no local data for fast-diff@http://registry.npmjs.org/fast-diff/-/fast-diff-1.2.0.tgz. Extracting by manifest.
1011 silly tarball no local data for esutils@http://registry.npmjs.org/esutils/-/esutils-2.0.3.tgz. Extracting by manifest.
1012 silly tarball no local data for execa@http://registry.npmjs.org/execa/-/execa-6.1.0.tgz. Extracting by manifest.
1013 silly tarball no local data for estraverse@http://registry.npmjs.org/estraverse/-/estraverse-5.3.0.tgz. Extracting by manifest.
1014 silly tarball no local data for esrecurse@http://registry.npmjs.org/esrecurse/-/esrecurse-4.3.0.tgz. Extracting by manifest.
1015 silly tarball no local data for file-entry-cache@http://registry.npmjs.org/file-entry-cache/-/file-entry-cache-6.0.1.tgz. Extracting by manifest.
1016 silly tarball no local data for espurify@http://registry.npmjs.org/espurify/-/espurify-2.1.1.tgz. Extracting by manifest.
1017 silly tarball no local data for eslint-visitor-keys@http://registry.npmjs.org/eslint-visitor-keys/-/eslint-visitor-keys-3.3.0.tgz. Extracting by manifest.
1018 silly tarball no local data for esquery@http://registry.npmjs.org/esquery/-/esquery-1.4.0.tgz. Extracting by manifest.
1019 silly tarball no local data for espree@http://registry.npmjs.org/espree/-/espree-9.3.2.tgz. Extracting by manifest.
1020 silly tarball no local data for eslint-visitor-keys@http://registry.npmjs.org/eslint-visitor-keys/-/eslint-visitor-keys-2.1.0.tgz. Extracting by manifest.
1021 silly tarball no local data for eslint-utils@http://registry.npmjs.org/eslint-utils/-/eslint-utils-3.0.0.tgz. Extracting by manifest.
1022 silly tarball no local data for esprima@http://registry.npmjs.org/esprima/-/esprima-4.0.1.tgz. Extracting by manifest.
1023 silly tarball no local data for eslint-scope@http://registry.npmjs.org/eslint-scope/-/eslint-scope-7.1.1.tgz. Extracting by manifest.
1024 silly tarball no local data for eslint-plugin-prettier@http://registry.npmjs.org/eslint-plugin-prettier/-/eslint-plugin-prettier-4.2.1.tgz. Extracting by manifest.
1025 silly tarball no local data for eslint-plugin-jsdoc@http://registry.npmjs.org/eslint-plugin-jsdoc/-/eslint-plugin-jsdoc-39.3.3.tgz. Extracting by manifest.
1026 silly tarball no local data for htmlparser2@http://registry.npmjs.org/htmlparser2/-/htmlparser2-7.2.0.tgz. Extracting by manifest.
1027 silly tarball no local data for entities@http://registry.npmjs.org/entities/-/entities-3.0.1.tgz. Extracting by manifest.
1028 silly tarball no local data for eslint-plugin-html@http://registry.npmjs.org/eslint-plugin-html/-/eslint-plugin-html-6.2.0.tgz. Extracting by manifest.
1029 silly tarball no local data for semver@http://registry.npmjs.org/semver/-/semver-7.3.7.tgz. Extracting by manifest.
1030 silly tarball no local data for eslint-plugin-ava@http://registry.npmjs.org/eslint-plugin-ava/-/eslint-plugin-ava-13.2.0.tgz. Extracting by manifest.
1031 silly tarball no local data for escape-string-regexp@http://registry.npmjs.org/escape-string-regexp/-/escape-string-regexp-4.0.0.tgz. Extracting by manifest.
1032 silly tarball no local data for pkg-dir@http://registry.npmjs.org/pkg-dir/-/pkg-dir-5.0.0.tgz. Extracting by manifest.
1033 silly tarball no local data for spdx-expression-parse@http://registry.npmjs.org/spdx-expression-parse/-/spdx-expression-parse-3.0.1.tgz. Extracting by manifest.
1034 silly tarball no local data for p-locate@http://registry.npmjs.org/p-locate/-/p-locate-5.0.0.tgz. Extracting by manifest.
1035 silly tarball no local data for locate-path@http://registry.npmjs.org/locate-path/-/locate-path-6.0.0.tgz. Extracting by manifest.
1036 silly tarball no local data for js-yaml@http://registry.npmjs.org/js-yaml/-/js-yaml-4.1.0.tgz. Extracting by manifest.
1037 silly tarball no local data for find-up@http://registry.npmjs.org/find-up/-/find-up-5.0.0.tgz. Extracting by manifest.
1038 silly tarball no local data for eslint-config-prettier@http://registry.npmjs.org/eslint-config-prettier/-/eslint-config-prettier-8.5.0.tgz. Extracting by manifest.
1039 silly tarball no local data for eslint@http://registry.npmjs.org/eslint/-/eslint-8.19.0.tgz. Extracting by manifest.
1040 silly tarball no local data for fast-deep-equal@http://registry.npmjs.org/fast-deep-equal/-/fast-deep-equal-3.1.3.tgz. Extracting by manifest.
1041 silly tarball no local data for glob-parent@http://registry.npmjs.org/glob-parent/-/glob-parent-6.0.2.tgz. Extracting by manifest.
1042 silly tarball no local data for escape-string-regexp@http://registry.npmjs.org/escape-string-regexp/-/escape-string-regexp-1.0.5.tgz. Extracting by manifest.
1043 silly tarball no local data for eslint-visitor-keys@http://registry.npmjs.org/eslint-visitor-keys/-/eslint-visitor-keys-3.3.0.tgz. Extracting by manifest.
1044 silly tarball no local data for argparse@http://registry.npmjs.org/argparse/-/argparse-2.0.1.tgz. Extracting by manifest.
1045 silly tarball no local data for escape-string-regexp@http://registry.npmjs.org/escape-string-regexp/-/escape-string-regexp-4.0.0.tgz. Extracting by manifest.
1046 silly tarball no local data for entities@http://registry.npmjs.org/entities/-/entities-2.1.0.tgz. Extracting by manifest.
1047 silly tarball no local data for escalade@http://registry.npmjs.org/escalade/-/escalade-3.1.1.tgz. Extracting by manifest.
1048 silly tarball no local data for error-ex@http://registry.npmjs.org/error-ex/-/error-ex-1.3.2.tgz. Extracting by manifest.
1049 silly tarball no local data for enhance-visitors@http://registry.npmjs.org/enhance-visitors/-/enhance-visitors-1.0.0.tgz. Extracting by manifest.
1050 silly tarball no local data for emittery@http://registry.npmjs.org/emittery/-/emittery-1.0.1.tgz. Extracting by manifest.
1051 silly tarball no local data for end-of-stream@http://registry.npmjs.org/end-of-stream/-/end-of-stream-1.4.4.tgz. Extracting by manifest.
1052 silly tarball no local data for emoji-regex@http://registry.npmjs.org/emoji-regex/-/emoji-regex-8.0.0.tgz. Extracting by manifest.
1053 silly tarball no local data for electron-to-chromium@http://registry.npmjs.org/electron-to-chromium/-/electron-to-chromium-1.4.180.tgz. Extracting by manifest.
1054 silly tarball no local data for dotenv@http://registry.npmjs.org/dotenv/-/dotenv-16.0.3.tgz. Extracting by manifest.
1055 silly tarball no local data for eastasianwidth@http://registry.npmjs.org/eastasianwidth/-/eastasianwidth-0.2.0.tgz. Extracting by manifest.
1056 silly tarball no local data for dot-prop@http://registry.npmjs.org/dot-prop/-/dot-prop-5.3.0.tgz. Extracting by manifest.
1057 silly tarball no local data for domhandler@http://registry.npmjs.org/domhandler/-/domhandler-4.2.2.tgz. Extracting by manifest.
1058 silly tarball no local data for domelementtype@http://registry.npmjs.org/domelementtype/-/domelementtype-2.3.0.tgz. Extracting by manifest.
1059 silly tarball no local data for domutils@http://registry.npmjs.org/domutils/-/domutils-2.8.0.tgz. Extracting by manifest.
1060 silly tarball no local data for dom-serializer@http://registry.npmjs.org/dom-serializer/-/dom-serializer-1.3.2.tgz. Extracting by manifest.
1061 silly tarball no local data for slash@http://registry.npmjs.org/slash/-/slash-4.0.0.tgz. Extracting by manifest.
1062 silly tarball no local data for dir-glob@http://registry.npmjs.org/dir-glob/-/dir-glob-3.0.1.tgz. Extracting by manifest.
1063 silly tarball no local data for deprecation@http://registry.npmjs.org/deprecation/-/deprecation-2.3.1.tgz. Extracting by manifest.
1064 silly tarball no local data for del@http://registry.npmjs.org/del/-/del-7.0.0.tgz. Extracting by manifest.
1065 silly tarball no local data for indent-string@http://registry.npmjs.org/indent-string/-/indent-string-5.0.0.tgz. Extracting by manifest.
1066 silly tarball no local data for p-map@http://registry.npmjs.org/p-map/-/p-map-5.5.0.tgz. Extracting by manifest.
1067 silly tarball no local data for globby@http://registry.npmjs.org/globby/-/globby-13.1.3.tgz. Extracting by manifest.
1068 silly tarball no local data for clean-stack@http://registry.npmjs.org/clean-stack/-/clean-stack-4.2.0.tgz. Extracting by manifest.
1069 silly tarball no local data for escape-string-regexp@http://registry.npmjs.org/escape-string-regexp/-/escape-string-regexp-5.0.0.tgz. Extracting by manifest.
1070 silly tarball no local data for aggregate-error@http://registry.npmjs.org/aggregate-error/-/aggregate-error-4.0.1.tgz. Extracting by manifest.
1071 silly tarball no local data for defer-to-connect@http://registry.npmjs.org/defer-to-connect/-/defer-to-connect-2.0.1.tgz. Extracting by manifest.
1072 silly tarball no local data for deep-is@http://registry.npmjs.org/deep-is/-/deep-is-0.1.4.tgz. Extracting by manifest.
1073 silly tarball no local data for mimic-response@http://registry.npmjs.org/mimic-response/-/mimic-response-3.1.0.tgz. Extracting by manifest.
1074 silly tarball no local data for decompress-response@http://registry.npmjs.org/decompress-response/-/decompress-response-6.0.0.tgz. Extracting by manifest.
1075 silly tarball no local data for decamelize-keys@http://registry.npmjs.org/decamelize-keys/-/decamelize-keys-1.1.0.tgz. Extracting by manifest.
1076 silly tarball no local data for map-obj@http://registry.npmjs.org/map-obj/-/map-obj-1.0.1.tgz. Extracting by manifest.
1077 silly tarball no local data for decamelize@http://registry.npmjs.org/decamelize/-/decamelize-1.2.0.tgz. Extracting by manifest.
1078 silly tarball no local data for debug@http://registry.npmjs.org/debug/-/debug-4.3.4.tgz. Extracting by manifest.
1079 silly tarball no local data for currently-unhandled@http://registry.npmjs.org/currently-unhandled/-/currently-unhandled-0.4.1.tgz. Extracting by manifest.
1080 silly tarball no local data for date-time@http://registry.npmjs.org/date-time/-/date-time-3.1.0.tgz. Extracting by manifest.
1081 silly tarball no local data for cssesc@http://registry.npmjs.org/cssesc/-/cssesc-3.0.0.tgz. Extracting by manifest.
1082 silly tarball no local data for css-what@http://registry.npmjs.org/css-what/-/css-what-6.1.0.tgz. Extracting by manifest.
1083 silly tarball no local data for entities@http://registry.npmjs.org/entities/-/entities-4.4.0.tgz. Extracting by manifest.
1084 silly tarball no local data for css-select@http://registry.npmjs.org/css-select/-/css-select-5.1.0.tgz. Extracting by manifest.
1085 silly tarball no local data for css-tree@http://registry.npmjs.org/css-tree/-/css-tree-2.3.1.tgz. Extracting by manifest.
1086 silly tarball no local data for css-functions-list@http://registry.npmjs.org/css-functions-list/-/css-functions-list-3.1.0.tgz. Extracting by manifest.
1087 silly tarball no local data for cspell-trie-lib@http://registry.npmjs.org/cspell-trie-lib/-/cspell-trie-lib-6.24.0.tgz. Extracting by manifest.
1088 silly tarball no local data for domutils@http://registry.npmjs.org/domutils/-/domutils-3.0.1.tgz. Extracting by manifest.
1089 silly tarball no local data for domhandler@http://registry.npmjs.org/domhandler/-/domhandler-5.0.3.tgz. Extracting by manifest.
1090 silly tarball no local data for p-limit@http://registry.npmjs.org/p-limit/-/p-limit-3.1.0.tgz. Extracting by manifest.
1091 silly tarball no local data for dom-serializer@http://registry.npmjs.org/dom-serializer/-/dom-serializer-2.0.0.tgz. Extracting by manifest.
1092 silly tarball no local data for cspell-lib@http://registry.npmjs.org/cspell-lib/-/cspell-lib-6.24.0.tgz. Extracting by manifest.
1093 silly tarball no local data for locate-path@http://registry.npmjs.org/locate-path/-/locate-path-6.0.0.tgz. Extracting by manifest.
1094 silly tarball no local data for p-locate@http://registry.npmjs.org/p-locate/-/p-locate-5.0.0.tgz. Extracting by manifest.
1095 silly tarball no local data for p-limit@http://registry.npmjs.org/p-limit/-/p-limit-3.1.0.tgz. Extracting by manifest.
1096 silly tarball no local data for find-up@http://registry.npmjs.org/find-up/-/find-up-5.0.0.tgz. Extracting by manifest.
1097 silly tarball no local data for cspell-io@http://registry.npmjs.org/cspell-io/-/cspell-io-6.24.0.tgz. Extracting by manifest.
1098 silly tarball no local data for cspell-grammar@http://registry.npmjs.org/cspell-grammar/-/cspell-grammar-6.24.0.tgz. Extracting by manifest.
1099 silly tarball no local data for p-locate@http://registry.npmjs.org/p-locate/-/p-locate-5.0.0.tgz. Extracting by manifest.
1100 silly tarball no local data for cspell-gitignore@http://registry.npmjs.org/cspell-gitignore/-/cspell-gitignore-6.24.0.tgz. Extracting by manifest.
1101 silly tarball no local data for cspell-glob@http://registry.npmjs.org/cspell-glob/-/cspell-glob-6.24.0.tgz. Extracting by manifest.
1102 silly tarball no local data for cspell-dictionary@http://registry.npmjs.org/cspell-dictionary/-/cspell-dictionary-6.24.0.tgz. Extracting by manifest.
1103 silly tarball no local data for cspell@http://registry.npmjs.org/cspell/-/cspell-6.24.0.tgz. Extracting by manifest.
1104 silly tarball no local data for locate-path@http://registry.npmjs.org/locate-path/-/locate-path-6.0.0.tgz. Extracting by manifest.
1105 silly tarball no local data for doctrine@http://registry.npmjs.org/doctrine/-/doctrine-3.0.0.tgz. Extracting by manifest.
1106 silly tarball no local data for semver@http://registry.npmjs.org/semver/-/semver-7.3.8.tgz. Extracting by manifest.
1107 silly tarball no local data for p-limit@http://registry.npmjs.org/p-limit/-/p-limit-3.1.0.tgz. Extracting by manifest.
1108 silly tarball no local data for find-up@http://registry.npmjs.org/find-up/-/find-up-5.0.0.tgz. Extracting by manifest.
1109 silly tarball no local data for crypto-random-string@http://registry.npmjs.org/crypto-random-string/-/crypto-random-string-2.0.0.tgz. Extracting by manifest.
1110 silly tarball no local data for cross-spawn@http://registry.npmjs.org/cross-spawn/-/cross-spawn-7.0.3.tgz. Extracting by manifest.
1111 silly tarball no local data for which@http://registry.npmjs.org/which/-/which-2.0.2.tgz. Extracting by manifest.
1112 silly tarball no local data for commander@http://registry.npmjs.org/commander/-/commander-10.0.0.tgz. Extracting by manifest.
1113 silly tarball no local data for cosmiconfig@http://registry.npmjs.org/cosmiconfig/-/cosmiconfig-8.0.0.tgz. Extracting by manifest.
1114 silly tarball no local data for js-yaml@http://registry.npmjs.org/js-yaml/-/js-yaml-4.1.0.tgz. Extracting by manifest.
1115 silly tarball no local data for core-util-is@http://registry.npmjs.org/core-util-is/-/core-util-is-1.0.3.tgz. Extracting by manifest.
1116 silly tarball no local data for convert-to-spaces@http://registry.npmjs.org/convert-to-spaces/-/convert-to-spaces-2.0.1.tgz. Extracting by manifest.
1117 silly tarball no local data for argparse@http://registry.npmjs.org/argparse/-/argparse-2.0.1.tgz. Extracting by manifest.
1118 silly tarball no local data for convert-source-map@http://registry.npmjs.org/convert-source-map/-/convert-source-map-1.7.0.tgz. Extracting by manifest.
1119 silly tarball no local data for configstore@http://registry.npmjs.org/configstore/-/configstore-5.0.1.tgz. Extracting by manifest.
1120 silly tarball no local data for concordance@http://registry.npmjs.org/concordance/-/concordance-5.0.4.tgz. Extracting by manifest.
1121 silly tarball no local data for comment-parser@http://registry.npmjs.org/comment-parser/-/comment-parser-1.3.1.tgz. Extracting by manifest.
1122 silly tarball no local data for semver@http://registry.npmjs.org/semver/-/semver-7.3.8.tgz. Extracting by manifest.
1123 silly tarball no local data for concat-map@http://registry.npmjs.org/concat-map/-/concat-map-0.0.1.tgz. Extracting by manifest.
1124 silly tarball no local data for common-path-prefix@http://registry.npmjs.org/common-path-prefix/-/common-path-prefix-3.0.0.tgz. Extracting by manifest.
1125 silly tarball no local data for comment-json@http://registry.npmjs.org/comment-json/-/comment-json-4.2.3.tgz. Extracting by manifest.
1126 silly tarball no local data for colorette@http://registry.npmjs.org/colorette/-/colorette-2.0.19.tgz. Extracting by manifest.
1127 silly tarball no local data for commander@http://registry.npmjs.org/commander/-/commander-9.5.0.tgz. Extracting by manifest.
1128 silly tarball no local data for colord@http://registry.npmjs.org/colord/-/colord-2.9.3.tgz. Extracting by manifest.
1129 silly tarball no local data for color-convert@http://registry.npmjs.org/color-convert/-/color-convert-2.0.1.tgz. Extracting by manifest.
1130 silly tarball no local data for color-name@http://registry.npmjs.org/color-name/-/color-name-1.1.4.tgz. Extracting by manifest.
1131 silly tarball no local data for code-excerpt@http://registry.npmjs.org/code-excerpt/-/code-excerpt-4.0.0.tgz. Extracting by manifest.
1132 silly tarball no local data for cliui@http://registry.npmjs.org/cliui/-/cliui-8.0.1.tgz. Extracting by manifest.
1133 silly tarball no local data for clone-response@http://registry.npmjs.org/clone-response/-/clone-response-1.0.3.tgz. Extracting by manifest.
1134 silly tarball no local data for cli-truncate@http://registry.npmjs.org/cli-truncate/-/cli-truncate-2.1.0.tgz. Extracting by manifest.
1135 silly tarball no local data for clear-module@http://registry.npmjs.org/clear-module/-/clear-module-4.1.2.tgz. Extracting by manifest.
1136 silly tarball no local data for cli-cursor@http://registry.npmjs.org/cli-cursor/-/cli-cursor-3.1.0.tgz. Extracting by manifest.
1137 silly tarball no local data for parent-module@http://registry.npmjs.org/parent-module/-/parent-module-2.0.0.tgz. Extracting by manifest.
1138 silly tarball no local data for clean-yaml-object@http://registry.npmjs.org/clean-yaml-object/-/clean-yaml-object-0.1.0.tgz. Extracting by manifest.
1139 silly tarball no local data for clean-stack@http://registry.npmjs.org/clean-stack/-/clean-stack-2.2.0.tgz. Extracting by manifest.
1140 silly tarball no local data for ci-parallel-vars@http://registry.npmjs.org/ci-parallel-vars/-/ci-parallel-vars-1.0.1.tgz. Extracting by manifest.
1141 silly tarball no local data for ci-info@http://registry.npmjs.org/ci-info/-/ci-info-3.8.0.tgz. Extracting by manifest.
1142 silly tarball no local data for chunkd@http://registry.npmjs.org/chunkd/-/chunkd-2.0.1.tgz. Extracting by manifest.
1143 silly tarball no local data for chownr@http://registry.npmjs.org/chownr/-/chownr-2.0.0.tgz. Extracting by manifest.
1144 silly tarball no local data for chokidar@http://registry.npmjs.org/chokidar/-/chokidar-3.5.3.tgz. Extracting by manifest.
1145 silly tarball no local data for cheerio-select@http://registry.npmjs.org/cheerio-select/-/cheerio-select-2.1.0.tgz. Extracting by manifest.
1146 silly tarball no local data for cheerio@http://registry.npmjs.org/cheerio/-/cheerio-1.0.0-rc.12.tgz. Extracting by manifest.
1147 silly tarball no local data for entities@http://registry.npmjs.org/entities/-/entities-4.4.0.tgz. Extracting by manifest.
1148 silly tarball no local data for domhandler@http://registry.npmjs.org/domhandler/-/domhandler-5.0.3.tgz. Extracting by manifest.
1149 silly tarball no local data for dom-serializer@http://registry.npmjs.org/dom-serializer/-/dom-serializer-2.0.0.tgz. Extracting by manifest.
1150 silly tarball no local data for domutils@http://registry.npmjs.org/domutils/-/domutils-3.0.1.tgz. Extracting by manifest.
1151 silly tarball no local data for chalk@http://registry.npmjs.org/chalk/-/chalk-4.1.2.tgz. Extracting by manifest.
1152 silly tarball no local data for domutils@http://registry.npmjs.org/domutils/-/domutils-3.0.1.tgz. Extracting by manifest.
1153 silly tarball no local data for dom-serializer@http://registry.npmjs.org/dom-serializer/-/dom-serializer-2.0.0.tgz. Extracting by manifest.
1154 silly tarball no local data for cbor@http://registry.npmjs.org/cbor/-/cbor-8.1.0.tgz. Extracting by manifest.
1155 silly tarball no local data for caniuse-lite@http://registry.npmjs.org/caniuse-lite/-/caniuse-lite-1.0.30001363.tgz. Extracting by manifest.
1156 silly tarball no local data for domhandler@http://registry.npmjs.org/domhandler/-/domhandler-5.0.3.tgz. Extracting by manifest.
1157 silly tarball no local data for camelcase@http://registry.npmjs.org/camelcase/-/camelcase-5.3.1.tgz. Extracting by manifest.
1158 silly tarball no local data for camelcase-keys@http://registry.npmjs.org/camelcase-keys/-/camelcase-keys-6.2.2.tgz. Extracting by manifest.
1159 silly tarball no local data for callsites@http://registry.npmjs.org/callsites/-/callsites-3.1.0.tgz. Extracting by manifest.
1160 silly tarball no local data for cacheable-request@http://registry.npmjs.org/cacheable-request/-/cacheable-request-7.0.2.tgz. Extracting by manifest.
1161 silly tarball no local data for cacheable-lookup@http://registry.npmjs.org/cacheable-lookup/-/cacheable-lookup-5.0.4.tgz. Extracting by manifest.
1162 silly tarball no local data for get-stream@http://registry.npmjs.org/get-stream/-/get-stream-5.2.0.tgz. Extracting by manifest.
1163 silly tarball no local data for browserslist@http://registry.npmjs.org/browserslist/-/browserslist-4.21.1.tgz. Extracting by manifest.
1164 silly tarball no local data for braces@http://registry.npmjs.org/braces/-/braces-3.0.2.tgz. Extracting by manifest.
1165 silly tarball no local data for boolbase@http://registry.npmjs.org/boolbase/-/boolbase-1.0.0.tgz. Extracting by manifest.
1166 silly tarball no local data for brace-expansion@http://registry.npmjs.org/brace-expansion/-/brace-expansion-1.1.11.tgz. Extracting by manifest.
1167 silly tarball no local data for blueimp-md5@http://registry.npmjs.org/blueimp-md5/-/blueimp-md5-2.19.0.tgz. Extracting by manifest.
1168 silly tarball no local data for bluebird@http://registry.npmjs.org/bluebird/-/bluebird-3.7.2.tgz. Extracting by manifest.
1169 silly tarball no local data for binary-extensions@http://registry.npmjs.org/binary-extensions/-/binary-extensions-2.2.0.tgz. Extracting by manifest.
1170 silly tarball no local data for write-file-atomic@http://registry.npmjs.org/write-file-atomic/-/write-file-atomic-5.0.0.tgz. Extracting by manifest.
1171 silly tarball no local data for strip-ansi@http://registry.npmjs.org/strip-ansi/-/strip-ansi-7.0.1.tgz. Extracting by manifest.
1172 silly tarball no local data for before-after-hook@http://registry.npmjs.org/before-after-hook/-/before-after-hook-2.2.2.tgz. Extracting by manifest.
1173 silly tarball no local data for balanced-match@http://registry.npmjs.org/balanced-match/-/balanced-match-1.0.0.tgz. Extracting by manifest.
1174 silly tarball no local data for string-width@http://registry.npmjs.org/string-width/-/string-width-5.1.2.tgz. Extracting by manifest.
1175 silly tarball no local data for ava@http://registry.npmjs.org/ava/-/ava-5.2.0.tgz. Extracting by manifest.
1176 silly tarball no local data for slice-ansi@http://registry.npmjs.org/slice-ansi/-/slice-ansi-5.0.0.tgz. Extracting by manifest.
1177 silly tarball no local data for is-fullwidth-code-point@http://registry.npmjs.org/is-fullwidth-code-point/-/is-fullwidth-code-point-4.0.0.tgz. Extracting by manifest.
1178 silly tarball no local data for globby@http://registry.npmjs.org/globby/-/globby-13.1.3.tgz. Extracting by manifest.
1179 silly tarball no local data for ms@http://registry.npmjs.org/ms/-/ms-2.1.3.tgz. Extracting by manifest.
1180 silly tarball no local data for slash@http://registry.npmjs.org/slash/-/slash-4.0.0.tgz. Extracting by manifest.
1181 silly tarball no local data for p-map@http://registry.npmjs.org/p-map/-/p-map-5.5.0.tgz. Extracting by manifest.
1182 silly tarball no local data for indent-string@http://registry.npmjs.org/indent-string/-/indent-string-5.0.0.tgz. Extracting by manifest.
1183 silly tarball no local data for escape-string-regexp@http://registry.npmjs.org/escape-string-regexp/-/escape-string-regexp-5.0.0.tgz. Extracting by manifest.
1184 silly tarball no local data for emoji-regex@http://registry.npmjs.org/emoji-regex/-/emoji-regex-9.2.2.tgz. Extracting by manifest.
1185 silly tarball no local data for clean-stack@http://registry.npmjs.org/clean-stack/-/clean-stack-4.2.0.tgz. Extracting by manifest.
1186 silly tarball no local data for cli-truncate@http://registry.npmjs.org/cli-truncate/-/cli-truncate-3.1.0.tgz. Extracting by manifest.
1187 silly tarball no local data for chalk@http://registry.npmjs.org/chalk/-/chalk-5.2.0.tgz. Extracting by manifest.
1188 silly tarball no local data for callsites@http://registry.npmjs.org/callsites/-/callsites-4.0.0.tgz. Extracting by manifest.
1189 silly tarball no local data for ansi-regex@http://registry.npmjs.org/ansi-regex/-/ansi-regex-6.0.1.tgz. Extracting by manifest.
1190 silly tarball no local data for aggregate-error@http://registry.npmjs.org/aggregate-error/-/aggregate-error-4.0.1.tgz. Extracting by manifest.
1191 silly tarball no local data for ansi-styles@http://registry.npmjs.org/ansi-styles/-/ansi-styles-6.2.1.tgz. Extracting by manifest.
1192 silly tarball no local data for entities@http://registry.npmjs.org/entities/-/entities-4.4.0.tgz. Extracting by manifest.
1193 silly tarball no local data for astral-regex@http://registry.npmjs.org/astral-regex/-/astral-regex-2.0.0.tgz. Extracting by manifest.
1194 silly tarball no local data for async@http://registry.npmjs.org/async/-/async-3.2.3.tgz. Extracting by manifest.
1195 silly tarball no local data for array-union@http://registry.npmjs.org/array-union/-/array-union-2.1.0.tgz. Extracting by manifest.
1196 silly tarball no local data for arrify@http://registry.npmjs.org/arrify/-/arrify-3.0.0.tgz. Extracting by manifest.
1197 silly tarball no local data for arrgv@http://registry.npmjs.org/arrgv/-/arrgv-1.0.2.tgz. Extracting by manifest.
1198 silly tarball no local data for anymatch@http://registry.npmjs.org/anymatch/-/anymatch-3.1.3.tgz. Extracting by manifest.
1199 silly tarball no local data for argparse@http://registry.npmjs.org/argparse/-/argparse-1.0.10.tgz. Extracting by manifest.
1200 silly tarball no local data for array-timsort@http://registry.npmjs.org/array-timsort/-/array-timsort-1.0.3.tgz. Extracting by manifest.
1201 silly tarball no local data for array-find-index@http://registry.npmjs.org/array-find-index/-/array-find-index-1.0.2.tgz. Extracting by manifest.
1202 silly tarball no local data for ansi-styles@http://registry.npmjs.org/ansi-styles/-/ansi-styles-4.2.1.tgz. Extracting by manifest.
1203 silly tarball no local data for ansi-escapes@http://registry.npmjs.org/ansi-escapes/-/ansi-escapes-4.3.2.tgz. Extracting by manifest.
1204 silly tarball no local data for type-fest@http://registry.npmjs.org/type-fest/-/type-fest-0.21.3.tgz. Extracting by manifest.
1205 silly tarball no local data for ajv@http://registry.npmjs.org/ajv/-/ajv-6.12.6.tgz. Extracting by manifest.
1206 silly tarball no local data for ansi-regex@http://registry.npmjs.org/ansi-regex/-/ansi-regex-5.0.1.tgz. Extracting by manifest.
1207 silly tarball no local data for aggregate-error@http://registry.npmjs.org/aggregate-error/-/aggregate-error-3.1.0.tgz. Extracting by manifest.
1208 silly tarball no local data for agent-base@http://registry.npmjs.org/agent-base/-/agent-base-6.0.2.tgz. Extracting by manifest.
1209 silly tarball no local data for adm-zip@http://registry.npmjs.org/adm-zip/-/adm-zip-0.5.9.tgz. Extracting by manifest.
1210 silly tarball no local data for acorn-jsx@http://registry.npmjs.org/acorn-jsx/-/acorn-jsx-5.3.2.tgz. Extracting by manifest.
1211 silly tarball no local data for acorn@http://registry.npmjs.org/acorn/-/acorn-8.8.2.tgz. Extracting by manifest.
1212 silly tarball no local data for acorn-walk@http://registry.npmjs.org/acorn-walk/-/acorn-walk-8.2.0.tgz. Extracting by manifest.
1213 silly tarball no local data for @types/responselike@http://registry.npmjs.org/@types/responselike/-/responselike-1.0.0.tgz. Extracting by manifest.
1214 silly tarball no local data for @types/normalize-package-data@http://registry.npmjs.org/@types/normalize-package-data/-/normalize-package-data-2.4.0.tgz. Extracting by manifest.
1215 silly tarball no local data for @types/node@http://registry.npmjs.org/@types/node/-/node-16.11.9.tgz. Extracting by manifest.
1216 silly tarball no local data for @szmarczak/http-timer@http://registry.npmjs.org/@szmarczak/http-timer/-/http-timer-4.0.6.tgz. Extracting by manifest.
1217 silly tarball no local data for @types/minimist@http://registry.npmjs.org/@types/minimist/-/minimist-1.2.1.tgz. Extracting by manifest.
1218 silly tarball no local data for @types/color-name@http://registry.npmjs.org/@types/color-name/-/color-name-1.1.1.tgz. Extracting by manifest.
1219 silly tarball no local data for @types/keyv@http://registry.npmjs.org/@types/keyv/-/keyv-3.1.4.tgz. Extracting by manifest.
1220 silly tarball no local data for @types/http-cache-semantics@http://registry.npmjs.org/@types/http-cache-semantics/-/http-cache-semantics-4.0.1.tgz. Extracting by manifest.
1221 silly tarball no local data for @sindresorhus/is@http://registry.npmjs.org/@sindresorhus/is/-/is-4.6.0.tgz. Extracting by manifest.
1222 silly tarball no local data for @types/cacheable-request@http://registry.npmjs.org/@types/cacheable-request/-/cacheable-request-6.0.3.tgz. Extracting by manifest.
1223 silly tarball no local data for @octokit/types@http://registry.npmjs.org/@octokit/types/-/types-6.34.0.tgz. Extracting by manifest.
1224 silly tarball no local data for @octokit/request-error@http://registry.npmjs.org/@octokit/request-error/-/request-error-2.1.0.tgz. Extracting by manifest.
1225 silly tarball no local data for @octokit/rest@http://registry.npmjs.org/@octokit/rest/-/rest-18.12.0.tgz. Extracting by manifest.
1226 silly tarball no local data for @octokit/request@http://registry.npmjs.org/@octokit/request/-/request-5.6.1.tgz. Extracting by manifest.
1227 silly tarball no local data for @octokit/plugin-request-log@http://registry.npmjs.org/@octokit/plugin-request-log/-/plugin-request-log-1.0.4.tgz. Extracting by manifest.
1228 silly tarball no local data for @octokit/plugin-paginate-rest@http://registry.npmjs.org/@octokit/plugin-paginate-rest/-/plugin-paginate-rest-2.17.0.tgz. Extracting by manifest.
1229 silly tarball no local data for @octokit/plugin-rest-endpoint-methods@http://registry.npmjs.org/@octokit/plugin-rest-endpoint-methods/-/plugin-rest-endpoint-methods-5.13.0.tgz. Extracting by manifest.
1230 silly tarball no local data for @octokit/graphql@http://registry.npmjs.org/@octokit/graphql/-/graphql-4.6.4.tgz. Extracting by manifest.
1231 silly tarball no local data for @octokit/openapi-types@http://registry.npmjs.org/@octokit/openapi-types/-/openapi-types-11.2.0.tgz. Extracting by manifest.
1232 silly tarball no local data for @octokit/core@http://registry.npmjs.org/@octokit/core/-/core-3.5.1.tgz. Extracting by manifest.
1233 silly tarball no local data for @octokit/endpoint@http://registry.npmjs.org/@octokit/endpoint/-/endpoint-6.0.12.tgz. Extracting by manifest.
1234 silly tarball no local data for @jridgewell/trace-mapping@http://registry.npmjs.org/@jridgewell/trace-mapping/-/trace-mapping-0.3.14.tgz. Extracting by manifest.
1235 silly tarball no local data for @jridgewell/sourcemap-codec@http://registry.npmjs.org/@jridgewell/sourcemap-codec/-/sourcemap-codec-1.4.11.tgz. Extracting by manifest.
1236 silly tarball no local data for @octokit/auth-token@http://registry.npmjs.org/@octokit/auth-token/-/auth-token-2.4.5.tgz. Extracting by manifest.
1237 silly tarball no local data for @jridgewell/resolve-uri@http://registry.npmjs.org/@jridgewell/resolve-uri/-/resolve-uri-3.0.5.tgz. Extracting by manifest.
1238 silly tarball no local data for @nodelib/fs.walk@http://registry.npmjs.org/@nodelib/fs.walk/-/fs.walk-1.2.4.tgz. Extracting by manifest.
1239 silly tarball no local data for @nodelib/fs.stat@http://registry.npmjs.org/@nodelib/fs.stat/-/fs.stat-2.0.3.tgz. Extracting by manifest.
1240 silly tarball no local data for @nodelib/fs.scandir@http://registry.npmjs.org/@nodelib/fs.scandir/-/fs.scandir-2.1.3.tgz. Extracting by manifest.
1241 silly tarball no local data for @jridgewell/gen-mapping@http://registry.npmjs.org/@jridgewell/gen-mapping/-/gen-mapping-0.3.2.tgz. Extracting by manifest.
1242 silly tarball no local data for @humanwhocodes/object-schema@http://registry.npmjs.org/@humanwhocodes/object-schema/-/object-schema-1.2.1.tgz. Extracting by manifest.
1243 silly tarball no local data for js-yaml@http://registry.npmjs.org/js-yaml/-/js-yaml-4.1.0.tgz. Extracting by manifest.
1244 silly tarball no local data for @eslint/eslintrc@http://registry.npmjs.org/@eslint/eslintrc/-/eslintrc-1.3.0.tgz. Extracting by manifest.
1245 silly tarball no local data for @humanwhocodes/config-array@http://registry.npmjs.org/@humanwhocodes/config-array/-/config-array-0.9.5.tgz. Extracting by manifest.
1246 silly tarball no local data for @es-joy/jsdoccomment@http://registry.npmjs.org/@es-joy/jsdoccomment/-/jsdoccomment-0.31.0.tgz. Extracting by manifest.
1247 silly tarball no local data for argparse@http://registry.npmjs.org/argparse/-/argparse-2.0.1.tgz. Extracting by manifest.
1248 silly tarball no local data for @csstools/selector-specificity@http://registry.npmjs.org/@csstools/selector-specificity/-/selector-specificity-2.1.1.tgz. Extracting by manifest.
1249 silly tarball no local data for @csstools/media-query-list-parser@http://registry.npmjs.org/@csstools/media-query-list-parser/-/media-query-list-parser-2.0.1.tgz. Extracting by manifest.
1250 silly tarball no local data for @csstools/css-parser-algorithms@http://registry.npmjs.org/@csstools/css-parser-algorithms/-/css-parser-algorithms-2.0.1.tgz. Extracting by manifest.
1251 silly tarball no local data for @csstools/css-tokenizer@http://registry.npmjs.org/@csstools/css-tokenizer/-/css-tokenizer-2.0.2.tgz. Extracting by manifest.
1252 silly tarball no local data for @cspell/dynamic-import@http://registry.npmjs.org/@cspell/dynamic-import/-/dynamic-import-6.24.0.tgz. Extracting by manifest.
1253 silly tarball no local data for @cspell/dict-vue@http://registry.npmjs.org/@cspell/dict-vue/-/dict-vue-3.0.0.tgz. Extracting by manifest.
1254 silly tarball no local data for @cspell/strong-weak-map@http://registry.npmjs.org/@cspell/strong-weak-map/-/strong-weak-map-6.24.0.tgz. Extracting by manifest.
1255 silly tarball no local data for @cspell/dict-typescript@http://registry.npmjs.org/@cspell/dict-typescript/-/dict-typescript-3.1.0.tgz. Extracting by manifest.
1256 silly tarball no local data for @cspell/dict-swift@http://registry.npmjs.org/@cspell/dict-swift/-/dict-swift-2.0.1.tgz. Extracting by manifest.
1257 silly tarball no local data for @cspell/dict-svelte@http://registry.npmjs.org/@cspell/dict-svelte/-/dict-svelte-1.0.2.tgz. Extracting by manifest.
1258 silly tarball no local data for @cspell/dict-software-terms@http://registry.npmjs.org/@cspell/dict-software-terms/-/dict-software-terms-3.1.2.tgz. Extracting by manifest.
1259 silly tarball no local data for @cspell/dict-sql@http://registry.npmjs.org/@cspell/dict-sql/-/dict-sql-2.0.1.tgz. Extracting by manifest.
1260 silly tarball no local data for @cspell/dict-rust@http://registry.npmjs.org/@cspell/dict-rust/-/dict-rust-4.0.0.tgz. Extracting by manifest.
1261 silly tarball no local data for @cspell/dict-ruby@http://registry.npmjs.org/@cspell/dict-ruby/-/dict-ruby-4.0.1.tgz. Extracting by manifest.
1262 silly tarball no local data for @cspell/dict-scala@http://registry.npmjs.org/@cspell/dict-scala/-/dict-scala-4.0.0.tgz. Extracting by manifest.
1263 silly tarball no local data for @cspell/dict-r@http://registry.npmjs.org/@cspell/dict-r/-/dict-r-2.0.1.tgz. Extracting by manifest.
1264 silly tarball no local data for @cspell/dict-python@http://registry.npmjs.org/@cspell/dict-python/-/dict-python-4.0.1.tgz. Extracting by manifest.
1265 silly tarball no local data for @cspell/dict-powershell@http://registry.npmjs.org/@cspell/dict-powershell/-/dict-powershell-4.0.0.tgz. Extracting by manifest.
1266 silly tarball no local data for @cspell/dict-php@http://registry.npmjs.org/@cspell/dict-php/-/dict-php-3.0.4.tgz. Extracting by manifest.
1267 silly tarball no local data for @cspell/dict-public-licenses@http://registry.npmjs.org/@cspell/dict-public-licenses/-/dict-public-licenses-2.0.1.tgz. Extracting by manifest.
1268 silly tarball no local data for @cspell/dict-npm@http://registry.npmjs.org/@cspell/dict-npm/-/dict-npm-5.0.3.tgz. Extracting by manifest.
1269 silly tarball no local data for @cspell/dict-node@http://registry.npmjs.org/@cspell/dict-node/-/dict-node-4.0.2.tgz. Extracting by manifest.
1270 silly tarball no local data for @cspell/dict-lua@http://registry.npmjs.org/@cspell/dict-lua/-/dict-lua-4.0.0.tgz. Extracting by manifest.
1271 silly tarball no local data for @cspell/dict-lorem-ipsum@http://registry.npmjs.org/@cspell/dict-lorem-ipsum/-/dict-lorem-ipsum-3.0.0.tgz. Extracting by manifest.
1272 silly tarball no local data for @cspell/dict-latex@http://registry.npmjs.org/@cspell/dict-latex/-/dict-latex-3.1.0.tgz. Extracting by manifest.
1273 silly tarball no local data for @cspell/dict-k8s@http://registry.npmjs.org/@cspell/dict-k8s/-/dict-k8s-1.0.0.tgz. Extracting by manifest.
1274 silly tarball no local data for @cspell/dict-java@http://registry.npmjs.org/@cspell/dict-java/-/dict-java-5.0.4.tgz. Extracting by manifest.
1275 silly tarball no local data for @cspell/dict-html-symbol-entities@http://registry.npmjs.org/@cspell/dict-html-symbol-entities/-/dict-html-symbol-entities-4.0.0.tgz. Extracting by manifest.
1276 silly tarball no local data for @cspell/dict-haskell@http://registry.npmjs.org/@cspell/dict-haskell/-/dict-haskell-4.0.1.tgz. Extracting by manifest.
1277 silly tarball no local data for @cspell/dict-html@http://registry.npmjs.org/@cspell/dict-html/-/dict-html-4.0.2.tgz. Extracting by manifest.
1278 silly tarball no local data for @cspell/dict-golang@http://registry.npmjs.org/@cspell/dict-golang/-/dict-golang-5.0.1.tgz. Extracting by manifest.
1279 silly tarball no local data for @cspell/dict-git@http://registry.npmjs.org/@cspell/dict-git/-/dict-git-2.0.0.tgz. Extracting by manifest.
1280 silly tarball no local data for @cspell/dict-fullstack@http://registry.npmjs.org/@cspell/dict-fullstack/-/dict-fullstack-3.1.1.tgz. Extracting by manifest.
1281 silly tarball no local data for @cspell/dict-filetypes@http://registry.npmjs.org/@cspell/dict-filetypes/-/dict-filetypes-3.0.0.tgz. Extracting by manifest.
1282 silly tarball no local data for @cspell/dict-gaming-terms@http://registry.npmjs.org/@cspell/dict-gaming-terms/-/dict-gaming-terms-1.0.4.tgz. Extracting by manifest.
1283 silly tarball no local data for @cspell/dict-fonts@http://registry.npmjs.org/@cspell/dict-fonts/-/dict-fonts-3.0.0.tgz. Extracting by manifest.
1284 silly tarball no local data for @cspell/dict-en-gb@http://registry.npmjs.org/@cspell/dict-en-gb/-/dict-en-gb-1.1.33.tgz. Extracting by manifest.
1285 silly tarball no local data for @cspell/dict-dotnet@http://registry.npmjs.org/@cspell/dict-dotnet/-/dict-dotnet-4.0.1.tgz. Extracting by manifest.
1286 silly tarball no local data for @cspell/dict-en_us@http://registry.npmjs.org/@cspell/dict-en_us/-/dict-en_us-4.2.2.tgz. Extracting by manifest.
1287 silly tarball no local data for @cspell/dict-elixir@http://registry.npmjs.org/@cspell/dict-elixir/-/dict-elixir-4.0.1.tgz. Extracting by manifest.
1288 silly tarball no local data for @cspell/dict-docker@http://registry.npmjs.org/@cspell/dict-docker/-/dict-docker-1.1.5.tgz. Extracting by manifest.
1289 silly tarball no local data for @cspell/dict-dart@http://registry.npmjs.org/@cspell/dict-dart/-/dict-dart-2.0.1.tgz. Extracting by manifest.
1290 silly tarball no local data for @cspell/dict-django@http://registry.npmjs.org/@cspell/dict-django/-/dict-django-4.0.1.tgz. Extracting by manifest.
1291 silly tarball no local data for @cspell/dict-css@http://registry.npmjs.org/@cspell/dict-css/-/dict-css-4.0.2.tgz. Extracting by manifest.
1292 silly tarball no local data for @cspell/dict-csharp@http://registry.npmjs.org/@cspell/dict-csharp/-/dict-csharp-4.0.2.tgz. Extracting by manifest.
1293 silly tarball no local data for @cspell/dict-cpp@http://registry.npmjs.org/@cspell/dict-cpp/-/dict-cpp-4.0.1.tgz. Extracting by manifest.
1294 silly tarball no local data for @cspell/dict-cryptocurrencies@http://registry.npmjs.org/@cspell/dict-cryptocurrencies/-/dict-cryptocurrencies-3.0.1.tgz. Extracting by manifest.
1295 silly tarball no local data for @cspell/dict-companies@http://registry.npmjs.org/@cspell/dict-companies/-/dict-companies-3.0.6.tgz. Extracting by manifest.
1296 silly tarball no local data for @cspell/dict-bash@http://registry.npmjs.org/@cspell/dict-bash/-/dict-bash-4.1.1.tgz. Extracting by manifest.
1297 silly tarball no local data for @cspell/dict-aws@http://registry.npmjs.org/@cspell/dict-aws/-/dict-aws-3.0.0.tgz. Extracting by manifest.
1298 silly tarball no local data for @cspell/dict-ada@http://registry.npmjs.org/@cspell/dict-ada/-/dict-ada-4.0.1.tgz. Extracting by manifest.
1299 silly tarball no local data for @cspell/cspell-types@http://registry.npmjs.org/@cspell/cspell-types/-/cspell-types-6.24.0.tgz. Extracting by manifest.
1300 silly tarball no local data for @cspell/cspell-pipe@http://registry.npmjs.org/@cspell/cspell-pipe/-/cspell-pipe-6.24.0.tgz. Extracting by manifest.
1301 silly tarball no local data for @cspell/cspell-bundled-dicts@http://registry.npmjs.org/@cspell/cspell-bundled-dicts/-/cspell-bundled-dicts-6.24.0.tgz. Extracting by manifest.
1302 silly tarball no local data for @cspell/cspell-service-bus@http://registry.npmjs.org/@cspell/cspell-service-bus/-/cspell-service-bus-6.24.0.tgz. Extracting by manifest.
1303 silly tarball no local data for @babel/types@http://registry.npmjs.org/@babel/types/-/types-7.18.7.tgz. Extracting by manifest.
1304 silly tarball no local data for globals@http://registry.npmjs.org/globals/-/globals-11.12.0.tgz. Extracting by manifest.
1305 silly tarball no local data for @babel/traverse@http://registry.npmjs.org/@babel/traverse/-/traverse-7.18.6.tgz. Extracting by manifest.
1306 silly tarball no local data for @babel/template@http://registry.npmjs.org/@babel/template/-/template-7.18.6.tgz. Extracting by manifest.
1307 silly tarball no local data for supports-color@http://registry.npmjs.org/supports-color/-/supports-color-5.5.0.tgz. Extracting by manifest.
1308 silly tarball no local data for @babel/highlight@http://registry.npmjs.org/@babel/highlight/-/highlight-7.18.6.tgz. Extracting by manifest.
1309 silly tarball no local data for @babel/parser@http://registry.npmjs.org/@babel/parser/-/parser-7.18.6.tgz. Extracting by manifest.
1310 silly tarball no local data for has-flag@http://registry.npmjs.org/has-flag/-/has-flag-3.0.0.tgz. Extracting by manifest.
1311 silly tarball no local data for color-name@http://registry.npmjs.org/color-name/-/color-name-1.1.3.tgz. Extracting by manifest.
1312 silly tarball no local data for @babel/helpers@http://registry.npmjs.org/@babel/helpers/-/helpers-7.18.6.tgz. Extracting by manifest.
1313 silly tarball no local data for chalk@http://registry.npmjs.org/chalk/-/chalk-2.4.2.tgz. Extracting by manifest.
1314 silly tarball no local data for @babel/helper-validator-option@http://registry.npmjs.org/@babel/helper-validator-option/-/helper-validator-option-7.18.6.tgz. Extracting by manifest.
1315 silly tarball no local data for @babel/helper-validator-identifier@http://registry.npmjs.org/@babel/helper-validator-identifier/-/helper-validator-identifier-7.18.6.tgz. Extracting by manifest.
1316 silly tarball no local data for @babel/helper-split-export-declaration@http://registry.npmjs.org/@babel/helper-split-export-declaration/-/helper-split-export-declaration-7.18.6.tgz. Extracting by manifest.
1317 silly tarball no local data for @babel/helper-simple-access@http://registry.npmjs.org/@babel/helper-simple-access/-/helper-simple-access-7.18.6.tgz. Extracting by manifest.
1318 silly tarball no local data for color-convert@http://registry.npmjs.org/color-convert/-/color-convert-1.9.3.tgz. Extracting by manifest.
1319 silly tarball no local data for ansi-styles@http://registry.npmjs.org/ansi-styles/-/ansi-styles-3.2.1.tgz. Extracting by manifest.
1320 silly tarball no local data for @babel/helper-module-transforms@http://registry.npmjs.org/@babel/helper-module-transforms/-/helper-module-transforms-7.18.6.tgz. Extracting by manifest.
1321 silly tarball no local data for @babel/helper-hoist-variables@http://registry.npmjs.org/@babel/helper-hoist-variables/-/helper-hoist-variables-7.18.6.tgz. Extracting by manifest.
1322 silly tarball no local data for @babel/helper-function-name@http://registry.npmjs.org/@babel/helper-function-name/-/helper-function-name-7.18.6.tgz. Extracting by manifest.
1323 silly tarball no local data for @babel/helper-module-imports@http://registry.npmjs.org/@babel/helper-module-imports/-/helper-module-imports-7.18.6.tgz. Extracting by manifest.
1324 silly tarball no local data for @babel/helper-environment-visitor@http://registry.npmjs.org/@babel/helper-environment-visitor/-/helper-environment-visitor-7.18.6.tgz. Extracting by manifest.
1325 silly tarball no local data for semver@http://registry.npmjs.org/semver/-/semver-6.3.0.tgz. Extracting by manifest.
1326 silly tarball no local data for @babel/generator@http://registry.npmjs.org/@babel/generator/-/generator-7.18.7.tgz. Extracting by manifest.
1327 silly tarball no local data for @babel/helper-compilation-targets@http://registry.npmjs.org/@babel/helper-compilation-targets/-/helper-compilation-targets-7.18.6.tgz. Extracting by manifest.
1328 silly tarball no local data for @jridgewell/set-array@http://registry.npmjs.org/@jridgewell/set-array/-/set-array-1.1.2.tgz. Extracting by manifest.
1329 silly tarball no local data for @babel/eslint-parser@http://registry.npmjs.org/@babel/eslint-parser/-/eslint-parser-7.18.2.tgz. Extracting by manifest.
1330 silly tarball no local data for estraverse@http://registry.npmjs.org/estraverse/-/estraverse-4.3.0.tgz. Extracting by manifest.
1331 silly tarball no local data for @babel/core@http://registry.npmjs.org/@babel/core/-/core-7.18.6.tgz. Extracting by manifest.
1332 silly tarball no local data for semver@http://registry.npmjs.org/semver/-/semver-6.3.0.tgz. Extracting by manifest.
1333 silly tarball no local data for eslint-scope@http://registry.npmjs.org/eslint-scope/-/eslint-scope-5.1.1.tgz. Extracting by manifest.
1334 silly tarball no local data for semver@http://registry.npmjs.org/semver/-/semver-6.3.0.tgz. Extracting by manifest.
1335 silly tarball no local data for @babel/code-frame@http://registry.npmjs.org/@babel/code-frame/-/code-frame-7.18.6.tgz. Extracting by manifest.
1336 silly tarball no local data for @babel/compat-data@http://registry.npmjs.org/@babel/compat-data/-/compat-data-7.18.6.tgz. Extracting by manifest.
1337 silly tarball no local data for @ampproject/remapping@http://registry.npmjs.org/@ampproject/remapping/-/remapping-2.1.2.tgz. Extracting by manifest.
1338 http fetch GET 200 https://registry.npmjs.org/wrap-ansi/-/wrap-ansi-7.0.0.tgz 3738ms (cache miss)
1339 http fetch GET 200 https://registry.npmjs.org/unique-string/-/unique-string-2.0.0.tgz 3727ms (cache miss)
1340 http fetch GET 200 https://registry.npmjs.org/to-fast-properties/-/to-fast-properties-2.0.0.tgz 3721ms (cache miss)
1341 http fetch GET 200 https://registry.npmjs.org/yallist/-/yallist-4.0.0.tgz 3802ms (cache miss)
1342 http fetch GET 200 https://registry.npmjs.org/yocto-queue/-/yocto-queue-0.1.0.tgz 3808ms (cache miss)
1343 http fetch GET 200 https://registry.npmjs.org/wrappy/-/wrappy-1.0.2.tgz 3795ms (cache miss)
1344 http fetch GET 200 https://registry.npmjs.org/well-known-symbols/-/well-known-symbols-2.0.0.tgz 3792ms (cache miss)
1345 http fetch GET 200 https://registry.npmjs.org/word-wrap/-/word-wrap-1.2.3.tgz 3795ms (cache miss)
1346 http fetch GET 200 https://registry.npmjs.org/xdg-basedir/-/xdg-basedir-4.0.0.tgz 3844ms (cache miss)
1347 http fetch GET 200 https://registry.npmjs.org/time-zone/-/time-zone-1.0.0.tgz 3846ms (cache miss)
1348 http fetch GET 200 https://registry.npmjs.org/strip-ansi/-/strip-ansi-7.0.1.tgz 3846ms (cache miss)
1349 http fetch GET 200 https://registry.npmjs.org/webidl-conversions/-/webidl-conversions-3.0.1.tgz 3976ms (cache miss)
1350 http fetch GET 200 https://registry.npmjs.org/trim-newlines/-/trim-newlines-3.0.1.tgz 3979ms (cache miss)
1351 http fetch GET 200 https://registry.npmjs.org/slice-ansi/-/slice-ansi-4.0.0.tgz 3977ms (cache miss)
1352 http fetch GET 200 https://registry.npmjs.org/stylelint-config-standard/-/stylelint-config-standard-30.0.1.tgz 3981ms (cache miss)
1353 http fetch GET 200 https://registry.npmjs.org/import-lazy/-/import-lazy-4.0.0.tgz 3977ms (cache miss)
1354 http fetch GET 200 https://registry.npmjs.org/indent-string/-/indent-string-5.0.0.tgz 3984ms (cache miss)
1355 http fetch GET 200 https://registry.npmjs.org/v8-compile-cache/-/v8-compile-cache-2.3.0.tgz 4073ms (cache miss)
1356 http fetch GET 200 https://registry.npmjs.org/which/-/which-1.3.1.tgz 4084ms (cache miss)
1357 http fetch GET 200 https://registry.npmjs.org/write-file-atomic/-/write-file-atomic-3.0.3.tgz 4094ms (cache miss)
1358 http fetch GET 200 https://registry.npmjs.org/temp-dir/-/temp-dir-3.0.0.tgz 4059ms (cache miss)
1359 http fetch GET 200 https://registry.npmjs.org/svg-tags/-/svg-tags-1.0.0.tgz 4059ms (cache miss)
1360 http fetch GET 200 https://registry.npmjs.org/util-deprecate/-/util-deprecate-1.0.2.tgz 4159ms (cache miss)
1361 http fetch GET 200 https://registry.npmjs.org/supports-hyperlinks/-/supports-hyperlinks-2.3.0.tgz 4180ms (cache miss)
1362 http fetch GET 200 https://registry.npmjs.org/stylelint-config-recommended/-/stylelint-config-recommended-10.0.1.tgz 4177ms (cache miss)
1363 http fetch GET 200 https://registry.npmjs.org/strip-indent/-/strip-indent-3.0.0.tgz 4173ms (cache miss)
1364 http fetch GET 200 https://registry.npmjs.org/write-file-atomic/-/write-file-atomic-5.0.0.tgz 4177ms (cache miss)
1365 http fetch GET 200 https://registry.npmjs.org/strip-final-newline/-/strip-final-newline-3.0.0.tgz 4174ms (cache miss)
1366 http fetch GET 200 https://registry.npmjs.org/strip-ansi/-/strip-ansi-6.0.1.tgz 4174ms (cache miss)
1367 http fetch GET 200 https://registry.npmjs.org/update-browserslist-db/-/update-browserslist-db-1.0.4.tgz 4218ms (cache miss)
1368 http fetch GET 200 https://registry.npmjs.org/supertap/-/supertap-3.0.1.tgz 4198ms (cache miss)
1369 http fetch GET 200 https://registry.npmjs.org/ansi-regex/-/ansi-regex-6.0.1.tgz 4197ms (cache miss)
1370 http fetch GET 200 https://registry.npmjs.org/escape-string-regexp/-/escape-string-regexp-2.0.0.tgz 4189ms (cache miss)
1371 http fetch GET 200 https://registry.npmjs.org/spdx-license-ids/-/spdx-license-ids-3.0.5.tgz 4186ms (cache miss)
1372 http fetch GET 200 https://registry.npmjs.org/slash/-/slash-3.0.0.tgz 4185ms (cache miss)
1373 http fetch GET 200 https://registry.npmjs.org/supports-color/-/supports-color-7.1.0.tgz 4245ms (cache miss)
1374 http fetch GET 200 https://registry.npmjs.org/balanced-match/-/balanced-match-2.0.0.tgz 4238ms (cache miss)
1375 http fetch GET 200 https://registry.npmjs.org/slice-ansi/-/slice-ansi-3.0.0.tgz 4232ms (cache miss)
1376 http fetch GET 200 https://registry.npmjs.org/string-width/-/string-width-4.2.3.tgz 4239ms (cache miss)
1377 http fetch GET 200 https://registry.npmjs.org/run-parallel/-/run-parallel-1.1.9.tgz 4230ms (cache miss)
1378 http fetch GET 200 https://registry.npmjs.org/spdx-exceptions/-/spdx-exceptions-2.2.0.tgz 4238ms (cache miss)
1379 http fetch GET 200 https://registry.npmjs.org/setimmediate/-/setimmediate-1.0.5.tgz 4236ms (cache miss)
1380 http fetch GET 200 https://registry.npmjs.org/strip-json-comments/-/strip-json-comments-3.1.1.tgz 4325ms (cache miss)
1381 http fetch GET 200 https://registry.npmjs.org/spdx-correct/-/spdx-correct-3.1.0.tgz 4318ms (cache miss)
1382 http fetch GET 200 https://registry.npmjs.org/validate-npm-package-license/-/validate-npm-package-license-3.0.4.tgz 4399ms (cache miss)
1383 http fetch GET 200 https://registry.npmjs.org/shebang-command/-/shebang-command-2.0.0.tgz 4363ms (cache miss)
1384 http fetch GET 200 https://registry.npmjs.org/mimic-fn/-/mimic-fn-2.1.0.tgz 4411ms (cache miss)
1385 http fetch GET 200 https://registry.npmjs.org/shebang-regex/-/shebang-regex-3.0.0.tgz 4480ms (cache miss)
1386 http fetch GET 200 https://registry.npmjs.org/rimraf/-/rimraf-3.0.2.tgz 4477ms (cache miss)
1387 http fetch GET 200 https://registry.npmjs.org/typedarray-to-buffer/-/typedarray-to-buffer-3.1.5.tgz 4555ms (cache miss)
1388 http fetch GET 200 https://registry.npmjs.org/to-regex-range/-/to-regex-range-5.0.1.tgz 4549ms (cache miss)
1389 http fetch GET 200 https://registry.npmjs.org/serialize-error/-/serialize-error-7.0.1.tgz 4541ms (cache miss)
1390 http fetch GET 200 https://registry.npmjs.org/string_decoder/-/string_decoder-1.1.1.tgz 4550ms (cache miss)
1391 http fetch GET 200 https://registry.npmjs.org/repeat-string/-/repeat-string-1.6.1.tgz 4515ms (cache miss)
1392 http fetch GET 200 https://registry.npmjs.org/resolve-cwd/-/resolve-cwd-3.0.0.tgz 4523ms (cache miss)
1393 http fetch GET 200 https://registry.npmjs.org/resolve-alpn/-/resolve-alpn-1.2.1.tgz 4528ms (cache miss)
1394 http fetch GET 200 https://registry.npmjs.org/signal-exit/-/signal-exit-3.0.7.tgz 4576ms (cache miss)
1395 http fetch GET 200 https://registry.npmjs.org/stack-utils/-/stack-utils-2.0.6.tgz 4587ms (cache miss)
1396 http fetch GET 200 https://registry.npmjs.org/string-argv/-/string-argv-0.3.1.tgz 4590ms (cache miss)
1397 http fetch GET 200 https://registry.npmjs.org/require-from-string/-/require-from-string-2.0.2.tgz 4584ms (cache miss)
1398 http fetch GET 200 https://registry.npmjs.org/responselike/-/responselike-2.0.1.tgz 4584ms (cache miss)
1399 http fetch GET 200 https://registry.npmjs.org/safe-buffer/-/safe-buffer-5.1.2.tgz 4607ms (cache miss)
1400 http fetch GET 200 https://registry.npmjs.org/resolve-from/-/resolve-from-5.0.0.tgz 4587ms (cache miss)
1401 http fetch GET 200 https://registry.npmjs.org/onetime/-/onetime-5.1.2.tgz 4629ms (cache miss)
1402 http fetch GET 200 https://registry.npmjs.org/spdx-expression-parse/-/spdx-expression-parse-3.0.0.tgz 4658ms (cache miss)
1403 http fetch GET 200 https://registry.npmjs.org/vscode-languageserver-textdocument/-/vscode-languageserver-textdocument-1.0.8.tgz 4780ms (cache miss)
1404 http fetch GET 200 https://registry.npmjs.org/y18n/-/y18n-5.0.8.tgz 4811ms (cache miss)
1405 http fetch GET 200 https://registry.npmjs.org/type-check/-/type-check-0.4.0.tgz 4780ms (cache miss)
1406 http fetch GET 200 https://registry.npmjs.org/universal-user-agent/-/universal-user-agent-6.0.0.tgz 4819ms (cache miss)
1407 http fetch GET 200 https://registry.npmjs.org/resolve-global/-/resolve-global-1.0.0.tgz 4754ms (cache miss)
1408 http fetch GET 200 https://registry.npmjs.org/read-pkg-up/-/read-pkg-up-7.0.1.tgz 4744ms (cache miss)
1409 http fetch GET 200 https://registry.npmjs.org/quick-lru/-/quick-lru-4.0.1.tgz 4745ms (cache miss)
1410 http fetch GET 200 https://registry.npmjs.org/process-nextick-args/-/process-nextick-args-2.0.1.tgz 4743ms (cache miss)
1411 http fetch GET 200 https://registry.npmjs.org/tmp/-/tmp-0.2.1.tgz 4823ms (cache miss)
1412 http fetch GET 200 https://registry.npmjs.org/style-search/-/style-search-0.1.0.tgz 4812ms (cache miss)
1413 http fetch GET 200 https://registry.npmjs.org/redent/-/redent-3.0.0.tgz 4764ms (cache miss)
1414 http fetch GET 200 https://registry.npmjs.org/pump/-/pump-3.0.0.tgz 4763ms (cache miss)
1415 http fetch GET 200 https://registry.npmjs.org/whatwg-url/-/whatwg-url-5.0.0.tgz 4856ms (cache miss)
1416 http fetch GET 200 https://registry.npmjs.org/restore-cursor/-/restore-cursor-3.1.0.tgz 4783ms (cache miss)
1417 http fetch GET 200 https://registry.npmjs.org/require-directory/-/require-directory-2.1.1.tgz 4786ms (cache miss)
1418 http fetch GET 200 https://registry.npmjs.org/xml/-/xml-1.0.1.tgz 4883ms (cache miss)
1419 http fetch GET 200 https://registry.npmjs.org/punycode/-/punycode-2.1.1.tgz 4796ms (cache miss)
1420 http fetch GET 200 https://registry.npmjs.org/through/-/through-2.3.8.tgz 4877ms (cache miss)
1421 http fetch GET 200 https://registry.npmjs.org/tslib/-/tslib-2.3.1.tgz 4915ms (cache miss)
1422 http fetch GET 200 https://registry.npmjs.org/rfdc/-/rfdc-1.3.0.tgz 4936ms (cache miss)
1423 http fetch GET 200 https://registry.npmjs.org/json-schema-traverse/-/json-schema-traverse-1.0.0.tgz 5567ms (cache miss)
1424 http fetch GET 200 https://registry.npmjs.org/semver/-/semver-5.7.1.tgz 5700ms (cache miss)
1425 http fetch GET 200 https://registry.npmjs.org/tr46/-/tr46-0.0.3.tgz 5749ms (cache miss)
1426 http fetch GET 200 https://registry.npmjs.org/glob/-/glob-7.2.3.tgz 6111ms (cache miss)
1427 http fetch GET 200 https://registry.npmjs.org/yargs-parser/-/yargs-parser-20.2.4.tgz 6207ms (cache miss)
1428 http fetch GET 200 https://registry.npmjs.org/type-fest/-/type-fest-0.6.0.tgz 6322ms (cache miss)
1429 http fetch GET 200 https://registry.npmjs.org/text-table/-/text-table-0.2.0.tgz 6494ms (cache miss)
1430 http fetch GET 200 https://registry.npmjs.org/reusify/-/reusify-1.0.4.tgz 6444ms (cache miss)
1431 http fetch GET 200 https://registry.npmjs.org/read-pkg/-/read-pkg-5.2.0.tgz 6441ms (cache miss)
1432 http fetch GET 200 https://registry.npmjs.org/yocto-queue/-/yocto-queue-1.0.0.tgz 6573ms (cache miss)
1433 http fetch GET 200 https://registry.npmjs.org/yargs-parser/-/yargs-parser-21.1.1.tgz 6824ms (cache miss)
1434 http fetch GET 200 https://registry.npmjs.org/pkg-conf/-/pkg-conf-4.0.0.tgz 6703ms (cache miss)
1435 http fetch GET 200 https://registry.npmjs.org/path-exists/-/path-exists-5.0.0.tgz 6701ms (cache miss)
1436 http fetch GET 200 https://registry.npmjs.org/postcss-media-query-parser/-/postcss-media-query-parser-0.2.3.tgz 6706ms (cache miss)
1437 http fetch GET 200 https://registry.npmjs.org/postcss-safe-parser/-/postcss-safe-parser-6.0.0.tgz 6704ms (cache miss)
1438 http fetch GET 200 https://registry.npmjs.org/picocolors/-/picocolors-1.0.0.tgz 6700ms (cache miss)
1439 http fetch GET 200 https://registry.npmjs.org/p-locate/-/p-locate-6.0.0.tgz 6705ms (cache miss)
1440 http fetch GET 200 https://registry.npmjs.org/postcss-resolve-nested-selector/-/postcss-resolve-nested-selector-0.1.1.tgz 6830ms (cache miss)
1441 http fetch GET 200 https://registry.npmjs.org/locate-path/-/locate-path-7.2.0.tgz 6825ms (cache miss)
1442 http fetch GET 200 https://registry.npmjs.org/path-is-absolute/-/path-is-absolute-1.0.1.tgz 6823ms (cache miss)
1443 http fetch GET 200 https://registry.npmjs.org/path-exists/-/path-exists-4.0.0.tgz 6822ms (cache miss)
1444 http fetch GET 200 https://registry.npmjs.org/path-type/-/path-type-4.0.0.tgz 6827ms (cache miss)
1445 http fetch GET 200 https://registry.npmjs.org/regexpp/-/regexpp-3.2.0.tgz 6960ms (cache miss)
1446 http fetch GET 200 https://registry.npmjs.org/readdirp/-/readdirp-3.6.0.tgz 6959ms (cache miss)
1447 http fetch GET 200 https://registry.npmjs.org/plur/-/plur-5.1.0.tgz 6949ms (cache miss)
1448 http fetch GET 200 https://registry.npmjs.org/p-limit/-/p-limit-4.0.0.tgz 6945ms (cache miss)
1449 http fetch GET 200 https://registry.npmjs.org/path-parse/-/path-parse-1.0.7.tgz 6943ms (cache miss)
1450 http fetch GET 200 https://registry.npmjs.org/p-try/-/p-try-2.2.0.tgz 7010ms (cache miss)
1451 http fetch GET 200 https://registry.npmjs.org/path-key/-/path-key-3.1.1.tgz 7024ms (cache miss)
1452 http fetch GET 200 https://registry.npmjs.org/p-limit/-/p-limit-2.3.0.tgz 7011ms (cache miss)
1453 http fetch GET 200 https://registry.npmjs.org/path-key/-/path-key-4.0.0.tgz 7120ms (cache miss)
1454 http fetch GET 200 https://registry.npmjs.org/optionator/-/optionator-0.9.1.tgz 7126ms (cache miss)
1455 http fetch GET 200 https://registry.npmjs.org/once/-/once-1.4.0.tgz 7132ms (cache miss)
1456 http fetch GET 200 https://registry.npmjs.org/parse-json/-/parse-json-5.2.0.tgz 7160ms (cache miss)
1457 http fetch GET 200 https://registry.npmjs.org/p-map/-/p-map-4.0.0.tgz 7277ms (cache miss)
1458 http fetch GET 200 https://registry.npmjs.org/parse-ms/-/parse-ms-3.0.0.tgz 7283ms (cache miss)
1459 http fetch GET 200 https://registry.npmjs.org/parent-module/-/parent-module-1.0.1.tgz 7285ms (cache miss)
1460 http fetch GET 200 https://registry.npmjs.org/onetime/-/onetime-6.0.0.tgz 7298ms (cache miss)
1461 http fetch GET 200 https://registry.npmjs.org/p-locate/-/p-locate-4.1.0.tgz 7316ms (cache miss)
1462 http fetch GET 200 https://registry.npmjs.org/pretty-ms/-/pretty-ms-8.0.0.tgz 7352ms (cache miss)
1463 http fetch GET 200 https://registry.npmjs.org/find-up/-/find-up-6.3.0.tgz 7343ms (cache miss)
1464 http cache https://registry.npmjs.org/slice-ansi/-/slice-ansi-4.0.0.tgz 7470ms (cache hit)
1465 http fetch GET 200 https://registry.npmjs.org/nofilter/-/nofilter-3.1.0.tgz 7670ms (cache miss)
1466 http fetch GET 200 https://registry.npmjs.org/p-defer/-/p-defer-1.0.0.tgz 7681ms (cache miss)
1467 http fetch GET 200 https://registry.npmjs.org/normalize-path/-/normalize-path-3.0.0.tgz 7677ms (cache miss)
1468 http fetch GET 200 https://registry.npmjs.org/node-releases/-/node-releases-2.0.5.tgz 7679ms (cache miss)
1469 http fetch GET 200 https://registry.npmjs.org/ms/-/ms-2.1.2.tgz 7679ms (cache miss)
1470 http fetch GET 200 https://registry.npmjs.org/minimist-options/-/minimist-options-4.1.0.tgz 7680ms (cache miss)
1471 http fetch GET 200 https://registry.npmjs.org/p-event/-/p-event-5.0.1.tgz 7709ms (cache miss)
1472 http fetch GET 200 https://registry.npmjs.org/npm-run-path/-/npm-run-path-5.1.0.tgz 7700ms (cache miss)
1473 http fetch GET 200 https://registry.npmjs.org/mimic-fn/-/mimic-fn-4.0.0.tgz 7688ms (cache miss)
1474 http fetch GET 200 https://registry.npmjs.org/prettier-linter-helpers/-/prettier-linter-helpers-1.0.0.tgz 7744ms (cache miss)
1475 http cache https://registry.npmjs.org/strip-ansi/-/strip-ansi-7.0.1.tgz 7675ms (cache hit)
1476 http fetch GET 200 https://registry.npmjs.org/minimatch/-/minimatch-3.1.2.tgz 7716ms (cache miss)
1477 http fetch GET 200 https://registry.npmjs.org/p-timeout/-/p-timeout-5.1.0.tgz 7942ms (cache miss)
1478 http fetch GET 200 https://registry.npmjs.org/micromatch/-/micromatch-4.0.5.tgz 7923ms (cache miss)
1479 http fetch GET 200 https://registry.npmjs.org/arrify/-/arrify-1.0.1.tgz 8094ms (cache miss)
1480 http fetch GET 200 https://registry.npmjs.org/minipass/-/minipass-3.1.6.tgz 8096ms (cache miss)
1481 http fetch GET 200 https://registry.npmjs.org/natural-compare/-/natural-compare-1.4.0.tgz 8103ms (cache miss)
1482 http fetch GET 200 https://registry.npmjs.org/min-indent/-/min-indent-1.0.1.tgz 8100ms (cache miss)
1483 http fetch GET 200 https://registry.npmjs.org/mimic-response/-/mimic-response-1.0.1.tgz 8099ms (cache miss)
1484 http fetch GET 200 https://registry.npmjs.org/minizlib/-/minizlib-2.1.2.tgz 8107ms (cache miss)
1485 http cache https://registry.npmjs.org/ansi-regex/-/ansi-regex-6.0.1.tgz 8082ms (cache hit)
1486 http fetch GET 200 https://registry.npmjs.org/micro-spelling-correcter/-/micro-spelling-correcter-1.1.1.tgz 8142ms (cache miss)
1487 http fetch GET 200 https://registry.npmjs.org/normalize-package-data/-/normalize-package-data-3.0.0.tgz 8151ms (cache miss)
1488 http fetch GET 200 https://registry.npmjs.org/meow/-/meow-9.0.0.tgz 8157ms (cache miss)
1489 http fetch GET 200 https://registry.npmjs.org/matcher/-/matcher-5.0.0.tgz 8445ms (cache miss)
1490 http fetch GET 200 https://registry.npmjs.org/map-obj/-/map-obj-4.1.0.tgz 8461ms (cache miss)
1491 http fetch GET 200 https://registry.npmjs.org/normalize-url/-/normalize-url-6.1.0.tgz 8692ms (cache miss)
1492 http fetch GET 200 https://registry.npmjs.org/merge-stream/-/merge-stream-2.0.0.tgz 8682ms (cache miss)
1493 http fetch GET 200 https://registry.npmjs.org/merge2/-/merge2-1.4.1.tgz 8684ms (cache miss)
1494 http fetch GET 200 https://registry.npmjs.org/mem/-/mem-9.0.2.tgz 8680ms (cache miss)
1495 http fetch GET 200 https://registry.npmjs.org/make-dir/-/make-dir-3.1.0.tgz 8678ms (cache miss)
1496 http fetch GET 200 https://registry.npmjs.org/map-age-cleaner/-/map-age-cleaner-0.1.3.tgz 8680ms (cache miss)
1497 http fetch GET 200 https://registry.npmjs.org/lowercase-keys/-/lowercase-keys-2.0.0.tgz 8678ms (cache miss)
1498 http fetch GET 200 https://registry.npmjs.org/p-cancelable/-/p-cancelable-2.1.1.tgz 8853ms (cache miss)
1499 http fetch GET 200 https://registry.npmjs.org/md5-hex/-/md5-hex-3.0.1.tgz 8838ms (cache miss)
1500 http fetch GET 200 https://registry.npmjs.org/mathml-tag-names/-/mathml-tag-names-2.1.3.tgz 8838ms (cache miss)
1501 http fetch GET 200 https://registry.npmjs.org/lodash.truncate/-/lodash.truncate-4.4.2.tgz 8835ms (cache miss)
1502 http fetch GET 200 https://registry.npmjs.org/escape-string-regexp/-/escape-string-regexp-5.0.0.tgz 8845ms (cache miss)
1503 http fetch GET 200 https://registry.npmjs.org/log-update/-/log-update-4.0.0.tgz 8839ms (cache miss)
1504 http fetch GET 200 https://registry.npmjs.org/slice-ansi/-/slice-ansi-5.0.0.tgz 8833ms (cache miss)
1505 http fetch GET 200 https://registry.npmjs.org/locate-path/-/locate-path-5.0.0.tgz 8955ms (cache miss)
1506 http fetch GET 200 https://registry.npmjs.org/lru-cache/-/lru-cache-6.0.0.tgz 8960ms (cache miss)
1507 http fetch GET 200 https://registry.npmjs.org/cli-truncate/-/cli-truncate-3.1.0.tgz 8953ms (cache miss)
1508 http fetch GET 200 https://registry.npmjs.org/sprintf-js/-/sprintf-js-1.0.3.tgz 9207ms (cache miss)
1509 http fetch GET 200 https://registry.npmjs.org/wrap-ansi/-/wrap-ansi-6.2.0.tgz 9119ms (cache miss)
1510 http fetch GET 200 https://registry.npmjs.org/string-width/-/string-width-5.0.1.tgz 9109ms (cache miss)
1511 http fetch GET 200 https://registry.npmjs.org/json-schema-traverse/-/json-schema-traverse-0.4.1.tgz 9108ms (cache miss)
1512 http fetch GET 200 https://registry.npmjs.org/known-css-properties/-/known-css-properties-0.26.0.tgz 9122ms (cache miss)
1513 http fetch GET 200 https://registry.npmjs.org/jsesc/-/jsesc-2.5.2.tgz 9119ms (cache miss)
1514 http fetch GET 200 https://registry.npmjs.org/kind-of/-/kind-of-6.0.3.tgz 9126ms (cache miss)
1515 http fetch GET 200 https://registry.npmjs.org/source-map-js/-/source-map-js-1.0.2.tgz 9373ms (cache miss)
1516 http fetch GET 200 https://registry.npmjs.org/is-fullwidth-code-point/-/is-fullwidth-code-point-4.0.0.tgz 9265ms (cache miss)
1517 http fetch GET 200 https://registry.npmjs.org/ansi-styles/-/ansi-styles-6.1.0.tgz 9264ms (cache miss)
1518 http fetch GET 200 https://registry.npmjs.org/lodash.merge/-/lodash.merge-4.6.2.tgz 9276ms (cache miss)
1519 http fetch GET 200 https://registry.npmjs.org/lines-and-columns/-/lines-and-columns-1.1.6.tgz 9268ms (cache miss)
1520 http fetch GET 200 https://registry.npmjs.org/isarray/-/isarray-1.0.0.tgz 9270ms (cache miss)
1521 http fetch GET 200 https://registry.npmjs.org/keyv/-/keyv-4.5.2.tgz 9282ms (cache miss)
1522 http cache https://registry.npmjs.org/glob/-/glob-7.2.3.tgz 9405ms (cache hit)
1523 http fetch GET 200 https://registry.npmjs.org/load-json-file/-/load-json-file-7.0.1.tgz 9488ms (cache miss)
1524 http fetch GET 200 https://registry.npmjs.org/is-typedarray/-/is-typedarray-1.0.0.tgz 9476ms (cache miss)
1525 http fetch GET 200 https://registry.npmjs.org/json-stable-stringify-without-jsonify/-/json-stable-stringify-without-jsonify-1.0.1.tgz 9627ms (cache miss)
1526 http fetch GET 200 https://registry.npmjs.org/isexe/-/isexe-2.0.0.tgz 9624ms (cache miss)
1527 http fetch GET 200 https://registry.npmjs.org/js-string-escape/-/js-string-escape-1.0.1.tgz 9628ms (cache miss)
1528 http fetch GET 200 https://registry.npmjs.org/json-buffer/-/json-buffer-3.0.1.tgz 9635ms (cache miss)
1529 http fetch GET 200 https://registry.npmjs.org/js-tokens/-/js-tokens-4.0.0.tgz 9633ms (cache miss)
1530 http fetch GET 200 https://registry.npmjs.org/is-stream/-/is-stream-3.0.0.tgz 9629ms (cache miss)
1531 http fetch GET 200 https://registry.npmjs.org/lie/-/lie-3.3.0.tgz 9641ms (cache miss)
1532 http fetch GET 200 https://registry.npmjs.org/is-plain-object/-/is-plain-object-5.0.0.tgz 9628ms (cache miss)
1533 http fetch GET 200 https://registry.npmjs.org/is-glob/-/is-glob-4.0.3.tgz 9618ms (cache miss)
1534 http fetch GET 200 https://registry.npmjs.org/is-path-cwd/-/is-path-cwd-3.0.0.tgz 9627ms (cache miss)
1535 http fetch GET 200 https://registry.npmjs.org/is-core-module/-/is-core-module-2.2.0.tgz 9616ms (cache miss)
1536 http fetch GET 200 https://registry.npmjs.org/is-fullwidth-code-point/-/is-fullwidth-code-point-3.0.0.tgz 9619ms (cache miss)
1537 http fetch GET 200 https://registry.npmjs.org/is-unicode-supported/-/is-unicode-supported-1.3.0.tgz 9633ms (cache miss)
1538 http fetch GET 200 https://registry.npmjs.org/is-binary-path/-/is-binary-path-2.1.0.tgz 9618ms (cache miss)
1539 http fetch GET 200 https://registry.npmjs.org/lilconfig/-/lilconfig-2.0.6.tgz 9786ms (cache miss)
1540 http fetch GET 200 https://registry.npmjs.org/is-path-inside/-/is-path-inside-4.0.0.tgz 9783ms (cache miss)
1541 http fetch GET 200 https://registry.npmjs.org/is-number/-/is-number-7.0.0.tgz 9784ms (cache miss)
1542 http fetch GET 200 https://registry.npmjs.org/irregular-plurals/-/irregular-plurals-3.4.1.tgz 9769ms (cache miss)
1543 http fetch GET 200 https://registry.npmjs.org/is-promise/-/is-promise-4.0.0.tgz 9790ms (cache miss)
1544 http fetch GET 200 https://registry.npmjs.org/indent-string/-/indent-string-4.0.0.tgz 9768ms (cache miss)
1545 http fetch GET 200 https://registry.npmjs.org/import-modules/-/import-modules-2.1.0.tgz 9769ms (cache miss)
1546 http fetch GET 200 https://registry.npmjs.org/json-parse-even-better-errors/-/json-parse-even-better-errors-2.3.1.tgz 9944ms (cache miss)
1547 http fetch GET 200 https://registry.npmjs.org/is-plain-obj/-/is-plain-obj-1.1.0.tgz 9943ms (cache miss)
1548 http fetch GET 200 https://registry.npmjs.org/is-error/-/is-error-2.2.2.tgz 9926ms (cache miss)
1549 http fetch GET 200 https://registry.npmjs.org/import-fresh/-/import-fresh-3.3.0.tgz 9915ms (cache miss)
1550 http fetch GET 200 https://registry.npmjs.org/resolve-from/-/resolve-from-4.0.0.tgz 9916ms (cache miss)
1551 http fetch GET 200 https://registry.npmjs.org/immediate/-/immediate-3.0.6.tgz 9916ms (cache miss)
1552 http fetch GET 200 https://registry.npmjs.org/ignore/-/ignore-5.2.4.tgz 9914ms (cache miss)
1553 http fetch GET 200 https://registry.npmjs.org/postcss-value-parser/-/postcss-value-parser-4.2.0.tgz 10205ms (cache miss)
1554 http fetch GET 200 https://registry.npmjs.org/is-obj/-/is-obj-2.0.0.tgz 10111ms (cache miss)
1555 http fetch GET 200 https://registry.npmjs.org/inflight/-/inflight-1.0.6.tgz 10101ms (cache miss)
1556 http fetch GET 200 https://registry.npmjs.org/is-extglob/-/is-extglob-2.1.1.tgz 10113ms (cache miss)
1557 http fetch GET 200 https://registry.npmjs.org/quick-lru/-/quick-lru-5.1.1.tgz 10092ms (cache miss)
1558 http fetch GET 200 https://registry.npmjs.org/husky/-/husky-8.0.3.tgz 10095ms (cache miss)
1559 http fetch GET 200 https://registry.npmjs.org/http-cache-semantics/-/http-cache-semantics-4.1.1.tgz 10093ms (cache miss)
1560 http fetch GET 200 https://registry.npmjs.org/ignore-by-default/-/ignore-by-default-2.1.0.tgz 10248ms (cache miss)
1561 http fetch GET 200 https://registry.npmjs.org/https-proxy-agent/-/https-proxy-agent-5.0.1.tgz 10243ms (cache miss)
1562 http fetch GET 200 https://registry.npmjs.org/ini/-/ini-1.3.8.tgz 10263ms (cache miss)
1563 http fetch GET 200 https://registry.npmjs.org/domhandler/-/domhandler-5.0.3.tgz 10238ms (cache miss)
1564 http fetch GET 200 https://registry.npmjs.org/inherits/-/inherits-2.0.4.tgz 10259ms (cache miss)
1565 http fetch GET 200 https://registry.npmjs.org/html-tags/-/html-tags-3.2.0.tgz 10241ms (cache miss)
1566 http fetch GET 200 https://registry.npmjs.org/levn/-/levn-0.4.1.tgz 10422ms (cache miss)
1567 http fetch GET 200 https://registry.npmjs.org/http2-wrapper/-/http2-wrapper-1.0.3.tgz 10384ms (cache miss)
1568 http fetch GET 200 https://registry.npmjs.org/strip-json-comments/-/strip-json-comments-3.1.0.tgz 10381ms (cache miss)
1569 http fetch GET 200 https://registry.npmjs.org/glob-parent/-/glob-parent-5.1.2.tgz 10371ms (cache miss)
1570 http fetch GET 200 https://registry.npmjs.org/dom-serializer/-/dom-serializer-2.0.0.tgz 10385ms (cache miss)
1571 http fetch GET 200 https://registry.npmjs.org/hosted-git-info/-/hosted-git-info-3.0.8.tgz 10602ms (cache miss)
1572 http fetch GET 200 https://registry.npmjs.org/has-flag/-/has-flag-4.0.0.tgz 10522ms (cache miss)
1573 http fetch GET 200 https://registry.npmjs.org/has-own-prop/-/has-own-prop-2.0.0.tgz 10526ms (cache miss)
1574 http fetch GET 200 https://registry.npmjs.org/graceful-fs/-/graceful-fs-4.2.10.tgz 10527ms (cache miss)
1575 http fetch GET 200 https://registry.npmjs.org/global-modules/-/global-modules-2.0.0.tgz 10523ms (cache miss)
1576 http fetch GET 200 https://registry.npmjs.org/global-prefix/-/global-prefix-3.0.0.tgz 10525ms (cache miss)
1577 http fetch GET 200 https://registry.npmjs.org/hard-rejection/-/hard-rejection-2.1.0.tgz 10530ms (cache miss)
1578 http fetch GET 200 https://registry.npmjs.org/parse5-htmlparser2-tree-adapter/-/parse5-htmlparser2-tree-adapter-7.0.0.tgz 10803ms (cache miss)
1579 http fetch GET 200 https://registry.npmjs.org/imurmurhash/-/imurmurhash-0.1.4.tgz 10723ms (cache miss)
1580 http fetch GET 200 https://registry.npmjs.org/is-arrayish/-/is-arrayish-0.2.1.tgz 10728ms (cache miss)
1581 http fetch GET 200 https://registry.npmjs.org/glob/-/glob-8.1.0.tgz 10697ms (cache miss)
1582 http fetch GET 200 https://registry.npmjs.org/minimatch/-/minimatch-5.1.0.tgz 10699ms (cache miss)
1583 http fetch GET 200 https://registry.npmjs.org/globby/-/globby-11.1.0.tgz 10702ms (cache miss)
1584 http fetch GET 200 https://registry.npmjs.org/get-stream/-/get-stream-6.0.1.tgz 10698ms (cache miss)
1585 http fetch GET 200 https://registry.npmjs.org/get-caller-file/-/get-caller-file-2.0.5.tgz 10698ms (cache miss)
1586 http fetch GET 200 https://registry.npmjs.org/brace-expansion/-/brace-expansion-2.0.1.tgz 10702ms (cache miss)
1587 http fetch GET 200 https://registry.npmjs.org/globals/-/globals-13.16.0.tgz 10708ms (cache miss)
1588 http fetch GET 200 https://registry.npmjs.org/prelude-ls/-/prelude-ls-1.2.1.tgz 11061ms (cache miss)
1589 http fetch GET 200 https://registry.npmjs.org/global-dirs/-/global-dirs-0.1.1.tgz 10918ms (cache miss)
1590 http fetch GET 200 https://registry.npmjs.org/globjoin/-/globjoin-0.1.4.tgz 10923ms (cache miss)
1591 http fetch GET 200 https://registry.npmjs.org/get-stdin/-/get-stdin-8.0.0.tgz 10916ms (cache miss)
1592 http fetch GET 200 https://registry.npmjs.org/function-bind/-/function-bind-1.1.1.tgz 10912ms (cache miss)
1593 http fetch GET 200 https://registry.npmjs.org/flat-cache/-/flat-cache-3.0.4.tgz 10909ms (cache miss)
1594 http fetch GET 200 https://registry.npmjs.org/gensync/-/gensync-1.0.0-beta.2.tgz 10916ms (cache miss)
1595 http fetch GET 200 https://registry.npmjs.org/find-up/-/find-up-4.1.0.tgz 11067ms (cache miss)
1596 http fetch GET 200 https://registry.npmjs.org/escape-string-regexp/-/escape-string-regexp-5.0.0.tgz 11064ms (cache miss)
1597 http fetch GET 200 https://registry.npmjs.org/fs-minipass/-/fs-minipass-2.1.0.tgz 11071ms (cache miss)
1598 http fetch GET 200 https://registry.npmjs.org/fill-range/-/fill-range-7.0.1.tgz 11067ms (cache miss)
1599 http fetch GET 200 https://registry.npmjs.org/figures/-/figures-5.0.0.tgz 11065ms (cache miss)
1600 http fetch GET 200 https://registry.npmjs.org/fastq/-/fastq-1.7.0.tgz 11065ms (cache miss)
1601 http fetch GET 200 https://registry.npmjs.org/semver/-/semver-6.3.0.tgz 11591ms (cache miss)
1602 http fetch GET 200 https://registry.npmjs.org/gensequence/-/gensequence-4.0.3.tgz 11502ms (cache miss)
1603 http fetch GET 200 https://registry.npmjs.org/geckodriver/-/geckodriver-3.2.0.tgz 11502ms (cache miss)
1604 http fetch GET 200 https://registry.npmjs.org/fastest-levenshtein/-/fastest-levenshtein-1.0.16.tgz 11491ms (cache miss)
1605 http fetch GET 200 https://registry.npmjs.org/has/-/has-1.0.3.tgz 11494ms (cache miss)
1606 http fetch GET 200 https://registry.npmjs.org/esrecurse/-/esrecurse-4.3.0.tgz 11487ms (cache miss)
1607 http fetch GET 200 https://registry.npmjs.org/fast-json-stable-stringify/-/fast-json-stable-stringify-2.1.0.tgz 11587ms (cache miss)
1608 http fetch GET 200 https://registry.npmjs.org/pidtree/-/pidtree-0.6.0.tgz 11822ms (cache miss)
1609 http fetch GET 200 https://registry.npmjs.org/fs.realpath/-/fs.realpath-1.0.0.tgz 11679ms (cache miss)
1610 http fetch GET 200 https://registry.npmjs.org/eslint-visitor-keys/-/eslint-visitor-keys-2.1.0.tgz 11740ms (cache miss)
1611 http fetch GET 200 https://registry.npmjs.org/espurify/-/espurify-2.1.1.tgz 11743ms (cache miss)
1612 http fetch GET 200 https://registry.npmjs.org/espree/-/espree-9.3.2.tgz 11742ms (cache miss)
1613 http fetch GET 200 https://registry.npmjs.org/estraverse/-/estraverse-5.3.0.tgz 11748ms (cache miss)
1614 http cache https://registry.npmjs.org/indent-string/-/indent-string-5.0.0.tgz 11759ms (cache hit)
1615 http fetch GET 200 https://registry.npmjs.org/fast-diff/-/fast-diff-1.2.0.tgz 11829ms (cache miss)
1616 http fetch GET 200 https://registry.npmjs.org/execa/-/execa-6.1.0.tgz 11828ms (cache miss)
1617 http fetch GET 200 https://registry.npmjs.org/fast-levenshtein/-/fast-levenshtein-2.0.6.tgz 11835ms (cache miss)
1618 http fetch GET 200 https://registry.npmjs.org/eslint-visitor-keys/-/eslint-visitor-keys-3.3.0.tgz 12276ms (cache miss)
1619 http fetch GET 200 https://registry.npmjs.org/file-entry-cache/-/file-entry-cache-6.0.1.tgz 12280ms (cache miss)
1620 http fetch GET 200 https://registry.npmjs.org/fast-deep-equal/-/fast-deep-equal-3.1.1.tgz 12290ms (cache miss)
1621 http fetch GET 200 https://registry.npmjs.org/escape-string-regexp/-/escape-string-regexp-4.0.0.tgz 12272ms (cache miss)
1622 http fetch GET 200 https://registry.npmjs.org/eslint-plugin-html/-/eslint-plugin-html-6.2.0.tgz 12278ms (cache miss)
1623 http fetch GET 200 https://registry.npmjs.org/eslint-plugin-ava/-/eslint-plugin-ava-13.2.0.tgz 12277ms (cache miss)
1624 http fetch GET 200 https://registry.npmjs.org/spdx-expression-parse/-/spdx-expression-parse-3.0.1.tgz 12277ms (cache miss)
1625 http fetch GET 200 https://registry.npmjs.org/pkg-dir/-/pkg-dir-5.0.0.tgz 12742ms (cache miss)
1626 http fetch GET 200 https://registry.npmjs.org/escape-string-regexp/-/escape-string-regexp-1.0.5.tgz 12736ms (cache miss)
1627 http fetch GET 200 https://registry.npmjs.org/p-locate/-/p-locate-5.0.0.tgz 12745ms (cache miss)
1628 http fetch GET 200 https://registry.npmjs.org/ws/-/ws-8.12.1.tgz 13098ms (cache miss)
1629 http cache https://registry.npmjs.org/domhandler/-/domhandler-5.0.3.tgz 12771ms (cache hit)
1630 http fetch GET 200 https://registry.npmjs.org/eslint-config-prettier/-/eslint-config-prettier-8.5.0.tgz 13061ms (cache miss)
1631 http fetch GET 200 https://registry.npmjs.org/glob-parent/-/glob-parent-6.0.2.tgz 13065ms (cache miss)
1632 http fetch GET 200 https://registry.npmjs.org/escalade/-/escalade-3.1.1.tgz 13062ms (cache miss)
1633 http fetch GET 200 https://registry.npmjs.org/find-up/-/find-up-5.0.0.tgz 13075ms (cache miss)
1634 http cache https://registry.npmjs.org/escape-string-regexp/-/escape-string-regexp-5.0.0.tgz 13125ms (cache hit)
1635 http fetch GET 200 https://registry.npmjs.org/locate-path/-/locate-path-6.0.0.tgz 13294ms (cache miss)
1636 http fetch GET 200 https://registry.npmjs.org/fast-deep-equal/-/fast-deep-equal-3.1.3.tgz 13292ms (cache miss)
1637 http fetch GET 200 https://registry.npmjs.org/error-ex/-/error-ex-1.3.2.tgz 13287ms (cache miss)
1638 http fetch GET 200 https://registry.npmjs.org/domelementtype/-/domelementtype-2.3.0.tgz 13274ms (cache miss)
1639 http fetch GET 200 https://registry.npmjs.org/end-of-stream/-/end-of-stream-1.4.4.tgz 13284ms (cache miss)
1640 http fetch GET 200 https://registry.npmjs.org/emittery/-/emittery-1.0.1.tgz 13289ms (cache miss)
1641 http fetch GET 200 https://registry.npmjs.org/type-fest/-/type-fest-0.8.1.tgz 13528ms (cache miss)
1642 http fetch GET 200 https://registry.npmjs.org/eslint-visitor-keys/-/eslint-visitor-keys-3.3.0.tgz 13421ms (cache miss)
1643 http fetch GET 200 https://registry.npmjs.org/escape-string-regexp/-/escape-string-regexp-4.0.0.tgz 13422ms (cache miss)
1644 http fetch GET 200 https://registry.npmjs.org/enhance-visitors/-/enhance-visitors-1.0.0.tgz 13428ms (cache miss)
1645 http fetch GET 200 https://registry.npmjs.org/dotenv/-/dotenv-16.0.3.tgz 13428ms (cache miss)
1646 http fetch GET 200 https://registry.npmjs.org/dot-prop/-/dot-prop-5.3.0.tgz 13438ms (cache miss)
1647 http fetch GET 200 https://registry.npmjs.org/domutils/-/domutils-2.8.0.tgz 13442ms (cache miss)
1648 http fetch GET 200 https://registry.npmjs.org/dom-serializer/-/dom-serializer-1.3.2.tgz 13451ms (cache miss)
1649 http fetch GET 200 https://registry.npmjs.org/eastasianwidth/-/eastasianwidth-0.2.0.tgz 13459ms (cache miss)
1650 http fetch GET 200 https://registry.npmjs.org/normalize-package-data/-/normalize-package-data-2.5.0.tgz 13672ms (cache miss)
1651 http fetch GET 200 https://registry.npmjs.org/p-map/-/p-map-5.5.0.tgz 13557ms (cache miss)
1652 http fetch GET 200 https://registry.npmjs.org/aggregate-error/-/aggregate-error-4.0.1.tgz 13553ms (cache miss)
1653 http fetch GET 200 https://registry.npmjs.org/clean-stack/-/clean-stack-4.2.0.tgz 13557ms (cache miss)
1654 http fetch GET 200 https://registry.npmjs.org/del/-/del-7.0.0.tgz 13565ms (cache miss)
1655 http fetch GET 200 https://registry.npmjs.org/decompress-response/-/decompress-response-6.0.0.tgz 13556ms (cache miss)
1656 http fetch GET 200 https://registry.npmjs.org/emoji-regex/-/emoji-regex-8.0.0.tgz 13701ms (cache miss)
1657 http fetch GET 200 https://registry.npmjs.org/domhandler/-/domhandler-4.2.2.tgz 13696ms (cache miss)
1658 http fetch GET 200 https://registry.npmjs.org/mimic-response/-/mimic-response-3.1.0.tgz 13679ms (cache miss)
1659 http fetch GET 200 https://registry.npmjs.org/slash/-/slash-4.0.0.tgz 13694ms (cache miss)
1660 http fetch GET 200 https://registry.npmjs.org/defer-to-connect/-/defer-to-connect-2.0.1.tgz 13682ms (cache miss)
1661 http fetch GET 200 https://registry.npmjs.org/deep-is/-/deep-is-0.1.4.tgz 13682ms (cache miss)
1662 http fetch GET 200 https://registry.npmjs.org/dir-glob/-/dir-glob-3.0.1.tgz 13696ms (cache miss)
1663 http fetch GET 200 https://registry.npmjs.org/globby/-/globby-13.1.3.tgz 13690ms (cache miss)
1664 http fetch GET 200 https://registry.npmjs.org/date-time/-/date-time-3.1.0.tgz 13679ms (cache miss)
1665 http fetch GET 200 https://registry.npmjs.org/debug/-/debug-4.3.4.tgz 13682ms (cache miss)
1666 http fetch GET 200 https://registry.npmjs.org/hosted-git-info/-/hosted-git-info-2.8.8.tgz 13804ms (cache miss)
1667 http fetch GET 200 https://registry.npmjs.org/locate-path/-/locate-path-6.0.0.tgz 13761ms (cache miss)
1668 http fetch GET 200 https://registry.npmjs.org/deprecation/-/deprecation-2.3.1.tgz 13800ms (cache miss)
1669 http fetch GET 200 https://registry.npmjs.org/decamelize-keys/-/decamelize-keys-1.1.0.tgz 13793ms (cache miss)
1670 http fetch GET 200 https://registry.npmjs.org/cssesc/-/cssesc-3.0.0.tgz 13790ms (cache miss)
1671 http fetch GET 200 https://registry.npmjs.org/currently-unhandled/-/currently-unhandled-0.4.1.tgz 13793ms (cache miss)
1672 http fetch GET 200 https://registry.npmjs.org/css-functions-list/-/css-functions-list-3.1.0.tgz 13789ms (cache miss)
1673 http fetch GET 200 https://registry.npmjs.org/p-limit/-/p-limit-3.1.0.tgz 13785ms (cache miss)
1674 http fetch GET 200 https://registry.npmjs.org/eslint-plugin-prettier/-/eslint-plugin-prettier-4.2.1.tgz 13959ms (cache miss)
1675 http fetch GET 200 https://registry.npmjs.org/map-obj/-/map-obj-1.0.1.tgz 13908ms (cache miss)
1676 http fetch GET 200 https://registry.npmjs.org/dom-serializer/-/dom-serializer-2.0.0.tgz 13897ms (cache miss)
1677 http fetch GET 200 https://registry.npmjs.org/nth-check/-/nth-check-2.0.1.tgz 14135ms (cache miss)
1678 http fetch GET 200 https://registry.npmjs.org/he/-/he-1.2.0.tgz 14036ms (cache miss)
1679 http fetch GET 200 https://registry.npmjs.org/css-what/-/css-what-6.1.0.tgz 13982ms (cache miss)
1680 http fetch GET 200 https://registry.npmjs.org/p-locate/-/p-locate-5.0.0.tgz 13972ms (cache miss)
1681 http fetch GET 200 https://registry.npmjs.org/find-up/-/find-up-5.0.0.tgz 13972ms (cache miss)
1682 http fetch GET 200 https://registry.npmjs.org/find-up/-/find-up-5.0.0.tgz 13955ms (cache miss)
1683 http fetch GET 200 https://registry.npmjs.org/cspell-io/-/cspell-io-6.24.0.tgz 13973ms (cache miss)
1684 http fetch GET 200 https://registry.npmjs.org/cspell-glob/-/cspell-glob-6.24.0.tgz 13971ms (cache miss)
1685 http fetch GET 200 https://registry.npmjs.org/p-locate/-/p-locate-5.0.0.tgz 13975ms (cache miss)
1686 http fetch GET 200 https://registry.npmjs.org/cspell-gitignore/-/cspell-gitignore-6.24.0.tgz 13974ms (cache miss)
1687 http fetch GET 200 https://registry.npmjs.org/mkdirp/-/mkdirp-1.0.4.tgz 14204ms (cache miss)
1688 http cache https://registry.npmjs.org/domhandler/-/domhandler-5.0.3.tgz 13995ms (cache hit)
1689 http cache https://registry.npmjs.org/domutils/-/domutils-3.0.1.tgz 14008ms (cache hit)
1690 http cache https://registry.npmjs.org/dom-serializer/-/dom-serializer-2.0.0.tgz 14014ms (cache hit)
1691 http cache https://registry.npmjs.org/domhandler/-/domhandler-5.0.3.tgz 14012ms (cache hit)
1692 http cache https://registry.npmjs.org/dom-serializer/-/dom-serializer-2.0.0.tgz 14016ms (cache hit)
1693 http fetch GET 200 https://registry.npmjs.org/slash/-/slash-4.0.0.tgz 14004ms (cache miss)
1694 http fetch GET 200 https://registry.npmjs.org/decamelize/-/decamelize-1.2.0.tgz 14092ms (cache miss)
1695 http fetch GET 200 https://registry.npmjs.org/locate-path/-/locate-path-6.0.0.tgz 14072ms (cache miss)
1696 http fetch GET 200 https://registry.npmjs.org/cross-spawn/-/cross-spawn-7.0.3.tgz 14061ms (cache miss)
1697 http fetch GET 200 https://registry.npmjs.org/crypto-random-string/-/crypto-random-string-2.0.0.tgz 14063ms (cache miss)
1698 http fetch GET 200 https://registry.npmjs.org/css-what/-/css-what-5.1.0.tgz 14305ms (cache miss)
1699 http fetch GET 200 https://registry.npmjs.org/node-fetch/-/node-fetch-2.6.9.tgz 14305ms (cache miss)
1700 http fetch GET 200 https://registry.npmjs.org/picomatch/-/picomatch-2.3.1.tgz 14339ms (cache miss)
1701 http fetch GET 200 https://registry.npmjs.org/listr2/-/listr2-5.0.7.tgz 14280ms (cache miss)
1702 http fetch GET 200 https://registry.npmjs.org/convert-to-spaces/-/convert-to-spaces-2.0.1.tgz 14071ms (cache miss)
1703 http fetch GET 200 https://registry.npmjs.org/configstore/-/configstore-5.0.1.tgz 14073ms (cache miss)
1704 http fetch GET 200 https://registry.npmjs.org/common-path-prefix/-/common-path-prefix-3.0.0.tgz 14073ms (cache miss)
1705 http fetch GET 200 https://registry.npmjs.org/color-name/-/color-name-1.1.4.tgz 14070ms (cache miss)
1706 http fetch GET 200 https://registry.npmjs.org/colorette/-/colorette-2.0.19.tgz 14073ms (cache miss)
1707 http fetch GET 200 https://registry.npmjs.org/comment-json/-/comment-json-4.2.3.tgz 14074ms (cache miss)
1708 http fetch GET 200 https://registry.npmjs.org/convert-source-map/-/convert-source-map-1.7.0.tgz 14079ms (cache miss)
1709 http fetch GET 200 https://registry.npmjs.org/cliui/-/cliui-8.0.1.tgz 14072ms (cache miss)
1710 http fetch GET 200 https://registry.npmjs.org/code-excerpt/-/code-excerpt-4.0.0.tgz 14072ms (cache miss)
1711 http fetch GET 200 https://registry.npmjs.org/clear-module/-/clear-module-4.1.2.tgz 14074ms (cache miss)
1712 http fetch GET 200 https://registry.npmjs.org/clean-stack/-/clean-stack-2.2.0.tgz 14074ms (cache miss)
1713 http fetch GET 200 https://registry.npmjs.org/cli-truncate/-/cli-truncate-2.1.0.tgz 14078ms (cache miss)
1714 http fetch GET 200 https://registry.npmjs.org/cli-cursor/-/cli-cursor-3.1.0.tgz 14081ms (cache miss)
1715 http fetch GET 200 https://registry.npmjs.org/clean-yaml-object/-/clean-yaml-object-0.1.0.tgz 14081ms (cache miss)
1716 http fetch GET 200 https://registry.npmjs.org/parent-module/-/parent-module-2.0.0.tgz 14083ms (cache miss)
1717 http fetch GET 200 https://registry.npmjs.org/ci-info/-/ci-info-3.8.0.tgz 14081ms (cache miss)
1718 http fetch GET 200 https://registry.npmjs.org/ci-parallel-vars/-/ci-parallel-vars-1.0.1.tgz 14083ms (cache miss)
1719 http fetch GET 200 https://registry.npmjs.org/color-convert/-/color-convert-2.0.1.tgz 14091ms (cache miss)
1720 http fetch GET 200 https://registry.npmjs.org/chalk/-/chalk-4.1.2.tgz 14077ms (cache miss)
1721 http fetch GET 200 https://registry.npmjs.org/chunkd/-/chunkd-2.0.1.tgz 14085ms (cache miss)
1722 http fetch GET 200 https://registry.npmjs.org/cheerio-select/-/cheerio-select-2.1.0.tgz 14086ms (cache miss)
1723 http fetch GET 200 https://registry.npmjs.org/callsites/-/callsites-3.1.0.tgz 14077ms (cache miss)
1724 http fetch GET 200 https://registry.npmjs.org/camelcase/-/camelcase-5.3.1.tgz 14079ms (cache miss)
1725 http fetch GET 200 https://registry.npmjs.org/get-stream/-/get-stream-5.2.0.tgz 14077ms (cache miss)
1726 http fetch GET 200 https://registry.npmjs.org/camelcase-keys/-/camelcase-keys-6.2.2.tgz 14082ms (cache miss)
1727 http fetch GET 200 https://registry.npmjs.org/cacheable-lookup/-/cacheable-lookup-5.0.4.tgz 14080ms (cache miss)
1728 http fetch GET 200 https://registry.npmjs.org/brace-expansion/-/brace-expansion-1.1.11.tgz 14077ms (cache miss)
1729 http fetch GET 200 https://registry.npmjs.org/braces/-/braces-3.0.2.tgz 14082ms (cache miss)
1730 http fetch GET 200 https://registry.npmjs.org/browserslist/-/browserslist-4.21.1.tgz 14101ms (cache miss)
1731 http fetch GET 200 https://registry.npmjs.org/blueimp-md5/-/blueimp-md5-2.19.0.tgz 14099ms (cache miss)
1732 http fetch GET 200 https://registry.npmjs.org/balanced-match/-/balanced-match-1.0.0.tgz 14096ms (cache miss)
1733 http fetch GET 200 https://registry.npmjs.org/binary-extensions/-/binary-extensions-2.2.0.tgz 14100ms (cache miss)
1734 http fetch GET 200 https://registry.npmjs.org/p-limit/-/p-limit-3.1.0.tgz 14174ms (cache miss)
1735 http fetch GET 200 https://registry.npmjs.org/p-limit/-/p-limit-3.1.0.tgz 14157ms (cache miss)
1736 http fetch GET 200 https://registry.npmjs.org/chownr/-/chownr-2.0.0.tgz 14224ms (cache miss)
1737 http fetch GET 200 https://registry.npmjs.org/before-after-hook/-/before-after-hook-2.2.2.tgz 14210ms (cache miss)
1738 http fetch GET 200 https://registry.npmjs.org/string-width/-/string-width-5.1.2.tgz 14215ms (cache miss)
1739 http cache https://registry.npmjs.org/strip-ansi/-/strip-ansi-7.0.1.tgz 14257ms (cache hit)
1740 http cache https://registry.npmjs.org/write-file-atomic/-/write-file-atomic-5.0.0.tgz 14259ms (cache hit)
1741 http fetch GET 200 https://registry.npmjs.org/functional-red-black-tree/-/functional-red-black-tree-1.0.1.tgz 14425ms (cache miss)
1742 http fetch GET 200 https://registry.npmjs.org/core-util-is/-/core-util-is-1.0.3.tgz 14313ms (cache miss)
1743 http fetch GET 200 https://registry.npmjs.org/which/-/which-2.0.2.tgz 14316ms (cache miss)
1744 http fetch GET 200 https://registry.npmjs.org/concat-map/-/concat-map-0.0.1.tgz 14313ms (cache miss)
1745 http fetch GET 200 https://registry.npmjs.org/esutils/-/esutils-2.0.3.tgz 14426ms (cache miss)
1746 http fetch GET 200 https://registry.npmjs.org/clone-response/-/clone-response-1.0.3.tgz 14311ms (cache miss)
1747 http fetch GET 200 https://registry.npmjs.org/cacheable-request/-/cacheable-request-7.0.2.tgz 14295ms (cache miss)
1748 http fetch GET 200 https://registry.npmjs.org/p-map/-/p-map-5.5.0.tgz 14280ms (cache miss)
1749 http fetch GET 200 https://registry.npmjs.org/clean-stack/-/clean-stack-4.2.0.tgz 14278ms (cache miss)
1750 http fetch GET 200 https://registry.npmjs.org/chalk/-/chalk-5.2.0.tgz 14277ms (cache miss)
1751 http fetch GET 200 https://registry.npmjs.org/boolbase/-/boolbase-1.0.0.tgz 14300ms (cache miss)
1752 http cache https://registry.npmjs.org/domutils/-/domutils-3.0.1.tgz 14315ms (cache hit)
1753 http fetch GET 200 https://registry.npmjs.org/globby/-/globby-13.1.3.tgz 14320ms (cache miss)
1754 http fetch GET 200 https://registry.npmjs.org/ms/-/ms-2.1.3.tgz 14321ms (cache miss)
1755 http fetch GET 200 https://registry.npmjs.org/anymatch/-/anymatch-3.1.3.tgz 14308ms (cache miss)
1756 http fetch GET 200 https://registry.npmjs.org/ansi-styles/-/ansi-styles-6.2.1.tgz 14318ms (cache miss)
1757 http fetch GET 200 https://registry.npmjs.org/array-union/-/array-union-2.1.0.tgz 14320ms (cache miss)
1758 http fetch GET 200 https://registry.npmjs.org/array-timsort/-/array-timsort-1.0.3.tgz 14318ms (cache miss)
1759 http fetch GET 200 https://registry.npmjs.org/arrgv/-/arrgv-1.0.2.tgz 14335ms (cache miss)
1760 http cache https://registry.npmjs.org/is-fullwidth-code-point/-/is-fullwidth-code-point-4.0.0.tgz 14365ms (cache hit)
1761 http cache https://registry.npmjs.org/slice-ansi/-/slice-ansi-5.0.0.tgz 14368ms (cache hit)
1762 http cache https://registry.npmjs.org/indent-string/-/indent-string-5.0.0.tgz 14365ms (cache hit)
1763 http cache https://registry.npmjs.org/escape-string-regexp/-/escape-string-regexp-5.0.0.tgz 14368ms (cache hit)
1764 http cache https://registry.npmjs.org/emoji-regex/-/emoji-regex-9.2.2.tgz 14370ms (cache hit)
1765 http cache https://registry.npmjs.org/cli-truncate/-/cli-truncate-3.1.0.tgz 14371ms (cache hit)
1766 http fetch GET 200 https://registry.npmjs.org/aggregate-error/-/aggregate-error-4.0.1.tgz 14389ms (cache miss)
1767 http fetch GET 200 https://registry.npmjs.org/callsites/-/callsites-4.0.0.tgz 14390ms (cache miss)
1768 http fetch GET 200 https://registry.npmjs.org/ansi-escapes/-/ansi-escapes-4.3.2.tgz 14380ms (cache miss)
1769 http fetch GET 200 https://registry.npmjs.org/ansi-styles/-/ansi-styles-4.2.1.tgz 14381ms (cache miss)
1770 http fetch GET 200 https://registry.npmjs.org/astral-regex/-/astral-regex-2.0.0.tgz 14434ms (cache miss)
1771 http fetch GET 200 https://registry.npmjs.org/acorn-jsx/-/acorn-jsx-5.3.2.tgz 14424ms (cache miss)
1772 http fetch GET 200 https://registry.npmjs.org/agent-base/-/agent-base-6.0.2.tgz 14426ms (cache miss)
1773 http fetch GET 200 https://registry.npmjs.org/@types/normalize-package-data/-/normalize-package-data-2.4.0.tgz 14422ms (cache miss)
1774 http fetch GET 200 https://registry.npmjs.org/aggregate-error/-/aggregate-error-3.1.0.tgz 14429ms (cache miss)
1775 http fetch GET 200 https://registry.npmjs.org/ansi-regex/-/ansi-regex-5.0.1.tgz 14430ms (cache miss)
1776 http cache https://registry.npmjs.org/ansi-regex/-/ansi-regex-6.0.1.tgz 14453ms (cache hit)
1777 http fetch GET 200 https://registry.npmjs.org/arrify/-/arrify-3.0.0.tgz 14467ms (cache miss)
1778 http fetch GET 200 https://registry.npmjs.org/array-find-index/-/array-find-index-1.0.2.tgz 14466ms (cache miss)
1779 http fetch GET 200 https://registry.npmjs.org/acorn-walk/-/acorn-walk-8.2.0.tgz 14460ms (cache miss)
1780 http fetch GET 200 https://registry.npmjs.org/@types/keyv/-/keyv-3.1.4.tgz 14457ms (cache miss)
1781 http fetch GET 200 https://registry.npmjs.org/@types/responselike/-/responselike-1.0.0.tgz 14461ms (cache miss)
1782 http fetch GET 200 https://registry.npmjs.org/@types/color-name/-/color-name-1.1.1.tgz 14459ms (cache miss)
1783 http fetch GET 200 https://registry.npmjs.org/@octokit/plugin-request-log/-/plugin-request-log-1.0.4.tgz 14476ms (cache miss)
1784 http fetch GET 200 https://registry.npmjs.org/@sindresorhus/is/-/is-4.6.0.tgz 14481ms (cache miss)
1785 http fetch GET 200 https://registry.npmjs.org/@octokit/rest/-/rest-18.12.0.tgz 14480ms (cache miss)
1786 http fetch GET 200 https://registry.npmjs.org/@octokit/request-error/-/request-error-2.1.0.tgz 14484ms (cache miss)
1787 http fetch GET 200 https://registry.npmjs.org/vscode-uri/-/vscode-uri-3.0.7.tgz 14956ms (cache miss)
1788 http fetch GET 200 https://registry.npmjs.org/@jridgewell/resolve-uri/-/resolve-uri-3.0.5.tgz 14518ms (cache miss)
1789 http fetch GET 200 https://registry.npmjs.org/@types/cacheable-request/-/cacheable-request-6.0.3.tgz 14564ms (cache miss)
1790 http fetch GET 200 https://registry.npmjs.org/@jridgewell/sourcemap-codec/-/sourcemap-codec-1.4.11.tgz 14608ms (cache miss)
1791 http fetch GET 200 https://registry.npmjs.org/@humanwhocodes/config-array/-/config-array-0.9.5.tgz 14653ms (cache miss)
1792 http fetch GET 200 https://registry.npmjs.org/human-signals/-/human-signals-3.0.1.tgz 14939ms (cache miss)
1793 http cache https://registry.npmjs.org/semver/-/semver-6.3.0.tgz 14643ms (cache hit)
1794 http fetch GET 200 https://registry.npmjs.org/@octokit/auth-token/-/auth-token-2.4.5.tgz 14714ms (cache miss)
1795 http fetch GET 200 https://registry.npmjs.org/@humanwhocodes/object-schema/-/object-schema-1.2.1.tgz 14710ms (cache miss)
1796 http fetch GET 200 https://registry.npmjs.org/@octokit/request/-/request-5.6.1.tgz 14721ms (cache miss)
1797 http fetch GET 200 https://registry.npmjs.org/@nodelib/fs.scandir/-/fs.scandir-2.1.3.tgz 14719ms (cache miss)
1798 http fetch GET 200 https://registry.npmjs.org/argparse/-/argparse-2.0.1.tgz 14885ms (cache miss)
1799 http cache https://registry.npmjs.org/semver/-/semver-6.3.0.tgz 14672ms (cache hit)
1800 http cache https://registry.npmjs.org/semver/-/semver-6.3.0.tgz 14678ms (cache hit)
1801 http fetch GET 200 https://registry.npmjs.org/@octokit/graphql/-/graphql-4.6.4.tgz 14754ms (cache miss)
1802 http fetch GET 200 https://registry.npmjs.org/@octokit/core/-/core-3.5.1.tgz 14816ms (cache miss)
1803 http fetch GET 200 https://registry.npmjs.org/@csstools/selector-specificity/-/selector-specificity-2.1.1.tgz 14875ms (cache miss)
1804 http fetch GET 200 https://registry.npmjs.org/domhandler/-/domhandler-5.0.3.tgz 15252ms (cache miss)
1805 http fetch GET 200 https://registry.npmjs.org/emoji-regex/-/emoji-regex-9.2.2.tgz 15786ms (cache miss)
1806 http fetch GET 200 https://registry.npmjs.org/esprima/-/esprima-4.0.1.tgz 15697ms (cache miss)
1807 http fetch GET 200 https://registry.npmjs.org/argparse/-/argparse-2.0.1.tgz 15612ms (cache miss)
1808 http fetch GET 200 https://registry.npmjs.org/eslint-utils/-/eslint-utils-3.0.0.tgz 15726ms (cache miss)
1809 http fetch GET 200 https://registry.npmjs.org/chokidar/-/chokidar-3.5.3.tgz 15631ms (cache miss)
1810 http fetch GET 200 https://registry.npmjs.org/doctrine/-/doctrine-3.0.0.tgz 15769ms (cache miss)
1811 http fetch GET 200 https://registry.npmjs.org/@csstools/css-tokenizer/-/css-tokenizer-2.0.2.tgz 15689ms (cache miss)
1812 http fetch GET 200 https://registry.npmjs.org/@cspell/dynamic-import/-/dynamic-import-6.24.0.tgz 15707ms (cache miss)
1813 http fetch GET 200 https://registry.npmjs.org/@cspell/dict-svelte/-/dict-svelte-1.0.2.tgz 15720ms (cache miss)
1814 http fetch GET 200 https://registry.npmjs.org/type-fest/-/type-fest-0.13.1.tgz 16142ms (cache miss)
1815 http fetch GET 200 https://registry.npmjs.org/@cspell/dict-typescript/-/dict-typescript-3.1.0.tgz 15754ms (cache miss)
1816 http fetch GET 200 https://registry.npmjs.org/@cspell/dict-scala/-/dict-scala-4.0.0.tgz 15777ms (cache miss)
1817 http fetch GET 200 https://registry.npmjs.org/@cspell/strong-weak-map/-/strong-weak-map-6.24.0.tgz 15785ms (cache miss)
1818 http fetch GET 200 https://registry.npmjs.org/@cspell/dict-ruby/-/dict-ruby-4.0.1.tgz 15837ms (cache miss)
1819 http fetch GET 200 https://registry.npmjs.org/@cspell/dict-software-terms/-/dict-software-terms-3.1.2.tgz 15865ms (cache miss)
1820 http fetch GET 200 https://registry.npmjs.org/@cspell/dict-vue/-/dict-vue-3.0.0.tgz 15909ms (cache miss)
1821 http fetch GET 200 https://registry.npmjs.org/eslint-scope/-/eslint-scope-7.1.1.tgz 16096ms (cache miss)
1822 http fetch GET 200 https://registry.npmjs.org/@cspell/dict-sql/-/dict-sql-2.0.1.tgz 15921ms (cache miss)
1823 http fetch GET 200 https://registry.npmjs.org/@cspell/dict-swift/-/dict-swift-2.0.1.tgz 15925ms (cache miss)
1824 http fetch GET 200 https://registry.npmjs.org/@cspell/dict-r/-/dict-r-2.0.1.tgz 15922ms (cache miss)
1825 http fetch GET 200 https://registry.npmjs.org/@cspell/dict-rust/-/dict-rust-4.0.0.tgz 15925ms (cache miss)
1826 http fetch GET 200 https://registry.npmjs.org/import-meta-resolve/-/import-meta-resolve-2.2.1.tgz 16247ms (cache miss)
1827 http fetch GET 200 https://registry.npmjs.org/flatted/-/flatted-3.1.1.tgz 16229ms (cache miss)
1828 http fetch GET 200 https://registry.npmjs.org/electron-to-chromium/-/electron-to-chromium-1.4.180.tgz 16211ms (cache miss)
1829 http fetch GET 200 https://registry.npmjs.org/tar/-/tar-6.1.11.tgz 16531ms (cache miss)
1830 http fetch GET 200 https://registry.npmjs.org/@cspell/dict-public-licenses/-/dict-public-licenses-2.0.1.tgz 16278ms (cache miss)
1831 http fetch GET 200 https://registry.npmjs.org/readable-stream/-/readable-stream-2.3.7.tgz 16770ms (cache miss)
1832 http fetch GET 200 https://registry.npmjs.org/commander/-/commander-9.5.0.tgz 16542ms (cache miss)
1833 http fetch GET 200 https://registry.npmjs.org/@cspell/dict-php/-/dict-php-3.0.4.tgz 16455ms (cache miss)
1834 http fetch GET 200 https://registry.npmjs.org/commander/-/commander-10.0.0.tgz 16554ms (cache miss)
1835 http fetch GET 200 https://registry.npmjs.org/nanoid/-/nanoid-3.3.4.tgz 16800ms (cache miss)
1836 http fetch GET 200 https://registry.npmjs.org/@cspell/dict-python/-/dict-python-4.0.1.tgz 16470ms (cache miss)
1837 http fetch GET 200 https://registry.npmjs.org/json5/-/json5-2.2.3.tgz 16798ms (cache miss)
1838 http fetch GET 200 https://registry.npmjs.org/htmlparser2/-/htmlparser2-7.2.0.tgz 16702ms (cache miss)
1839 http fetch GET 200 https://registry.npmjs.org/@cspell/dict-npm/-/dict-npm-5.0.3.tgz 16515ms (cache miss)
1840 http fetch GET 200 https://registry.npmjs.org/@cspell/dict-powershell/-/dict-powershell-4.0.0.tgz 16530ms (cache miss)
1841 http fetch GET 200 https://registry.npmjs.org/@cspell/dict-git/-/dict-git-2.0.0.tgz 16512ms (cache miss)
1842 http fetch GET 200 https://registry.npmjs.org/@cspell/dict-latex/-/dict-latex-3.1.0.tgz 16529ms (cache miss)
1843 http fetch GET 200 https://registry.npmjs.org/@cspell/dict-k8s/-/dict-k8s-1.0.0.tgz 16539ms (cache miss)
1844 http fetch GET 200 https://registry.npmjs.org/@jridgewell/gen-mapping/-/gen-mapping-0.3.2.tgz 16558ms (cache miss)
1845 http fetch GET 200 https://registry.npmjs.org/@cspell/dict-lorem-ipsum/-/dict-lorem-ipsum-3.0.0.tgz 16542ms (cache miss)
1846 http fetch GET 200 https://registry.npmjs.org/@cspell/dict-haskell/-/dict-haskell-4.0.1.tgz 16551ms (cache miss)
1847 http fetch GET 200 https://registry.npmjs.org/@cspell/dict-lua/-/dict-lua-4.0.0.tgz 16558ms (cache miss)
1848 http fetch GET 200 https://registry.npmjs.org/entities/-/entities-2.1.0.tgz 16752ms (cache miss)
1849 http fetch GET 200 https://registry.npmjs.org/acorn/-/acorn-8.8.2.tgz 16705ms (cache miss)
1850 http fetch GET 200 https://registry.npmjs.org/@cspell/dict-html/-/dict-html-4.0.2.tgz 16696ms (cache miss)
1851 http fetch GET 200 https://registry.npmjs.org/@cspell/dict-node/-/dict-node-4.0.2.tgz 16703ms (cache miss)
1852 http fetch GET 200 https://registry.npmjs.org/node-html-parser/-/node-html-parser-5.2.0.tgz 17188ms (cache miss)
1853 http fetch GET 200 https://registry.npmjs.org/@cspell/dict-filetypes/-/dict-filetypes-3.0.0.tgz 16840ms (cache miss)
1854 http fetch GET 200 https://registry.npmjs.org/@es-joy/jsdoccomment/-/jsdoccomment-0.31.0.tgz 16890ms (cache miss)
1855 http fetch GET 200 https://registry.npmjs.org/adm-zip/-/adm-zip-0.5.9.tgz 16960ms (cache miss)
1856 http fetch GET 200 https://registry.npmjs.org/type-fest/-/type-fest-0.20.2.tgz 17483ms (cache miss)
1857 http fetch GET 200 https://registry.npmjs.org/lint-staged/-/lint-staged-13.1.1.tgz 17410ms (cache miss)
1858 http fetch GET 200 https://registry.npmjs.org/esquery/-/esquery-1.4.0.tgz 17318ms (cache miss)
1859 http fetch GET 200 https://registry.npmjs.org/object-inspect/-/object-inspect-1.12.2.tgz 17500ms (cache miss)
1860 http fetch GET 200 https://registry.npmjs.org/@cspell/dict-java/-/dict-java-5.0.4.tgz 17172ms (cache miss)
1861 http fetch GET 200 https://registry.npmjs.org/@cspell/dict-fullstack/-/dict-fullstack-3.1.1.tgz 17175ms (cache miss)
1862 http fetch GET 200 https://registry.npmjs.org/entities/-/entities-3.0.1.tgz 17415ms (cache miss)
1863 http fetch GET 200 https://registry.npmjs.org/type-fest/-/type-fest-0.18.1.tgz 17667ms (cache miss)
1864 http fetch GET 200 https://registry.npmjs.org/@jridgewell/trace-mapping/-/trace-mapping-0.3.14.tgz 17371ms (cache miss)
1865 http fetch GET 200 https://registry.npmjs.org/postcss-selector-parser/-/postcss-selector-parser-6.0.11.tgz 17780ms (cache miss)
1866 http fetch GET 200 https://registry.npmjs.org/cbor/-/cbor-8.1.0.tgz 17522ms (cache miss)
1867 http fetch GET 200 https://registry.npmjs.org/argparse/-/argparse-1.0.10.tgz 17530ms (cache miss)
1868 http fetch GET 200 https://registry.npmjs.org/@cspell/dict-gaming-terms/-/dict-gaming-terms-1.0.4.tgz 17490ms (cache miss)
1869 http fetch GET 200 https://registry.npmjs.org/@cspell/dict-golang/-/dict-golang-5.0.1.tgz 17495ms (cache miss)
1870 http fetch GET 200 https://registry.npmjs.org/@cspell/dict-dotnet/-/dict-dotnet-4.0.1.tgz 17492ms (cache miss)
1871 http fetch GET 200 https://registry.npmjs.org/mdn-data/-/mdn-data-2.0.30.tgz 17844ms (cache miss)
1872 http fetch GET 200 https://registry.npmjs.org/@cspell/dict-fonts/-/dict-fonts-3.0.0.tgz 17519ms (cache miss)
1873 http fetch GET 200 https://registry.npmjs.org/css-select/-/css-select-4.1.3.tgz 17976ms (cache miss)
1874 http fetch GET 200 https://registry.npmjs.org/@szmarczak/http-timer/-/http-timer-4.0.6.tgz 17666ms (cache miss)
1875 http fetch GET 200 https://registry.npmjs.org/@cspell/dict-elixir/-/dict-elixir-4.0.1.tgz 17626ms (cache miss)
1876 http fetch GET 200 https://registry.npmjs.org/@cspell/dict-cryptocurrencies/-/dict-cryptocurrencies-3.0.1.tgz 17636ms (cache miss)
1877 http fetch GET 200 https://registry.npmjs.org/@cspell/dict-docker/-/dict-docker-1.1.5.tgz 17676ms (cache miss)
1878 http fetch GET 200 https://registry.npmjs.org/globals/-/globals-11.12.0.tgz 17699ms (cache miss)
1879 http fetch GET 200 https://registry.npmjs.org/fast-equals/-/fast-equals-4.0.3.tgz 17948ms (cache miss)
1880 http fetch GET 200 https://registry.npmjs.org/@cspell/dict-dart/-/dict-dart-2.0.1.tgz 17721ms (cache miss)
1881 http fetch GET 200 https://registry.npmjs.org/pako/-/pako-1.0.11.tgz 18141ms (cache miss)
1882 http fetch GET 200 https://registry.npmjs.org/@cspell/dict-css/-/dict-css-4.0.2.tgz 17781ms (cache miss)
1883 http fetch GET 200 https://registry.npmjs.org/@octokit/openapi-types/-/openapi-types-11.2.0.tgz 17833ms (cache miss)
1884 http fetch GET 200 https://registry.npmjs.org/supports-color/-/supports-color-5.5.0.tgz 17781ms (cache miss)
1885 http fetch GET 200 https://registry.npmjs.org/htmlparser2/-/htmlparser2-8.0.1.tgz 18085ms (cache miss)
1886 http fetch GET 200 https://registry.npmjs.org/argparse/-/argparse-2.0.1.tgz 17854ms (cache miss)
1887 http fetch GET 200 https://registry.npmjs.org/@types/minimist/-/minimist-1.2.1.tgz 17944ms (cache miss)
1888 http fetch GET 200 https://registry.npmjs.org/@cspell/dict-csharp/-/dict-csharp-4.0.2.tgz 17930ms (cache miss)
1889 http fetch GET 200 https://registry.npmjs.org/@cspell/dict-cpp/-/dict-cpp-4.0.1.tgz 18041ms (cache miss)
1890 http fetch GET 200 https://registry.npmjs.org/@cspell/dict-en-gb/-/dict-en-gb-1.1.33.tgz 18081ms (cache miss)
1891 http fetch GET 200 https://registry.npmjs.org/js-yaml/-/js-yaml-3.14.1.tgz 18406ms (cache miss)
1892 http fetch GET 200 https://registry.npmjs.org/js-yaml/-/js-yaml-4.1.0.tgz 18298ms (cache miss)
1893 http fetch GET 200 https://registry.npmjs.org/@cspell/dict-django/-/dict-django-4.0.1.tgz 18113ms (cache miss)
1894 http fetch GET 200 https://registry.npmjs.org/@babel/template/-/template-7.18.6.tgz 18118ms (cache miss)
1895 http fetch GET 200 https://registry.npmjs.org/@octokit/endpoint/-/endpoint-6.0.12.tgz 18189ms (cache miss)
1896 http fetch GET 200 https://registry.npmjs.org/@cspell/dict-en_us/-/dict-en_us-4.2.2.tgz 18179ms (cache miss)
1897 http fetch GET 200 https://registry.npmjs.org/js-yaml/-/js-yaml-4.1.0.tgz 18320ms (cache miss)
1898 http fetch GET 200 https://registry.npmjs.org/has-flag/-/has-flag-3.0.0.tgz 18196ms (cache miss)
1899 http fetch GET 200 https://registry.npmjs.org/@eslint/eslintrc/-/eslintrc-1.3.0.tgz 18247ms (cache miss)
1900 http fetch GET 200 https://registry.npmjs.org/@octokit/plugin-rest-endpoint-methods/-/plugin-rest-endpoint-methods-5.13.0.tgz 18278ms (cache miss)
1901 http fetch GET 200 https://registry.npmjs.org/cosmiconfig/-/cosmiconfig-8.0.0.tgz 18379ms (cache miss)
1902 http fetch GET 200 https://registry.npmjs.org/colord/-/colord-2.9.3.tgz 18456ms (cache miss)
1903 http fetch GET 200 https://registry.npmjs.org/postcss/-/postcss-8.4.21.tgz 18843ms (cache miss)
1904 http fetch GET 200 https://registry.npmjs.org/@nodelib/fs.walk/-/fs.walk-1.2.4.tgz 18611ms (cache miss)
1905 http fetch GET 200 https://registry.npmjs.org/@nodelib/fs.stat/-/fs.stat-2.0.3.tgz 18629ms (cache miss)
1906 http fetch GET 200 https://registry.npmjs.org/type-fest/-/type-fest-0.21.3.tgz 18714ms (cache miss)
1907 http fetch GET 200 https://registry.npmjs.org/@babel/highlight/-/highlight-7.18.6.tgz 18673ms (cache miss)
1908 http fetch GET 200 https://registry.npmjs.org/semver/-/semver-7.3.4.tgz 19084ms (cache miss)
1909 http fetch GET 200 https://registry.npmjs.org/semver/-/semver-7.3.7.tgz 18972ms (cache miss)
1910 http fetch GET 200 https://registry.npmjs.org/@cspell/cspell-service-bus/-/cspell-service-bus-6.24.0.tgz 18754ms (cache miss)
1911 http fetch GET 200 https://registry.npmjs.org/yargs/-/yargs-17.7.1.tgz 19330ms (cache miss)
1912 http fetch GET 200 https://registry.npmjs.org/@cspell/cspell-bundled-dicts/-/cspell-bundled-dicts-6.24.0.tgz 18838ms (cache miss)
1913 http fetch GET 200 https://registry.npmjs.org/chalk/-/chalk-2.4.2.tgz 18860ms (cache miss)
1914 http fetch GET 200 https://registry.npmjs.org/@types/http-cache-semantics/-/http-cache-semantics-4.0.1.tgz 18941ms (cache miss)
1915 http fetch GET 200 https://registry.npmjs.org/@cspell/dict-aws/-/dict-aws-3.0.0.tgz 18886ms (cache miss)
1916 http fetch GET 200 https://registry.npmjs.org/@cspell/dict-bash/-/dict-bash-4.1.1.tgz 18906ms (cache miss)
1917 http fetch GET 200 https://registry.npmjs.org/@cspell/dict-companies/-/dict-companies-3.0.6.tgz 18946ms (cache miss)
1918 http fetch GET 200 https://registry.npmjs.org/@cspell/dict-ada/-/dict-ada-4.0.1.tgz 18968ms (cache miss)
1919 http fetch GET 200 https://registry.npmjs.org/@babel/helper-validator-option/-/helper-validator-option-7.18.6.tgz 18976ms (cache miss)
1920 http fetch GET 200 https://registry.npmjs.org/@babel/helper-split-export-declaration/-/helper-split-export-declaration-7.18.6.tgz 18975ms (cache miss)
1921 http fetch GET 200 https://registry.npmjs.org/semver/-/semver-7.3.8.tgz 19126ms (cache miss)
1922 http fetch GET 200 https://registry.npmjs.org/color-name/-/color-name-1.1.3.tgz 18994ms (cache miss)
1923 http fetch GET 200 https://registry.npmjs.org/semver/-/semver-7.3.8.tgz 19147ms (cache miss)
1924 http fetch GET 200 https://registry.npmjs.org/color-convert/-/color-convert-1.9.3.tgz 19002ms (cache miss)
1925 http fetch GET 200 https://registry.npmjs.org/got/-/got-11.8.5.tgz 19287ms (cache miss)
1926 http fetch GET 200 https://registry.npmjs.org/ansi-styles/-/ansi-styles-3.2.1.tgz 19027ms (cache miss)
1927 http fetch GET 200 https://registry.npmjs.org/@babel/helper-validator-identifier/-/helper-validator-identifier-7.18.6.tgz 19040ms (cache miss)
1928 http fetch GET 200 https://registry.npmjs.org/@babel/helper-hoist-variables/-/helper-hoist-variables-7.18.6.tgz 19040ms (cache miss)
1929 http fetch GET 200 https://registry.npmjs.org/estraverse/-/estraverse-4.3.0.tgz 19035ms (cache miss)
1930 http fetch GET 200 https://registry.npmjs.org/@babel/helper-function-name/-/helper-function-name-7.18.6.tgz 19059ms (cache miss)
1931 http fetch GET 200 https://registry.npmjs.org/@cspell/cspell-pipe/-/cspell-pipe-6.24.0.tgz 19076ms (cache miss)
1932 http fetch GET 200 https://registry.npmjs.org/@babel/helper-simple-access/-/helper-simple-access-7.18.6.tgz 19066ms (cache miss)
1933 http fetch GET 200 https://registry.npmjs.org/uri-js/-/uri-js-4.2.2.tgz 19611ms (cache miss)
1934 http fetch GET 200 https://registry.npmjs.org/@babel/helper-module-imports/-/helper-module-imports-7.18.6.tgz 19099ms (cache miss)
1935 http fetch GET 200 https://registry.npmjs.org/@babel/helper-environment-visitor/-/helper-environment-visitor-7.18.6.tgz 19100ms (cache miss)
1936 http fetch GET 200 https://registry.npmjs.org/@babel/helper-module-transforms/-/helper-module-transforms-7.18.6.tgz 19125ms (cache miss)
1937 http fetch GET 200 https://registry.npmjs.org/@babel/code-frame/-/code-frame-7.18.6.tgz 19098ms (cache miss)
1938 http fetch GET 200 https://registry.npmjs.org/@jridgewell/set-array/-/set-array-1.1.2.tgz 19219ms (cache miss)
1939 http fetch GET 200 https://registry.npmjs.org/@babel/compat-data/-/compat-data-7.18.6.tgz 19176ms (cache miss)
1940 http fetch GET 200 https://registry.npmjs.org/@babel/helper-compilation-targets/-/helper-compilation-targets-7.18.6.tgz 19220ms (cache miss)
1941 http fetch GET 200 https://registry.npmjs.org/@babel/eslint-parser/-/eslint-parser-7.18.2.tgz 19221ms (cache miss)
1942 http fetch GET 200 https://registry.npmjs.org/concordance/-/concordance-5.0.4.tgz 19376ms (cache miss)
1943 http fetch GET 200 https://registry.npmjs.org/@cspell/dict-html-symbol-entities/-/dict-html-symbol-entities-4.0.0.tgz 19277ms (cache miss)
1944 http fetch GET 200 https://registry.npmjs.org/bluebird/-/bluebird-3.7.2.tgz 19379ms (cache miss)
1945 http fetch GET 200 https://registry.npmjs.org/jszip/-/jszip-3.10.0.tgz 19696ms (cache miss)
1946 http fetch GET 200 https://registry.npmjs.org/@octokit/types/-/types-6.34.0.tgz 19522ms (cache miss)
1947 http fetch GET 200 https://registry.npmjs.org/fast-glob/-/fast-glob-3.2.12.tgz 19751ms (cache miss)
1948 http fetch GET 200 https://registry.npmjs.org/htmlhint/-/htmlhint-1.1.4.tgz 19847ms (cache miss)
1949 http fetch GET 200 https://registry.npmjs.org/@csstools/css-parser-algorithms/-/css-parser-algorithms-2.0.1.tgz 19779ms (cache miss)
1950 http fetch GET 200 https://registry.npmjs.org/eslint-scope/-/eslint-scope-5.1.1.tgz 19786ms (cache miss)
1951 http fetch GET 200 https://registry.npmjs.org/cspell-dictionary/-/cspell-dictionary-6.24.0.tgz 19979ms (cache miss)
1952 http fetch GET 200 https://registry.npmjs.org/cspell-grammar/-/cspell-grammar-6.24.0.tgz 19999ms (cache miss)
1953 http fetch GET 200 https://registry.npmjs.org/entities/-/entities-4.4.0.tgz 20297ms (cache miss)
1954 http fetch GET 200 https://registry.npmjs.org/domutils/-/domutils-3.0.1.tgz 20187ms (cache miss)
1955 http fetch GET 200 https://registry.npmjs.org/@babel/helpers/-/helpers-7.18.6.tgz 20010ms (cache miss)
1956 http fetch GET 200 https://registry.npmjs.org/js-yaml/-/js-yaml-4.1.0.tgz 20071ms (cache miss)
1957 http fetch GET 200 https://registry.npmjs.org/domutils/-/domutils-3.0.1.tgz 20375ms (cache miss)
1958 http fetch GET 200 https://registry.npmjs.org/@babel/traverse/-/traverse-7.18.6.tgz 20318ms (cache miss)
1959 http fetch GET 200 https://registry.npmjs.org/entities/-/entities-4.4.0.tgz 20491ms (cache miss)
1960 http fetch GET 200 https://registry.npmjs.org/entities/-/entities-4.4.0.tgz 20444ms (cache miss)
1961 http fetch GET 200 https://registry.npmjs.org/parse5/-/parse5-7.1.2.tgz 20737ms (cache miss)
1962 http fetch GET 200 https://registry.npmjs.org/entities/-/entities-4.4.0.tgz 20486ms (cache miss)
1963 http fetch GET 200 https://registry.npmjs.org/entities/-/entities-4.3.1.tgz 20737ms (cache miss)
1964 http fetch GET 200 https://registry.npmjs.org/@babel/generator/-/generator-7.18.7.tgz 20619ms (cache miss)
1965 http fetch GET 200 https://registry.npmjs.org/@ampproject/remapping/-/remapping-2.1.2.tgz 20557ms (cache miss)
1966 http fetch GET 200 https://registry.npmjs.org/ava/-/ava-5.2.0.tgz 20738ms (cache miss)
1967 http fetch GET 200 https://registry.npmjs.org/@babel/parser/-/parser-7.18.6.tgz 20670ms (cache miss)
1968 http fetch GET 200 https://registry.npmjs.org/@octokit/plugin-paginate-rest/-/plugin-paginate-rest-2.17.0.tgz 20781ms (cache miss)
1969 http fetch GET 200 https://registry.npmjs.org/cspell/-/cspell-6.24.0.tgz 21077ms (cache miss)
1970 http fetch GET 200 https://registry.npmjs.org/@csstools/media-query-list-parser/-/media-query-list-parser-2.0.1.tgz 21023ms (cache miss)
1971 http fetch GET 200 https://registry.npmjs.org/@types/node/-/node-16.11.9.tgz 21088ms (cache miss)
1972 http fetch GET 200 https://registry.npmjs.org/resolve/-/resolve-1.15.1.tgz 21571ms (cache miss)
1973 http fetch GET 200 https://registry.npmjs.org/css-select/-/css-select-5.1.0.tgz 21894ms (cache miss)
1974 http fetch GET 200 https://registry.npmjs.org/table/-/table-6.8.1.tgz 22271ms (cache miss)
1975 http fetch GET 200 https://registry.npmjs.org/resolve/-/resolve-1.20.0.tgz 22228ms (cache miss)
1976 http fetch GET 200 https://registry.npmjs.org/@cspell/cspell-types/-/cspell-types-6.24.0.tgz 22000ms (cache miss)
1977 http fetch GET 200 https://registry.npmjs.org/ajv/-/ajv-6.12.6.tgz 22094ms (cache miss)
1978 http fetch GET 200 https://registry.npmjs.org/jsdoc-type-pratt-parser/-/jsdoc-type-pratt-parser-3.1.0.tgz 22378ms (cache miss)
1979 http fetch GET 200 https://registry.npmjs.org/@babel/core/-/core-7.18.6.tgz 22194ms (cache miss)
1980 http fetch GET 200 https://registry.npmjs.org/cheerio/-/cheerio-1.0.0-rc.12.tgz 22452ms (cache miss)
1981 http fetch GET 200 https://registry.npmjs.org/cspell-trie-lib/-/cspell-trie-lib-6.24.0.tgz 22595ms (cache miss)
1982 http fetch GET 200 https://registry.npmjs.org/eslint-plugin-jsdoc/-/eslint-plugin-jsdoc-39.3.3.tgz 22783ms (cache miss)
1983 http fetch GET 200 https://registry.npmjs.org/async/-/async-3.2.3.tgz 22656ms (cache miss)
1984 http fetch GET 200 https://registry.npmjs.org/comment-parser/-/comment-parser-1.3.1.tgz 22832ms (cache miss)
1985 http fetch GET 200 https://registry.npmjs.org/@babel/types/-/types-7.18.7.tgz 22748ms (cache miss)
1986 http fetch GET 200 https://registry.npmjs.org/cspell-lib/-/cspell-lib-6.24.0.tgz 23534ms (cache miss)
1987 http fetch GET 200 https://registry.npmjs.org/yaml/-/yaml-2.2.1.tgz 23968ms (cache miss)
1988 http fetch GET 200 https://registry.npmjs.org/selenium-webdriver/-/selenium-webdriver-4.8.1.tgz 24353ms (cache miss)
1989 http fetch GET 200 https://registry.npmjs.org/prettier/-/prettier-2.7.1.tgz 24420ms (cache miss)
1990 http fetch GET 200 https://registry.npmjs.org/css-tree/-/css-tree-2.3.1.tgz 24326ms (cache miss)
1991 http fetch GET 200 https://registry.npmjs.org/eslint/-/eslint-8.19.0.tgz 25829ms (cache miss)
1992 http fetch GET 200 https://registry.npmjs.org/ajv/-/ajv-8.12.0.tgz 26312ms (cache miss)
1993 http fetch GET 200 https://registry.npmjs.org/vnu-jar/-/vnu-jar-21.2.5.tgz 26357ms (cache miss)
1994 http fetch GET 200 https://registry.npmjs.org/stylelint/-/stylelint-15.1.0.tgz 27061ms (cache miss)
1995 http fetch GET 200 https://registry.npmjs.org/caniuse-lite/-/caniuse-lite-1.0.30001363.tgz 27804ms (cache miss)
1996 http fetch GET 200 https://registry.npmjs.org/lodash/-/lodash-4.17.21.tgz 28563ms (cache miss)
1997 http fetch GET 200 https://registry.npmjs.org/rxjs/-/rxjs-7.8.0.tgz 32746ms (cache miss)
1998 info run geckodriver@3.2.0 postinstall node_modules/geckodriver node index.js
1999 info run geckodriver@3.2.0 postinstall { code: 0, signal: null }
2000 verbose stack Error: command failed
2000 verbose stack     at promiseSpawn (C:\Program Files\nodejs\node_modules\npm\node_modules\@npmcli\promise-spawn\lib\index.js:22:22)
2000 verbose stack     at spawnWithShell (C:\Program Files\nodejs\node_modules\npm\node_modules\@npmcli\promise-spawn\lib\index.js:124:10)
2000 verbose stack     at promiseSpawn (C:\Program Files\nodejs\node_modules\npm\node_modules\@npmcli\promise-spawn\lib\index.js:12:12)
2000 verbose stack     at runScriptPkg (C:\Program Files\nodejs\node_modules\npm\node_modules\@npmcli\run-script\lib\run-script-pkg.js:77:13)
2000 verbose stack     at runScript (C:\Program Files\nodejs\node_modules\npm\node_modules\@npmcli\run-script\lib\run-script.js:12:10)
2000 verbose stack     at async Install.exec (C:\Program Files\nodejs\node_modules\npm\lib\commands\install.js:163:9)
2000 verbose stack     at async Npm.exec (C:\Program Files\nodejs\node_modules\npm\lib\npm.js:207:9)
2000 verbose stack     at async module.exports (C:\Program Files\nodejs\node_modules\npm\lib\cli\entry.js:74:5)
2001 verbose pkgid aria-practices@0.0.0
2002 error code 1
2003 error path C:\Users\sohar\OneDrive\Desktop\doodlepad\doodlepad\clear\_cacache\tmp\git-clone0KusaS
2004 error command failed
2005 error command C:\WINDOWS\system32\cmd.exe /d /s /c husky install
2006 verbose cwd C:\Users\sohar\OneDrive\Desktop\doodlepad\doodlepad\clear\_cacache\tmp\git-clone0KusaS
2007 verbose os Windows_NT 10.0.26100
2008 verbose node v22.17.0
2009 verbose npm  v10.9.2
2010 verbose exit 1
2011 verbose code 1
2012 error A complete log of this run can be found in: C:\Users\sohar\OneDrive\Desktop\doodlepad\doodlepad\clear\_logs\2025-07-17T18_57_34_782Z-debug-0.log
