0 verbose cli C:\Program Files\nodejs\node.exe C:\Program Files\nodejs\node_modules\npm\bin\npm-cli.js
1 info using npm@10.9.2
2 info using node@v22.17.0
3 silly config load:file:C:\Program Files\nodejs\node_modules\npm\npmrc
4 silly config load:file:C:\Users\sohar\OneDrive\Desktop\doodlepad\doodlepad\clear\_cacache\tmp\git-clone73Y0Sa\.npmrc
5 silly config load:file:C:\Users\sohar\.npmrc
6 silly config load:file:C:\Users\sohar\AppData\Roaming\npm\etc\npmrc
7 verbose title npm install
8 verbose argv "install" "--force" "--cache" "C:\\Users\\sohar\\OneDrive\\Desktop\\doodlepad\\doodlepad\\clear" "--prefer-offline" "false" "--prefer-online" "false" "--offline" "false" "--no-progress" "--no-save" "--no-audit" "--include" "dev" "--include" "peer" "--include" "optional" "--no-package-lock-only" "--no-dry-run"
9 verbose logfile logs-max:10 dir:C:\Users\sohar\OneDrive\Desktop\doodlepad\doodlepad\clear\_logs\2025-07-17T19_01_58_468Z-
10 verbose logfile C:\Users\sohar\OneDrive\Desktop\doodlepad\doodlepad\clear\_logs\2025-07-17T19_01_58_468Z-debug-0.log
11 warn using --force Recommended protections disabled.
12 silly logfile done cleaning log files
13 silly packumentCache heap:2197815296 maxSize:549453824 maxEntrySize:274726912
14 silly idealTree buildDeps
15 silly reify moves {}
16 verbose reify failed optional dependency C:\Users\sohar\OneDrive\Desktop\doodlepad\doodlepad\clear\_cacache\tmp\git-clone73Y0Sa\node_modules\fsevents
17 silly reify mark deleted [
17 silly reify   'C:\\Users\\sohar\\OneDrive\\Desktop\\doodlepad\\doodlepad\\clear\\_cacache\\tmp\\git-clone73Y0Sa\\node_modules\\fsevents'
17 silly reify ]
18 verbose reify failed optional dependency C:\Users\sohar\OneDrive\Desktop\doodlepad\doodlepad\clear\_cacache\tmp\git-clone73Y0Sa\node_modules\@swc\core-win32-ia32-msvc
19 silly reify mark deleted [
19 silly reify   'C:\\Users\\sohar\\OneDrive\\Desktop\\doodlepad\\doodlepad\\clear\\_cacache\\tmp\\git-clone73Y0Sa\\node_modules\\@swc\\core-win32-ia32-msvc'
19 silly reify ]
20 verbose reify failed optional dependency C:\Users\sohar\OneDrive\Desktop\doodlepad\doodlepad\clear\_cacache\tmp\git-clone73Y0Sa\node_modules\@swc\core-win32-arm64-msvc
21 silly reify mark deleted [
21 silly reify   'C:\\Users\\sohar\\OneDrive\\Desktop\\doodlepad\\doodlepad\\clear\\_cacache\\tmp\\git-clone73Y0Sa\\node_modules\\@swc\\core-win32-arm64-msvc'
21 silly reify ]
22 verbose reify failed optional dependency C:\Users\sohar\OneDrive\Desktop\doodlepad\doodlepad\clear\_cacache\tmp\git-clone73Y0Sa\node_modules\@swc\core-linux-x64-musl
23 silly reify mark deleted [
23 silly reify   'C:\\Users\\sohar\\OneDrive\\Desktop\\doodlepad\\doodlepad\\clear\\_cacache\\tmp\\git-clone73Y0Sa\\node_modules\\@swc\\core-linux-x64-musl'
23 silly reify ]
24 verbose reify failed optional dependency C:\Users\sohar\OneDrive\Desktop\doodlepad\doodlepad\clear\_cacache\tmp\git-clone73Y0Sa\node_modules\@swc\core-linux-x64-gnu
25 silly reify mark deleted [
25 silly reify   'C:\\Users\\sohar\\OneDrive\\Desktop\\doodlepad\\doodlepad\\clear\\_cacache\\tmp\\git-clone73Y0Sa\\node_modules\\@swc\\core-linux-x64-gnu'
25 silly reify ]
26 verbose reify failed optional dependency C:\Users\sohar\OneDrive\Desktop\doodlepad\doodlepad\clear\_cacache\tmp\git-clone73Y0Sa\node_modules\@swc\core-linux-arm64-musl
27 silly reify mark deleted [
27 silly reify   'C:\\Users\\sohar\\OneDrive\\Desktop\\doodlepad\\doodlepad\\clear\\_cacache\\tmp\\git-clone73Y0Sa\\node_modules\\@swc\\core-linux-arm64-musl'
27 silly reify ]
28 verbose reify failed optional dependency C:\Users\sohar\OneDrive\Desktop\doodlepad\doodlepad\clear\_cacache\tmp\git-clone73Y0Sa\node_modules\@swc\core-linux-arm64-gnu
29 silly reify mark deleted [
29 silly reify   'C:\\Users\\sohar\\OneDrive\\Desktop\\doodlepad\\doodlepad\\clear\\_cacache\\tmp\\git-clone73Y0Sa\\node_modules\\@swc\\core-linux-arm64-gnu'
29 silly reify ]
30 verbose reify failed optional dependency C:\Users\sohar\OneDrive\Desktop\doodlepad\doodlepad\clear\_cacache\tmp\git-clone73Y0Sa\node_modules\@swc\core-linux-arm-gnueabihf
31 silly reify mark deleted [
31 silly reify   'C:\\Users\\sohar\\OneDrive\\Desktop\\doodlepad\\doodlepad\\clear\\_cacache\\tmp\\git-clone73Y0Sa\\node_modules\\@swc\\core-linux-arm-gnueabihf'
31 silly reify ]
32 verbose reify failed optional dependency C:\Users\sohar\OneDrive\Desktop\doodlepad\doodlepad\clear\_cacache\tmp\git-clone73Y0Sa\node_modules\@swc\core-darwin-x64
33 silly reify mark deleted [
33 silly reify   'C:\\Users\\sohar\\OneDrive\\Desktop\\doodlepad\\doodlepad\\clear\\_cacache\\tmp\\git-clone73Y0Sa\\node_modules\\@swc\\core-darwin-x64'
33 silly reify ]
34 verbose reify failed optional dependency C:\Users\sohar\OneDrive\Desktop\doodlepad\doodlepad\clear\_cacache\tmp\git-clone73Y0Sa\node_modules\@swc\core-darwin-arm64
35 silly reify mark deleted [
35 silly reify   'C:\\Users\\sohar\\OneDrive\\Desktop\\doodlepad\\doodlepad\\clear\\_cacache\\tmp\\git-clone73Y0Sa\\node_modules\\@swc\\core-darwin-arm64'
35 silly reify ]
36 http cache yocto-queue@http://registry.npmjs.org/yocto-queue/-/yocto-queue-0.1.0.tgz 3ms (cache hit)
37 http cache yn@http://registry.npmjs.org/yn/-/yn-3.1.1.tgz 0ms (cache hit)
38 http cache yargs-unparser@http://registry.npmjs.org/yargs-unparser/-/yargs-unparser-2.0.0.tgz 0ms (cache hit)
39 http cache is-plain-obj@http://registry.npmjs.org/is-plain-obj/-/is-plain-obj-2.1.0.tgz 0ms (cache hit)
40 http cache camelcase@http://registry.npmjs.org/camelcase/-/camelcase-6.3.0.tgz 0ms (cache hit)
41 http cache decamelize@http://registry.npmjs.org/decamelize/-/decamelize-4.0.0.tgz 0ms (cache hit)
42 http cache yargs-parser@http://registry.npmjs.org/yargs-parser/-/yargs-parser-21.1.1.tgz 0ms (cache hit)
43 http cache yargs@http://registry.npmjs.org/yargs/-/yargs-17.7.2.tgz 0ms (cache hit)
44 http cache is-fullwidth-code-point@http://registry.npmjs.org/is-fullwidth-code-point/-/is-fullwidth-code-point-3.0.0.tgz 0ms (cache hit)
45 http cache yaml@http://registry.npmjs.org/yaml/-/yaml-2.3.4.tgz 0ms (cache hit)
46 http cache emoji-regex@http://registry.npmjs.org/emoji-regex/-/emoji-regex-8.0.0.tgz 0ms (cache hit)
47 http cache string-width@http://registry.npmjs.org/string-width/-/string-width-4.2.3.tgz 0ms (cache hit)
48 http cache ansi-regex@http://registry.npmjs.org/ansi-regex/-/ansi-regex-6.0.1.tgz 0ms (cache hit)
49 http cache strip-ansi@http://registry.npmjs.org/strip-ansi/-/strip-ansi-7.1.0.tgz 0ms (cache hit)
50 http cache wrappy@http://registry.npmjs.org/wrappy/-/wrappy-1.0.2.tgz 0ms (cache hit)
51 http cache wrap-ansi@http://registry.npmjs.org/wrap-ansi/-/wrap-ansi-9.0.0.tgz 0ms (cache hit)
52 http cache y18n@http://registry.npmjs.org/y18n/-/y18n-5.0.8.tgz 0ms (cache hit)
53 http cache which-typed-array@http://registry.npmjs.org/which-typed-array/-/which-typed-array-1.1.13.tgz 0ms (cache hit)
54 http cache workerpool@http://registry.npmjs.org/workerpool/-/workerpool-6.2.1.tgz 0ms (cache hit)
55 http cache web-specs@http://registry.npmjs.org/web-specs/-/web-specs-2.75.1.tgz 0ms (cache hit)
56 http cache which@http://registry.npmjs.org/which/-/which-2.0.2.tgz 0ms (cache hit)
57 http cache which-boxed-primitive@http://registry.npmjs.org/which-boxed-primitive/-/which-boxed-primitive-1.0.2.tgz 0ms (cache hit)
58 http cache v8-compile-cache-lib@http://registry.npmjs.org/v8-compile-cache-lib/-/v8-compile-cache-lib-3.0.1.tgz 0ms (cache hit)
59 http cache v8-to-istanbul@http://registry.npmjs.org/v8-to-istanbul/-/v8-to-istanbul-9.1.3.tgz 0ms (cache hit)
60 http cache validate-npm-package-license@http://registry.npmjs.org/validate-npm-package-license/-/validate-npm-package-license-3.0.4.tgz 0ms (cache hit)
61 http cache uri-js@http://registry.npmjs.org/uri-js/-/uri-js-4.4.1.tgz 0ms (cache hit)
62 http cache util-deprecate@http://registry.npmjs.org/util-deprecate/-/util-deprecate-1.0.2.tgz 0ms (cache hit)
63 http cache unique-string@http://registry.npmjs.org/unique-string/-/unique-string-3.0.0.tgz 0ms (cache hit)
64 http cache undici-types@http://registry.npmjs.org/undici-types/-/undici-types-5.26.5.tgz 0ms (cache hit)
65 http cache untildify@http://registry.npmjs.org/untildify/-/untildify-4.0.0.tgz 0ms (cache hit)
66 http cache typescript@http://registry.npmjs.org/typescript/-/typescript-5.3.2.tgz 0ms (cache hit)
67 http cache typed-array-length@http://registry.npmjs.org/typed-array-length/-/typed-array-length-1.0.4.tgz 0ms (cache hit)
68 http cache unbox-primitive@http://registry.npmjs.org/unbox-primitive/-/unbox-primitive-1.0.2.tgz 0ms (cache hit)
69 http cache typed-array-buffer@http://registry.npmjs.org/typed-array-buffer/-/typed-array-buffer-1.0.0.tgz 0ms (cache hit)
70 http cache type-fest@http://registry.npmjs.org/type-fest/-/type-fest-1.4.0.tgz 0ms (cache hit)
71 http cache typed-array-byte-offset@http://registry.npmjs.org/typed-array-byte-offset/-/typed-array-byte-offset-1.0.0.tgz 0ms (cache hit)
72 http cache type-detect@http://registry.npmjs.org/type-detect/-/type-detect-4.0.8.tgz 0ms (cache hit)
73 http cache typed-array-byte-length@http://registry.npmjs.org/typed-array-byte-length/-/typed-array-byte-length-1.0.0.tgz 0ms (cache hit)
74 http cache type-check@http://registry.npmjs.org/type-check/-/type-check-0.4.0.tgz 0ms (cache hit)
75 http cache json5@http://registry.npmjs.org/json5/-/json5-1.0.2.tgz 0ms (cache hit)
76 http cache diff@http://registry.npmjs.org/diff/-/diff-4.0.2.tgz 0ms (cache hit)
77 http cache tsconfig-paths@http://registry.npmjs.org/tsconfig-paths/-/tsconfig-paths-3.14.2.tgz 0ms (cache hit)
78 http cache type@http://registry.npmjs.org/type/-/type-1.2.0.tgz 0ms (cache hit)
79 http cache escape-string-regexp@http://registry.npmjs.org/escape-string-regexp/-/escape-string-regexp-5.0.0.tgz 0ms (cache hit)
80 http cache trim-repeated@http://registry.npmjs.org/trim-repeated/-/trim-repeated-2.0.0.tgz 1ms (cache hit)
81 http cache ts-node@http://registry.npmjs.org/ts-node/-/ts-node-10.9.1.tgz 0ms (cache hit)
82 http cache trim-newlines@http://registry.npmjs.org/trim-newlines/-/trim-newlines-4.1.1.tgz 0ms (cache hit)
83 http cache token-types@http://registry.npmjs.org/token-types/-/token-types-5.0.1.tgz 0ms (cache hit)
84 http cache titleize@http://registry.npmjs.org/titleize/-/titleize-3.0.0.tgz 0ms (cache hit)
85 http cache ts-api-utils@http://registry.npmjs.org/ts-api-utils/-/ts-api-utils-1.0.3.tgz 0ms (cache hit)
86 http cache to-regex-range@http://registry.npmjs.org/to-regex-range/-/to-regex-range-5.0.1.tgz 0ms (cache hit)
87 http cache thenify-all@http://registry.npmjs.org/thenify-all/-/thenify-all-1.6.0.tgz 0ms (cache hit)
88 http cache timers-ext@http://registry.npmjs.org/timers-ext/-/timers-ext-0.1.7.tgz 0ms (cache hit)
89 http cache test-exclude@http://registry.npmjs.org/test-exclude/-/test-exclude-6.0.0.tgz 0ms (cache hit)
90 http cache tempy@http://registry.npmjs.org/tempy/-/tempy-3.1.0.tgz 0ms (cache hit)
91 http cache text-table@http://registry.npmjs.org/text-table/-/text-table-0.2.0.tgz 0ms (cache hit)
92 http cache thenify@http://registry.npmjs.org/thenify/-/thenify-3.3.1.tgz 0ms (cache hit)
93 http cache type-fest@http://registry.npmjs.org/type-fest/-/type-fest-2.19.0.tgz 0ms (cache hit)
94 http cache is-stream@http://registry.npmjs.org/is-stream/-/is-stream-3.0.0.tgz 0ms (cache hit)
95 http cache temp-dir@http://registry.npmjs.org/temp-dir/-/temp-dir-3.0.0.tgz 0ms (cache hit)
96 http cache supports-preserve-symlinks-flag@http://registry.npmjs.org/supports-preserve-symlinks-flag/-/supports-preserve-symlinks-flag-1.0.0.tgz 0ms (cache hit)
97 http cache tapable@http://registry.npmjs.org/tapable/-/tapable-2.2.1.tgz 0ms (cache hit)
98 http cache supports-color@http://registry.npmjs.org/supports-color/-/supports-color-7.2.0.tgz 0ms (cache hit)
99 http cache strip-outer@http://registry.npmjs.org/strip-outer/-/strip-outer-2.0.0.tgz 0ms (cache hit)
100 http cache strtok3@http://registry.npmjs.org/strtok3/-/strtok3-7.0.0.tgz 0ms (cache hit)
101 http cache strip-json-comments@http://registry.npmjs.org/strip-json-comments/-/strip-json-comments-3.1.1.tgz 0ms (cache hit)
102 http cache strip-final-newline@http://registry.npmjs.org/strip-final-newline/-/strip-final-newline-2.0.0.tgz 0ms (cache hit)
103 http cache strip-indent@http://registry.npmjs.org/strip-indent/-/strip-indent-3.0.0.tgz 0ms (cache hit)
104 http cache strip-ansi@http://registry.npmjs.org/strip-ansi/-/strip-ansi-6.0.1.tgz 0ms (cache hit)
105 http cache strip-eof@http://registry.npmjs.org/strip-eof/-/strip-eof-1.0.0.tgz 0ms (cache hit)
106 http cache strip-bom@http://registry.npmjs.org/strip-bom/-/strip-bom-3.0.0.tgz 1ms (cache hit)
107 http cache string.prototype.trimstart@http://registry.npmjs.org/string.prototype.trimstart/-/string.prototype.trimstart-1.0.7.tgz 0ms (cache hit)
108 http cache strip-ansi@http://registry.npmjs.org/strip-ansi/-/strip-ansi-7.1.0.tgz 0ms (cache hit)
109 http cache ansi-regex@http://registry.npmjs.org/ansi-regex/-/ansi-regex-6.0.1.tgz 0ms (cache hit)
110 http cache string-width@http://registry.npmjs.org/string-width/-/string-width-7.0.0.tgz 0ms (cache hit)
111 http cache string.prototype.trimend@http://registry.npmjs.org/string.prototype.trimend/-/string.prototype.trimend-1.0.7.tgz 0ms (cache hit)
112 http cache string.prototype.trim@http://registry.npmjs.org/string.prototype.trim/-/string.prototype.trim-1.2.8.tgz 0ms (cache hit)
113 http cache string-argv@http://registry.npmjs.org/string-argv/-/string-argv-0.3.2.tgz 0ms (cache hit)
114 http cache string_decoder@http://registry.npmjs.org/string_decoder/-/string_decoder-1.3.0.tgz 0ms (cache hit)
115 http cache spdx-license-ids@http://registry.npmjs.org/spdx-license-ids/-/spdx-license-ids-3.0.16.tgz 0ms (cache hit)
116 http cache stdin-discarder@http://registry.npmjs.org/stdin-discarder/-/stdin-discarder-0.1.0.tgz 0ms (cache hit)
117 http cache spdx-expression-parse@http://registry.npmjs.org/spdx-expression-parse/-/spdx-expression-parse-3.0.1.tgz 0ms (cache hit)
118 http cache spdx-exceptions@http://registry.npmjs.org/spdx-exceptions/-/spdx-exceptions-2.3.0.tgz 0ms (cache hit)
119 http cache spdx-correct@http://registry.npmjs.org/spdx-correct/-/spdx-correct-3.2.0.tgz 0ms (cache hit)
120 http cache source-map@http://registry.npmjs.org/source-map/-/source-map-0.7.4.tgz 0ms (cache hit)
121 http cache sort-keys-length@http://registry.npmjs.org/sort-keys-length/-/sort-keys-length-1.0.1.tgz 0ms (cache hit)
122 http cache slice-ansi@http://registry.npmjs.org/slice-ansi/-/slice-ansi-5.0.0.tgz 0ms (cache hit)
123 http cache sort-keys@http://registry.npmjs.org/sort-keys/-/sort-keys-1.1.2.tgz 0ms (cache hit)
124 http cache diff@http://registry.npmjs.org/diff/-/diff-5.1.0.tgz 0ms (cache hit)
125 http cache slash@http://registry.npmjs.org/slash/-/slash-3.0.0.tgz 0ms (cache hit)
126 http cache sinon@http://registry.npmjs.org/sinon/-/sinon-17.0.1.tgz 0ms (cache hit)
127 http cache signal-exit@http://registry.npmjs.org/signal-exit/-/signal-exit-3.0.7.tgz 0ms (cache hit)
128 http cache side-channel@http://registry.npmjs.org/side-channel/-/side-channel-1.0.4.tgz 0ms (cache hit)
129 http cache shebang-command@http://registry.npmjs.org/shebang-command/-/shebang-command-2.0.0.tgz 0ms (cache hit)
130 http cache shebang-regex@http://registry.npmjs.org/shebang-regex/-/shebang-regex-3.0.0.tgz 0ms (cache hit)
131 http cache set-function-name@http://registry.npmjs.org/set-function-name/-/set-function-name-2.0.1.tgz 0ms (cache hit)
132 http cache set-function-length@http://registry.npmjs.org/set-function-length/-/set-function-length-1.1.1.tgz 0ms (cache hit)
133 http cache serialize-javascript@http://registry.npmjs.org/serialize-javascript/-/serialize-javascript-6.0.0.tgz 0ms (cache hit)
134 http cache semver-regex@http://registry.npmjs.org/semver-regex/-/semver-regex-4.0.5.tgz 0ms (cache hit)
135 http cache semver-truncate@http://registry.npmjs.org/semver-truncate/-/semver-truncate-3.0.0.tgz 0ms (cache hit)
136 http cache semver@http://registry.npmjs.org/semver/-/semver-7.5.4.tgz 0ms (cache hit)
137 http cache lru-cache@http://registry.npmjs.org/lru-cache/-/lru-cache-6.0.0.tgz 0ms (cache hit)
138 http cache yallist@http://registry.npmjs.org/yallist/-/yallist-4.0.0.tgz 0ms (cache hit)
139 http cache semver@http://registry.npmjs.org/semver/-/semver-6.3.1.tgz 0ms (cache hit)
140 http cache run-parallel@http://registry.npmjs.org/run-parallel/-/run-parallel-1.2.0.tgz 0ms (cache hit)
141 http cache safe-array-concat@http://registry.npmjs.org/safe-array-concat/-/safe-array-concat-1.0.1.tgz 0ms (cache hit)
142 http cache safe-buffer@http://registry.npmjs.org/safe-buffer/-/safe-buffer-5.2.1.tgz 0ms (cache hit)
143 http cache run-applescript@http://registry.npmjs.org/run-applescript/-/run-applescript-5.0.0.tgz 0ms (cache hit)
144 http cache npm-run-path@http://registry.npmjs.org/npm-run-path/-/npm-run-path-4.0.1.tgz 0ms (cache hit)
145 http cache rimraf@http://registry.npmjs.org/rimraf/-/rimraf-3.0.2.tgz 0ms (cache hit)
146 http cache is-stream@http://registry.npmjs.org/is-stream/-/is-stream-2.0.1.tgz 0ms (cache hit)
147 http cache safe-regex-test@http://registry.npmjs.org/safe-regex-test/-/safe-regex-test-1.0.0.tgz 0ms (cache hit)
148 http cache rfdc@http://registry.npmjs.org/rfdc/-/rfdc-1.3.0.tgz 0ms (cache hit)
149 http cache get-stream@http://registry.npmjs.org/get-stream/-/get-stream-6.0.1.tgz 0ms (cache hit)
150 http cache reusify@http://registry.npmjs.org/reusify/-/reusify-1.0.4.tgz 0ms (cache hit)
151 http cache execa@http://registry.npmjs.org/execa/-/execa-5.1.1.tgz 0ms (cache hit)
152 http cache responselike@http://registry.npmjs.org/responselike/-/responselike-2.0.1.tgz 0ms (cache hit)
153 http cache resolve-pkg-maps@http://registry.npmjs.org/resolve-pkg-maps/-/resolve-pkg-maps-1.0.0.tgz 0ms (cache hit)
154 http cache restore-cursor@http://registry.npmjs.org/restore-cursor/-/restore-cursor-4.0.0.tgz 0ms (cache hit)
155 http cache resolve-from@http://registry.npmjs.org/resolve-from/-/resolve-from-4.0.0.tgz 0ms (cache hit)
156 http cache resolve-alpn@http://registry.npmjs.org/resolve-alpn/-/resolve-alpn-1.2.1.tgz 0ms (cache hit)
157 http cache require-from-string@http://registry.npmjs.org/require-from-string/-/require-from-string-2.0.2.tgz 0ms (cache hit)
158 http cache resolve@http://registry.npmjs.org/resolve/-/resolve-1.22.8.tgz 0ms (cache hit)
159 http cache require-directory@http://registry.npmjs.org/require-directory/-/require-directory-2.1.1.tgz 0ms (cache hit)
160 http cache jsesc@http://registry.npmjs.org/jsesc/-/jsesc-0.5.0.tgz 0ms (cache hit)
161 http cache regjsparser@http://registry.npmjs.org/regjsparser/-/regjsparser-0.10.0.tgz 0ms (cache hit)
162 http cache regexpp@http://registry.npmjs.org/regexpp/-/regexpp-3.2.0.tgz 0ms (cache hit)
163 http cache regexp.prototype.flags@http://registry.npmjs.org/regexp.prototype.flags/-/regexp.prototype.flags-1.5.1.tgz 0ms (cache hit)
164 http cache redent@http://registry.npmjs.org/redent/-/redent-4.0.0.tgz 0ms (cache hit)
165 http cache regexp-tree@http://registry.npmjs.org/regexp-tree/-/regexp-tree-0.1.27.tgz 0ms (cache hit)
166 http cache strip-indent@http://registry.npmjs.org/strip-indent/-/strip-indent-4.0.0.tgz 0ms (cache hit)
167 http cache readdirp@http://registry.npmjs.org/readdirp/-/readdirp-3.6.0.tgz 0ms (cache hit)
168 http cache type-fest@http://registry.npmjs.org/type-fest/-/type-fest-0.8.1.tgz 0ms (cache hit)
169 http cache indent-string@http://registry.npmjs.org/indent-string/-/indent-string-5.0.0.tgz 0ms (cache hit)
170 http cache p-locate@http://registry.npmjs.org/p-locate/-/p-locate-4.1.0.tgz 0ms (cache hit)
171 http cache p-limit@http://registry.npmjs.org/p-limit/-/p-limit-2.3.0.tgz 0ms (cache hit)
172 http cache find-up@http://registry.npmjs.org/find-up/-/find-up-4.1.0.tgz 0ms (cache hit)
173 http cache locate-path@http://registry.npmjs.org/locate-path/-/locate-path-5.0.0.tgz 0ms (cache hit)
174 http cache readable-stream@http://registry.npmjs.org/readable-stream/-/readable-stream-3.6.2.tgz 0ms (cache hit)
175 http cache picomatch@http://registry.npmjs.org/picomatch/-/picomatch-2.3.1.tgz 0ms (cache hit)
176 http cache readable-web-to-node-stream@http://registry.npmjs.org/readable-web-to-node-stream/-/readable-web-to-node-stream-3.0.2.tgz 0ms (cache hit)
177 http cache read-pkg-up@http://registry.npmjs.org/read-pkg-up/-/read-pkg-up-7.0.1.tgz 0ms (cache hit)
178 http cache read-pkg@http://registry.npmjs.org/read-pkg/-/read-pkg-5.2.0.tgz 0ms (cache hit)
179 http cache type-fest@http://registry.npmjs.org/type-fest/-/type-fest-0.6.0.tgz 0ms (cache hit)
180 http cache semver@http://registry.npmjs.org/semver/-/semver-5.7.2.tgz 0ms (cache hit)
181 http cache hosted-git-info@http://registry.npmjs.org/hosted-git-info/-/hosted-git-info-2.8.9.tgz 0ms (cache hit)
182 http cache randombytes@http://registry.npmjs.org/randombytes/-/randombytes-2.1.0.tgz 0ms (cache hit)
183 http cache quick-lru@http://registry.npmjs.org/quick-lru/-/quick-lru-5.1.1.tgz 0ms (cache hit)
184 http cache queue-microtask@http://registry.npmjs.org/queue-microtask/-/queue-microtask-1.2.3.tgz 0ms (cache hit)
185 http cache punycode@http://registry.npmjs.org/punycode/-/punycode-2.3.1.tgz 0ms (cache hit)
186 http cache normalize-package-data@http://registry.npmjs.org/normalize-package-data/-/normalize-package-data-2.5.0.tgz 0ms (cache hit)
187 http cache pump@http://registry.npmjs.org/pump/-/pump-3.0.0.tgz 0ms (cache hit)
188 http cache pseudomap@http://registry.npmjs.org/pseudomap/-/pseudomap-1.0.2.tgz 0ms (cache hit)
189 http cache prettier@http://registry.npmjs.org/prettier/-/prettier-3.1.0.tgz 0ms (cache hit)
190 http cache prelude-ls@http://registry.npmjs.org/prelude-ls/-/prelude-ls-1.2.1.tgz 0ms (cache hit)
191 http cache pluralize@http://registry.npmjs.org/pluralize/-/pluralize-8.0.0.tgz 0ms (cache hit)
192 http cache pidtree@http://registry.npmjs.org/pidtree/-/pidtree-0.6.0.tgz 0ms (cache hit)
193 http cache pify@http://registry.npmjs.org/pify/-/pify-2.3.0.tgz 0ms (cache hit)
194 http cache peek-readable@http://registry.npmjs.org/peek-readable/-/peek-readable-5.0.0.tgz 0ms (cache hit)
195 http cache path-type@http://registry.npmjs.org/path-type/-/path-type-4.0.0.tgz 0ms (cache hit)
196 http cache path-to-regexp@http://registry.npmjs.org/path-to-regexp/-/path-to-regexp-1.8.0.tgz 0ms (cache hit)
197 http cache isarray@http://registry.npmjs.org/isarray/-/isarray-0.0.1.tgz 0ms (cache hit)
198 http cache path-parse@http://registry.npmjs.org/path-parse/-/path-parse-1.0.7.tgz 0ms (cache hit)
199 http cache path-is-absolute@http://registry.npmjs.org/path-is-absolute/-/path-is-absolute-1.0.1.tgz 0ms (cache hit)
200 http cache parse-json@http://registry.npmjs.org/parse-json/-/parse-json-5.2.0.tgz 0ms (cache hit)
201 http cache path-exists@http://registry.npmjs.org/path-exists/-/path-exists-4.0.0.tgz 0ms (cache hit)
202 http cache path-key@http://registry.npmjs.org/path-key/-/path-key-3.1.1.tgz 0ms (cache hit)
203 http cache parent-module@http://registry.npmjs.org/parent-module/-/parent-module-1.0.1.tgz 0ms (cache hit)
204 http cache p-try@http://registry.npmjs.org/p-try/-/p-try-2.2.0.tgz 0ms (cache hit)
205 http cache p-locate@http://registry.npmjs.org/p-locate/-/p-locate-5.0.0.tgz 0ms (cache hit)
206 http cache p-limit@http://registry.npmjs.org/p-limit/-/p-limit-3.1.0.tgz 0ms (cache hit)
207 http cache p-finally@http://registry.npmjs.org/p-finally/-/p-finally-1.0.0.tgz 0ms (cache hit)
208 http cache strip-ansi@http://registry.npmjs.org/strip-ansi/-/strip-ansi-7.1.0.tgz 0ms (cache hit)
209 http cache p-cancelable@http://registry.npmjs.org/p-cancelable/-/p-cancelable-2.1.1.tgz 0ms (cache hit)
210 http cache os-filter-obj@http://registry.npmjs.org/os-filter-obj/-/os-filter-obj-2.0.0.tgz 0ms (cache hit)
211 http cache ora@http://registry.npmjs.org/ora/-/ora-7.0.1.tgz 0ms (cache hit)
212 http cache open-cli@http://registry.npmjs.org/open-cli/-/open-cli-7.2.0.tgz 0ms (cache hit)
213 http cache string-width@http://registry.npmjs.org/string-width/-/string-width-6.1.0.tgz 0ms (cache hit)
214 http cache optionator@http://registry.npmjs.org/optionator/-/optionator-0.9.3.tgz 0ms (cache hit)
215 http cache log-symbols@http://registry.npmjs.org/log-symbols/-/log-symbols-5.1.0.tgz 0ms (cache hit)
216 http cache get-stdin@http://registry.npmjs.org/get-stdin/-/get-stdin-9.0.0.tgz 0ms (cache hit)
217 http cache file-type@http://registry.npmjs.org/file-type/-/file-type-18.6.0.tgz 0ms (cache hit)
218 http cache ansi-regex@http://registry.npmjs.org/ansi-regex/-/ansi-regex-6.0.1.tgz 0ms (cache hit)
219 http cache is-unicode-supported@http://registry.npmjs.org/is-unicode-supported/-/is-unicode-supported-1.3.0.tgz 0ms (cache hit)
220 http cache open@http://registry.npmjs.org/open/-/open-9.1.0.tgz 0ms (cache hit)
221 http cache onetime@http://registry.npmjs.org/onetime/-/onetime-5.1.2.tgz 0ms (cache hit)
222 http cache once@http://registry.npmjs.org/once/-/once-1.4.0.tgz 0ms (cache hit)
223 http cache object.values@http://registry.npmjs.org/object.values/-/object.values-1.1.7.tgz 0ms (cache hit)
224 http cache object.groupby@http://registry.npmjs.org/object.groupby/-/object.groupby-1.0.1.tgz 0ms (cache hit)
225 http cache object.fromentries@http://registry.npmjs.org/object.fromentries/-/object.fromentries-2.0.7.tgz 0ms (cache hit)
226 http cache object.assign@http://registry.npmjs.org/object.assign/-/object.assign-4.1.4.tgz 0ms (cache hit)
227 http cache object-inspect@http://registry.npmjs.org/object-inspect/-/object-inspect-1.13.1.tgz 0ms (cache hit)
228 http cache path-key@http://registry.npmjs.org/path-key/-/path-key-2.0.1.tgz 0ms (cache hit)
229 http cache object-keys@http://registry.npmjs.org/object-keys/-/object-keys-1.1.1.tgz 0ms (cache hit)
230 http cache npm-run-path@http://registry.npmjs.org/npm-run-path/-/npm-run-path-2.0.2.tgz 0ms (cache hit)
231 http cache object-assign@http://registry.npmjs.org/object-assign/-/object-assign-4.1.1.tgz 0ms (cache hit)
232 http cache yallist@http://registry.npmjs.org/yallist/-/yallist-4.0.0.tgz 0ms (cache hit)
233 http cache normalize-url@http://registry.npmjs.org/normalize-url/-/normalize-url-6.1.0.tgz 0ms (cache hit)
234 http cache normalize-path@http://registry.npmjs.org/normalize-path/-/normalize-path-3.0.0.tgz 0ms (cache hit)
235 http cache normalize-package-data@http://registry.npmjs.org/normalize-package-data/-/normalize-package-data-4.0.1.tgz 0ms (cache hit)
236 http cache semver@http://registry.npmjs.org/semver/-/semver-7.5.4.tgz 0ms (cache hit)
237 http cache lru-cache@http://registry.npmjs.org/lru-cache/-/lru-cache-6.0.0.tgz 0ms (cache hit)
238 http cache next-tick@http://registry.npmjs.org/next-tick/-/next-tick-1.1.0.tgz 0ms (cache hit)
239 http cache @sinonjs/commons@http://registry.npmjs.org/@sinonjs/commons/-/commons-3.0.0.tgz 1ms (cache hit)
240 http cache @sinonjs/fake-timers@http://registry.npmjs.org/@sinonjs/fake-timers/-/fake-timers-10.3.0.tgz 0ms (cache hit)
241 http cache nise@http://registry.npmjs.org/nise/-/nise-5.1.5.tgz 0ms (cache hit)
242 http cache natural-compare@http://registry.npmjs.org/natural-compare/-/natural-compare-1.4.0.tgz 0ms (cache hit)
243 http cache @sinonjs/commons@http://registry.npmjs.org/@sinonjs/commons/-/commons-2.0.0.tgz 0ms (cache hit)
244 http cache mz@http://registry.npmjs.org/mz/-/mz-2.7.0.tgz 0ms (cache hit)
245 http cache nanoid@http://registry.npmjs.org/nanoid/-/nanoid-3.3.3.tgz 0ms (cache hit)
246 http cache ms@http://registry.npmjs.org/ms/-/ms-2.1.2.tgz 0ms (cache hit)
247 http cache yargs-parser@http://registry.npmjs.org/yargs-parser/-/yargs-parser-20.2.4.tgz 0ms (cache hit)
248 http cache mocha@http://registry.npmjs.org/mocha/-/mocha-10.2.0.tgz 0ms (cache hit)
249 http cache wrap-ansi@http://registry.npmjs.org/wrap-ansi/-/wrap-ansi-7.0.0.tgz 0ms (cache hit)
250 http cache supports-color@http://registry.npmjs.org/supports-color/-/supports-color-8.1.1.tgz 0ms (cache hit)
251 http cache yargs@http://registry.npmjs.org/yargs/-/yargs-16.2.0.tgz 0ms (cache hit)
252 http cache string-width@http://registry.npmjs.org/string-width/-/string-width-4.2.3.tgz 0ms (cache hit)
253 http cache brace-expansion@http://registry.npmjs.org/brace-expansion/-/brace-expansion-2.0.1.tgz 0ms (cache hit)
254 http cache ms@http://registry.npmjs.org/ms/-/ms-2.1.3.tgz 0ms (cache hit)
255 http cache minimatch@http://registry.npmjs.org/minimatch/-/minimatch-5.0.1.tgz 1ms (cache hit)
256 http cache is-fullwidth-code-point@http://registry.npmjs.org/is-fullwidth-code-point/-/is-fullwidth-code-point-3.0.0.tgz 0ms (cache hit)
257 http cache minimatch@http://registry.npmjs.org/minimatch/-/minimatch-3.1.2.tgz 0ms (cache hit)
258 http cache glob@http://registry.npmjs.org/glob/-/glob-7.2.0.tgz 0ms (cache hit)
259 http cache emoji-regex@http://registry.npmjs.org/emoji-regex/-/emoji-regex-8.0.0.tgz 0ms (cache hit)
260 http cache color-name@http://registry.npmjs.org/color-name/-/color-name-1.1.4.tgz 0ms (cache hit)
261 http cache mkdirp@http://registry.npmjs.org/mkdirp/-/mkdirp-1.0.4.tgz 0ms (cache hit)
262 http cache minimist-options@http://registry.npmjs.org/minimist-options/-/minimist-options-4.1.0.tgz 0ms (cache hit)
263 http cache color-convert@http://registry.npmjs.org/color-convert/-/color-convert-2.0.1.tgz 0ms (cache hit)
264 http cache minimist@http://registry.npmjs.org/minimist/-/minimist-1.2.8.tgz 0ms (cache hit)
265 http cache minimatch@http://registry.npmjs.org/minimatch/-/minimatch-3.1.2.tgz 0ms (cache hit)
266 http cache cliui@http://registry.npmjs.org/cliui/-/cliui-7.0.4.tgz 0ms (cache hit)
267 http cache ansi-styles@http://registry.npmjs.org/ansi-styles/-/ansi-styles-4.3.0.tgz 0ms (cache hit)
268 http cache mimic-response@http://registry.npmjs.org/mimic-response/-/mimic-response-1.0.1.tgz 0ms (cache hit)
269 http cache picomatch@http://registry.npmjs.org/picomatch/-/picomatch-2.3.1.tgz 0ms (cache hit)
270 http cache min-indent@http://registry.npmjs.org/min-indent/-/min-indent-1.0.1.tgz 0ms (cache hit)
271 http cache mime-db@http://registry.npmjs.org/mime-db/-/mime-db-1.52.0.tgz 0ms (cache hit)
272 http cache micromatch@http://registry.npmjs.org/micromatch/-/micromatch-4.0.5.tgz 0ms (cache hit)
273 http cache merge2@http://registry.npmjs.org/merge2/-/merge2-1.4.1.tgz 0ms (cache hit)
274 http cache mimic-fn@http://registry.npmjs.org/mimic-fn/-/mimic-fn-2.1.0.tgz 0ms (cache hit)
275 http cache yocto-queue@http://registry.npmjs.org/yocto-queue/-/yocto-queue-1.0.0.tgz 0ms (cache hit)
276 http cache meow@http://registry.npmjs.org/meow/-/meow-11.0.0.tgz 0ms (cache hit)
277 http cache merge-stream@http://registry.npmjs.org/merge-stream/-/merge-stream-2.0.0.tgz 0ms (cache hit)
278 http cache read-pkg-up@http://registry.npmjs.org/read-pkg-up/-/read-pkg-up-9.1.0.tgz 0ms (cache hit)
279 http cache type-fest@http://registry.npmjs.org/type-fest/-/type-fest-3.13.1.tgz 0ms (cache hit)
280 http cache yallist@http://registry.npmjs.org/yallist/-/yallist-4.0.0.tgz 0ms (cache hit)
281 http cache semver@http://registry.npmjs.org/semver/-/semver-7.5.4.tgz 1ms (cache hit)
282 http cache type-fest@http://registry.npmjs.org/type-fest/-/type-fest-2.19.0.tgz 0ms (cache hit)
283 http cache read-pkg@http://registry.npmjs.org/read-pkg/-/read-pkg-7.1.0.tgz 0ms (cache hit)
284 http cache path-exists@http://registry.npmjs.org/path-exists/-/path-exists-5.0.0.tgz 0ms (cache hit)
285 http cache p-locate@http://registry.npmjs.org/p-locate/-/p-locate-6.0.0.tgz 0ms (cache hit)
286 http cache p-limit@http://registry.npmjs.org/p-limit/-/p-limit-4.0.0.tgz 0ms (cache hit)
287 http cache type-fest@http://registry.npmjs.org/type-fest/-/type-fest-2.19.0.tgz 0ms (cache hit)
288 http cache lru-cache@http://registry.npmjs.org/lru-cache/-/lru-cache-6.0.0.tgz 0ms (cache hit)
289 http cache memoizee@http://registry.npmjs.org/memoizee/-/memoizee-0.4.15.tgz 0ms (cache hit)
290 http cache normalize-package-data@http://registry.npmjs.org/normalize-package-data/-/normalize-package-data-3.0.3.tgz 0ms (cache hit)
291 http cache make-error@http://registry.npmjs.org/make-error/-/make-error-1.3.6.tgz 0ms (cache hit)
292 http cache make-dir@http://registry.npmjs.org/make-dir/-/make-dir-4.0.0.tgz 0ms (cache hit)
293 http cache map-obj@http://registry.npmjs.org/map-obj/-/map-obj-4.3.0.tgz 1ms (cache hit)
294 http cache locate-path@http://registry.npmjs.org/locate-path/-/locate-path-7.2.0.tgz 0ms (cache hit)
295 http cache hosted-git-info@http://registry.npmjs.org/hosted-git-info/-/hosted-git-info-4.1.0.tgz 0ms (cache hit)
296 http cache find-up@http://registry.npmjs.org/find-up/-/find-up-6.3.0.tgz 0ms (cache hit)
297 http cache semver@http://registry.npmjs.org/semver/-/semver-7.5.4.tgz 0ms (cache hit)
298 http cache lru-cache@http://registry.npmjs.org/lru-cache/-/lru-cache-6.0.0.tgz 0ms (cache hit)
299 http cache strip-ansi@http://registry.npmjs.org/strip-ansi/-/strip-ansi-7.1.0.tgz 0ms (cache hit)
300 http cache yallist@http://registry.npmjs.org/yallist/-/yallist-4.0.0.tgz 0ms (cache hit)
301 http cache slice-ansi@http://registry.npmjs.org/slice-ansi/-/slice-ansi-7.1.0.tgz 0ms (cache hit)
302 http cache ansi-regex@http://registry.npmjs.org/ansi-regex/-/ansi-regex-6.0.1.tgz 0ms (cache hit)
303 http cache is-fullwidth-code-point@http://registry.npmjs.org/is-fullwidth-code-point/-/is-fullwidth-code-point-5.0.0.tgz 0ms (cache hit)
304 http cache lru-queue@http://registry.npmjs.org/lru-queue/-/lru-queue-0.1.0.tgz 0ms (cache hit)
305 http cache log-update@http://registry.npmjs.org/log-update/-/log-update-6.0.0.tgz 0ms (cache hit)
306 http cache log-symbols@http://registry.npmjs.org/log-symbols/-/log-symbols-4.1.0.tgz 0ms (cache hit)
307 http cache chalk@http://registry.npmjs.org/chalk/-/chalk-4.1.2.tgz 0ms (cache hit)
308 http cache color-convert@http://registry.npmjs.org/color-convert/-/color-convert-2.0.1.tgz 0ms (cache hit)
309 http cache color-name@http://registry.npmjs.org/color-name/-/color-name-1.1.4.tgz 0ms (cache hit)
310 http cache ansi-styles@http://registry.npmjs.org/ansi-styles/-/ansi-styles-4.3.0.tgz 0ms (cache hit)
311 http cache lodash.merge@http://registry.npmjs.org/lodash.merge/-/lodash.merge-4.6.2.tgz 0ms (cache hit)
312 http cache lodash.get@http://registry.npmjs.org/lodash.get/-/lodash.get-4.4.2.tgz 0ms (cache hit)
313 http cache locate-path@http://registry.npmjs.org/locate-path/-/locate-path-6.0.0.tgz 0ms (cache hit)
314 http cache strip-final-newline@http://registry.npmjs.org/strip-final-newline/-/strip-final-newline-3.0.0.tgz 0ms (cache hit)
315 http cache lowercase-keys@http://registry.npmjs.org/lowercase-keys/-/lowercase-keys-2.0.0.tgz 0ms (cache hit)
316 http cache listr2@http://registry.npmjs.org/listr2/-/listr2-8.0.0.tgz 0ms (cache hit)
317 http cache signal-exit@http://registry.npmjs.org/signal-exit/-/signal-exit-4.1.0.tgz 0ms (cache hit)
318 http cache lint-staged@http://registry.npmjs.org/lint-staged/-/lint-staged-15.2.0.tgz 0ms (cache hit)
319 http cache path-key@http://registry.npmjs.org/path-key/-/path-key-4.0.0.tgz 0ms (cache hit)
320 http cache onetime@http://registry.npmjs.org/onetime/-/onetime-6.0.0.tgz 0ms (cache hit)
321 http cache mimic-fn@http://registry.npmjs.org/mimic-fn/-/mimic-fn-4.0.0.tgz 0ms (cache hit)
322 http cache npm-run-path@http://registry.npmjs.org/npm-run-path/-/npm-run-path-5.1.0.tgz 0ms (cache hit)
323 http cache is-stream@http://registry.npmjs.org/is-stream/-/is-stream-3.0.0.tgz 0ms (cache hit)
324 http cache human-signals@http://registry.npmjs.org/human-signals/-/human-signals-5.0.0.tgz 0ms (cache hit)
325 http cache execa@http://registry.npmjs.org/execa/-/execa-8.0.1.tgz 0ms (cache hit)
326 http cache commander@http://registry.npmjs.org/commander/-/commander-11.1.0.tgz 0ms (cache hit)
327 http cache get-stream@http://registry.npmjs.org/get-stream/-/get-stream-8.0.1.tgz 0ms (cache hit)
328 http cache lines-and-columns@http://registry.npmjs.org/lines-and-columns/-/lines-and-columns-1.2.4.tgz 0ms (cache hit)
329 http cache lodash@http://registry.npmjs.org/lodash/-/lodash-4.17.21.tgz 0ms (cache hit)
330 http cache levn@http://registry.npmjs.org/levn/-/levn-0.4.1.tgz 0ms (cache hit)
331 http cache lilconfig@http://registry.npmjs.org/lilconfig/-/lilconfig-3.0.0.tgz 0ms (cache hit)
332 http cache keyv@http://registry.npmjs.org/keyv/-/keyv-4.5.4.tgz 0ms (cache hit)
333 http cache leven@http://registry.npmjs.org/leven/-/leven-3.1.0.tgz 0ms (cache hit)
334 http cache kind-of@http://registry.npmjs.org/kind-of/-/kind-of-6.0.3.tgz 0ms (cache hit)
335 http cache just-extend@http://registry.npmjs.org/just-extend/-/just-extend-4.2.1.tgz 0ms (cache hit)
336 http cache jsonpointer@http://registry.npmjs.org/jsonpointer/-/jsonpointer-5.0.1.tgz 0ms (cache hit)
337 http cache json-stable-stringify-without-jsonify@http://registry.npmjs.org/json-stable-stringify-without-jsonify/-/json-stable-stringify-without-jsonify-1.0.1.tgz 0ms (cache hit)
338 http cache prettier@http://registry.npmjs.org/prettier/-/prettier-2.8.8.tgz 0ms (cache hit)
339 http cache json-schema-to-typescript@http://registry.npmjs.org/json-schema-to-typescript/-/json-schema-to-typescript-13.1.1.tgz 0ms (cache hit)
340 http cache json-schema-traverse@http://registry.npmjs.org/json-schema-traverse/-/json-schema-traverse-1.0.0.tgz 0ms (cache hit)
341 http cache json-parse-even-better-errors@http://registry.npmjs.org/json-parse-even-better-errors/-/json-parse-even-better-errors-2.3.1.tgz 0ms (cache hit)
342 http cache json-buffer@http://registry.npmjs.org/json-buffer/-/json-buffer-3.0.1.tgz 0ms (cache hit)
343 http cache jsdoc-type-pratt-parser@http://registry.npmjs.org/jsdoc-type-pratt-parser/-/jsdoc-type-pratt-parser-4.0.0.tgz 0ms (cache hit)
344 http cache istanbul-reports@http://registry.npmjs.org/istanbul-reports/-/istanbul-reports-3.1.6.tgz 0ms (cache hit)
345 http cache istanbul-lib-report@http://registry.npmjs.org/istanbul-lib-report/-/istanbul-lib-report-3.0.1.tgz 0ms (cache hit)
346 http cache js-yaml@http://registry.npmjs.org/js-yaml/-/js-yaml-4.1.0.tgz 0ms (cache hit)
347 http cache isexe@http://registry.npmjs.org/isexe/-/isexe-2.0.0.tgz 0ms (cache hit)
348 http cache istanbul-lib-coverage@http://registry.npmjs.org/istanbul-lib-coverage/-/istanbul-lib-coverage-3.2.1.tgz 0ms (cache hit)
349 http cache isarray@http://registry.npmjs.org/isarray/-/isarray-2.0.5.tgz 0ms (cache hit)
350 http cache is-docker@http://registry.npmjs.org/is-docker/-/is-docker-2.2.1.tgz 0ms (cache hit)
351 http cache is-weakref@http://registry.npmjs.org/is-weakref/-/is-weakref-1.0.2.tgz 0ms (cache hit)
352 http cache is-unicode-supported@http://registry.npmjs.org/is-unicode-supported/-/is-unicode-supported-0.1.0.tgz 0ms (cache hit)
353 http cache is-typed-array@http://registry.npmjs.org/is-typed-array/-/is-typed-array-1.1.12.tgz 0ms (cache hit)
354 http cache is-wsl@http://registry.npmjs.org/is-wsl/-/is-wsl-2.2.0.tgz 0ms (cache hit)
355 http cache is-symbol@http://registry.npmjs.org/is-symbol/-/is-symbol-1.0.4.tgz 0ms (cache hit)
356 http cache is-string@http://registry.npmjs.org/is-string/-/is-string-1.0.7.tgz 0ms (cache hit)
357 http cache is-stream@http://registry.npmjs.org/is-stream/-/is-stream-1.1.0.tgz 0ms (cache hit)
358 http cache is-shared-array-buffer@http://registry.npmjs.org/is-shared-array-buffer/-/is-shared-array-buffer-1.0.2.tgz 0ms (cache hit)
359 http cache is-regex@http://registry.npmjs.org/is-regex/-/is-regex-1.1.4.tgz 0ms (cache hit)
360 http cache is-promise@http://registry.npmjs.org/is-promise/-/is-promise-2.2.2.tgz 0ms (cache hit)
361 http cache js-tokens@http://registry.npmjs.org/js-tokens/-/js-tokens-4.0.0.tgz 0ms (cache hit)
362 http cache is-plain-obj@http://registry.npmjs.org/is-plain-obj/-/is-plain-obj-1.1.0.tgz 0ms (cache hit)
363 http cache is-number-object@http://registry.npmjs.org/is-number-object/-/is-number-object-1.0.7.tgz 0ms (cache hit)
364 http cache is-number@http://registry.npmjs.org/is-number/-/is-number-7.0.0.tgz 0ms (cache hit)
365 http cache is-inside-container@http://registry.npmjs.org/is-inside-container/-/is-inside-container-1.0.0.tgz 0ms (cache hit)
366 http cache is-negative-zero@http://registry.npmjs.org/is-negative-zero/-/is-negative-zero-2.0.2.tgz 0ms (cache hit)
367 http cache is-fullwidth-code-point@http://registry.npmjs.org/is-fullwidth-code-point/-/is-fullwidth-code-point-4.0.0.tgz 0ms (cache hit)
368 http cache is-path-inside@http://registry.npmjs.org/is-path-inside/-/is-path-inside-3.0.3.tgz 0ms (cache hit)
369 http cache is-extglob@http://registry.npmjs.org/is-extglob/-/is-extglob-2.1.1.tgz 0ms (cache hit)
370 http cache is-docker@http://registry.npmjs.org/is-docker/-/is-docker-3.0.0.tgz 0ms (cache hit)
371 http cache is-glob@http://registry.npmjs.org/is-glob/-/is-glob-4.0.3.tgz 0ms (cache hit)
372 http cache is-date-object@http://registry.npmjs.org/is-date-object/-/is-date-object-1.0.5.tgz 0ms (cache hit)
373 http cache is-core-module@http://registry.npmjs.org/is-core-module/-/is-core-module-2.13.1.tgz 0ms (cache hit)
374 http cache is-callable@http://registry.npmjs.org/is-callable/-/is-callable-1.2.7.tgz 0ms (cache hit)
375 http cache is-boolean-object@http://registry.npmjs.org/is-boolean-object/-/is-boolean-object-1.1.2.tgz 0ms (cache hit)
376 http cache is-builtin-module@http://registry.npmjs.org/is-builtin-module/-/is-builtin-module-3.2.1.tgz 0ms (cache hit)
377 http cache is-arrayish@http://registry.npmjs.org/is-arrayish/-/is-arrayish-0.2.1.tgz 0ms (cache hit)
378 http cache is-binary-path@http://registry.npmjs.org/is-binary-path/-/is-binary-path-2.1.0.tgz 0ms (cache hit)
379 http cache is-array-buffer@http://registry.npmjs.org/is-array-buffer/-/is-array-buffer-3.0.2.tgz 0ms (cache hit)
380 http cache is-bigint@http://registry.npmjs.org/is-bigint/-/is-bigint-1.0.4.tgz 0ms (cache hit)
381 http cache internal-slot@http://registry.npmjs.org/internal-slot/-/internal-slot-1.0.6.tgz 0ms (cache hit)
382 http cache inherits@http://registry.npmjs.org/inherits/-/inherits-2.0.4.tgz 0ms (cache hit)
383 http cache indent-string@http://registry.npmjs.org/indent-string/-/indent-string-4.0.0.tgz 0ms (cache hit)
384 http cache inflight@http://registry.npmjs.org/inflight/-/inflight-1.0.6.tgz 0ms (cache hit)
385 http cache is-interactive@http://registry.npmjs.org/is-interactive/-/is-interactive-2.0.0.tgz 0ms (cache hit)
386 http cache ignore@http://registry.npmjs.org/ignore/-/ignore-5.2.4.tgz 0ms (cache hit)
387 http cache imurmurhash@http://registry.npmjs.org/imurmurhash/-/imurmurhash-0.1.4.tgz 0ms (cache hit)
388 http cache husky@http://registry.npmjs.org/husky/-/husky-8.0.3.tgz 0ms (cache hit)
389 http cache http-cache-semantics@http://registry.npmjs.org/http-cache-semantics/-/http-cache-semantics-4.1.1.tgz 0ms (cache hit)
390 http cache ieee754@http://registry.npmjs.org/ieee754/-/ieee754-1.2.1.tgz 0ms (cache hit)
391 http cache import-fresh@http://registry.npmjs.org/import-fresh/-/import-fresh-3.3.0.tgz 0ms (cache hit)
392 http cache human-signals@http://registry.npmjs.org/human-signals/-/human-signals-2.1.0.tgz 0ms (cache hit)
393 http cache http2-wrapper@http://registry.npmjs.org/http2-wrapper/-/http2-wrapper-1.0.3.tgz 0ms (cache hit)
394 http cache html-escaper@http://registry.npmjs.org/html-escaper/-/html-escaper-2.0.2.tgz 1ms (cache hit)
395 http cache lru-cache@http://registry.npmjs.org/lru-cache/-/lru-cache-7.18.3.tgz 0ms (cache hit)
396 http cache hosted-git-info@http://registry.npmjs.org/hosted-git-info/-/hosted-git-info-5.2.1.tgz 0ms (cache hit)
397 http cache he@http://registry.npmjs.org/he/-/he-1.2.0.tgz 0ms (cache hit)
398 http cache hasown@http://registry.npmjs.org/hasown/-/hasown-2.0.0.tgz 0ms (cache hit)
399 http cache has-tostringtag@http://registry.npmjs.org/has-tostringtag/-/has-tostringtag-1.0.0.tgz 0ms (cache hit)
400 http cache has-symbols@http://registry.npmjs.org/has-symbols/-/has-symbols-1.0.3.tgz 0ms (cache hit)
401 http cache has-proto@http://registry.npmjs.org/has-proto/-/has-proto-1.0.1.tgz 0ms (cache hit)
402 http cache has-flag@http://registry.npmjs.org/has-flag/-/has-flag-4.0.0.tgz 0ms (cache hit)
403 http cache has-property-descriptors@http://registry.npmjs.org/has-property-descriptors/-/has-property-descriptors-1.0.1.tgz 0ms (cache hit)
404 http cache graphemer@http://registry.npmjs.org/graphemer/-/graphemer-1.4.0.tgz 0ms (cache hit)
405 http cache has-bigints@http://registry.npmjs.org/has-bigints/-/has-bigints-1.0.2.tgz 0ms (cache hit)
406 http cache got@http://registry.npmjs.org/got/-/got-11.8.6.tgz 0ms (cache hit)
407 http cache hard-rejection@http://registry.npmjs.org/hard-rejection/-/hard-rejection-2.1.0.tgz 0ms (cache hit)
408 http cache graceful-fs@http://registry.npmjs.org/graceful-fs/-/graceful-fs-4.2.11.tgz 0ms (cache hit)
409 http cache globby@http://registry.npmjs.org/globby/-/globby-11.1.0.tgz 0ms (cache hit)
410 http cache gopd@http://registry.npmjs.org/gopd/-/gopd-1.0.1.tgz 0ms (cache hit)
411 http cache glob-promise@http://registry.npmjs.org/glob-promise/-/glob-promise-4.2.2.tgz 0ms (cache hit)
412 http cache globalthis@http://registry.npmjs.org/globalthis/-/globalthis-1.0.3.tgz 0ms (cache hit)
413 http cache glob@http://registry.npmjs.org/glob/-/glob-7.2.3.tgz 0ms (cache hit)
414 http cache get-tsconfig@http://registry.npmjs.org/get-tsconfig/-/get-tsconfig-4.7.2.tgz 0ms (cache hit)
415 http cache glob-parent@http://registry.npmjs.org/glob-parent/-/glob-parent-6.0.2.tgz 0ms (cache hit)
416 http cache get-stdin@http://registry.npmjs.org/get-stdin/-/get-stdin-8.0.0.tgz 0ms (cache hit)
417 http cache get-stream@http://registry.npmjs.org/get-stream/-/get-stream-3.0.0.tgz 0ms (cache hit)
418 http cache get-symbol-description@http://registry.npmjs.org/get-symbol-description/-/get-symbol-description-1.0.0.tgz 0ms (cache hit)
419 http cache get-intrinsic@http://registry.npmjs.org/get-intrinsic/-/get-intrinsic-1.2.2.tgz 0ms (cache hit)
420 http cache get-east-asian-width@http://registry.npmjs.org/get-east-asian-width/-/get-east-asian-width-1.2.0.tgz 0ms (cache hit)
421 http cache functions-have-names@http://registry.npmjs.org/functions-have-names/-/functions-have-names-1.2.3.tgz 0ms (cache hit)
422 http cache function.prototype.name@http://registry.npmjs.org/function.prototype.name/-/function.prototype.name-1.1.6.tgz 0ms (cache hit)
423 http cache function-bind@http://registry.npmjs.org/function-bind/-/function-bind-1.1.2.tgz 0ms (cache hit)
424 http cache fs.realpath@http://registry.npmjs.org/fs.realpath/-/fs.realpath-1.0.0.tgz 0ms (cache hit)
425 http cache foreground-child@http://registry.npmjs.org/foreground-child/-/foreground-child-2.0.0.tgz 0ms (cache hit)
426 http cache for-each@http://registry.npmjs.org/for-each/-/for-each-0.3.3.tgz 0ms (cache hit)
427 http cache flat-cache@http://registry.npmjs.org/flat-cache/-/flat-cache-3.1.1.tgz 0ms (cache hit)
428 http cache flatted@http://registry.npmjs.org/flatted/-/flatted-3.2.9.tgz 0ms (cache hit)
429 http cache flat@http://registry.npmjs.org/flat/-/flat-5.0.2.tgz 0ms (cache hit)
430 http cache find-versions@http://registry.npmjs.org/find-versions/-/find-versions-5.1.0.tgz 0ms (cache hit)
431 http cache find-up@http://registry.npmjs.org/find-up/-/find-up-5.0.0.tgz 0ms (cache hit)
432 http cache filenamify@http://registry.npmjs.org/filenamify/-/filenamify-5.1.1.tgz 0ms (cache hit)
433 http cache fill-range@http://registry.npmjs.org/fill-range/-/fill-range-7.0.1.tgz 0ms (cache hit)
434 http cache filename-reserved-regex@http://registry.npmjs.org/filename-reserved-regex/-/filename-reserved-regex-3.0.0.tgz 0ms (cache hit)
435 http cache file-entry-cache@http://registry.npmjs.org/file-entry-cache/-/file-entry-cache-6.0.1.tgz 0ms (cache hit)
436 http cache file-type@http://registry.npmjs.org/file-type/-/file-type-17.1.6.tgz 0ms (cache hit)
437 http cache fdir@http://registry.npmjs.org/fdir/-/fdir-6.1.1.tgz 0ms (cache hit)
438 http cache glob-parent@http://registry.npmjs.org/glob-parent/-/glob-parent-5.1.2.tgz 0ms (cache hit)
439 http cache fastq@http://registry.npmjs.org/fastq/-/fastq-1.15.0.tgz 0ms (cache hit)
440 http cache fast-levenshtein@http://registry.npmjs.org/fast-levenshtein/-/fast-levenshtein-2.0.6.tgz 0ms (cache hit)
441 http cache fast-json-stable-stringify@http://registry.npmjs.org/fast-json-stable-stringify/-/fast-json-stable-stringify-2.1.0.tgz 0ms (cache hit)
442 http cache fast-glob@http://registry.npmjs.org/fast-glob/-/fast-glob-3.3.2.tgz 0ms (cache hit)
443 http cache fast-deep-equal@http://registry.npmjs.org/fast-deep-equal/-/fast-deep-equal-3.1.3.tgz 0ms (cache hit)
444 http cache type@http://registry.npmjs.org/type/-/type-2.7.2.tgz 0ms (cache hit)
445 http cache ext-name@http://registry.npmjs.org/ext-name/-/ext-name-5.0.0.tgz 0ms (cache hit)
446 http cache ext@http://registry.npmjs.org/ext/-/ext-1.7.0.tgz 0ms (cache hit)
447 http cache executable@http://registry.npmjs.org/executable/-/executable-4.1.1.tgz 0ms (cache hit)
448 http cache ext-list@http://registry.npmjs.org/ext-list/-/ext-list-2.2.2.tgz 0ms (cache hit)
449 http cache execa@http://registry.npmjs.org/execa/-/execa-0.7.0.tgz 0ms (cache hit)
450 http cache yallist@http://registry.npmjs.org/yallist/-/yallist-2.1.2.tgz 0ms (cache hit)
451 http cache which@http://registry.npmjs.org/which/-/which-1.3.1.tgz 1ms (cache hit)
452 http cache shebang-regex@http://registry.npmjs.org/shebang-regex/-/shebang-regex-1.0.0.tgz 0ms (cache hit)
453 http cache shebang-command@http://registry.npmjs.org/shebang-command/-/shebang-command-1.2.0.tgz 0ms (cache hit)
454 http cache lru-cache@http://registry.npmjs.org/lru-cache/-/lru-cache-4.1.5.tgz 0ms (cache hit)
455 http cache cross-spawn@http://registry.npmjs.org/cross-spawn/-/cross-spawn-5.1.0.tgz 0ms (cache hit)
456 http cache eventemitter3@http://registry.npmjs.org/eventemitter3/-/eventemitter3-5.0.1.tgz 0ms (cache hit)
457 http cache esutils@http://registry.npmjs.org/esutils/-/esutils-2.0.3.tgz 0ms (cache hit)
458 http cache estraverse@http://registry.npmjs.org/estraverse/-/estraverse-5.3.0.tgz 0ms (cache hit)
459 http cache event-emitter@http://registry.npmjs.org/event-emitter/-/event-emitter-0.3.5.tgz 0ms (cache hit)
460 http cache esrecurse@http://registry.npmjs.org/esrecurse/-/esrecurse-4.3.0.tgz 0ms (cache hit)
461 http cache estraverse@http://registry.npmjs.org/estraverse/-/estraverse-4.3.0.tgz 0ms (cache hit)
462 http cache esquery@http://registry.npmjs.org/esquery/-/esquery-1.5.0.tgz 0ms (cache hit)
463 http cache espree@http://registry.npmjs.org/espree/-/espree-9.6.1.tgz 0ms (cache hit)
464 http cache estraverse@http://registry.npmjs.org/estraverse/-/estraverse-5.3.0.tgz 0ms (cache hit)
465 http cache get-caller-file@http://registry.npmjs.org/get-caller-file/-/get-caller-file-2.0.5.tgz 0ms (cache hit)
466 http cache eslint-visitor-keys@http://registry.npmjs.org/eslint-visitor-keys/-/eslint-visitor-keys-3.4.3.tgz 0ms (cache hit)
467 http cache eslint-visitor-keys@http://registry.npmjs.org/eslint-visitor-keys/-/eslint-visitor-keys-1.3.0.tgz 0ms (cache hit)
468 http cache eslint-scope@http://registry.npmjs.org/eslint-scope/-/eslint-scope-5.1.1.tgz 0ms (cache hit)
469 http cache yallist@http://registry.npmjs.org/yallist/-/yallist-4.0.0.tgz 0ms (cache hit)
470 http cache eslint-visitor-keys@http://registry.npmjs.org/eslint-visitor-keys/-/eslint-visitor-keys-2.1.0.tgz 0ms (cache hit)
471 http cache eslint-utils@http://registry.npmjs.org/eslint-utils/-/eslint-utils-2.1.0.tgz 0ms (cache hit)
472 http cache eslint-plugin-promise@http://registry.npmjs.org/eslint-plugin-promise/-/eslint-plugin-promise-6.1.1.tgz 0ms (cache hit)
473 http cache eslint-plugin-unicorn@http://registry.npmjs.org/eslint-plugin-unicorn/-/eslint-plugin-unicorn-49.0.0.tgz 0ms (cache hit)
474 http cache jsesc@http://registry.npmjs.org/jsesc/-/jsesc-3.0.2.tgz 0ms (cache hit)
475 http cache semver@http://registry.npmjs.org/semver/-/semver-7.5.4.tgz 0ms (cache hit)
476 http cache lru-cache@http://registry.npmjs.org/lru-cache/-/lru-cache-6.0.0.tgz 0ms (cache hit)
477 http cache yallist@http://registry.npmjs.org/yallist/-/yallist-4.0.0.tgz 0ms (cache hit)
478 http cache semver@http://registry.npmjs.org/semver/-/semver-7.5.4.tgz 0ms (cache hit)
479 http cache lru-cache@http://registry.npmjs.org/lru-cache/-/lru-cache-6.0.0.tgz 0ms (cache hit)
480 http cache eslint-plugin-prefer-arrow-functions@http://registry.npmjs.org/eslint-plugin-prefer-arrow-functions/-/eslint-plugin-prefer-arrow-functions-3.2.4.tgz 0ms (cache hit)
481 http cache doctrine@http://registry.npmjs.org/doctrine/-/doctrine-2.1.0.tgz 0ms (cache hit)
482 http cache eslint-plugin-node@http://registry.npmjs.org/eslint-plugin-node/-/eslint-plugin-node-11.1.0.tgz 0ms (cache hit)
483 http cache debug@http://registry.npmjs.org/debug/-/debug-3.2.7.tgz 0ms (cache hit)
484 http cache debug@http://registry.npmjs.org/debug/-/debug-3.2.7.tgz 0ms (cache hit)
485 http cache eslint-plugin-jsdoc@http://registry.npmjs.org/eslint-plugin-jsdoc/-/eslint-plugin-jsdoc-46.9.0.tgz 0ms (cache hit)
486 http cache debug@http://registry.npmjs.org/debug/-/debug-3.2.7.tgz 1ms (cache hit)
487 http cache eslint-plugin-import@http://registry.npmjs.org/eslint-plugin-import/-/eslint-plugin-import-2.29.0.tgz 0ms (cache hit)
488 http cache eslint-plugin-es@http://registry.npmjs.org/eslint-plugin-es/-/eslint-plugin-es-3.0.1.tgz 0ms (cache hit)
489 http cache eslint-module-utils@http://registry.npmjs.org/eslint-module-utils/-/eslint-module-utils-2.8.0.tgz 0ms (cache hit)
490 http cache eslint-import-resolver-typescript@http://registry.npmjs.org/eslint-import-resolver-typescript/-/eslint-import-resolver-typescript-3.6.1.tgz 0ms (cache hit)
491 http cache type-fest@http://registry.npmjs.org/type-fest/-/type-fest-0.20.2.tgz 0ms (cache hit)
492 http cache eslint-config-standard@http://registry.npmjs.org/eslint-config-standard/-/eslint-config-standard-17.1.0.tgz 0ms (cache hit)
493 http cache eslint@http://registry.npmjs.org/eslint/-/eslint-8.55.0.tgz 0ms (cache hit)
494 http cache globals@http://registry.npmjs.org/globals/-/globals-13.23.0.tgz 0ms (cache hit)
495 http cache json-schema-traverse@http://registry.npmjs.org/json-schema-traverse/-/json-schema-traverse-0.4.1.tgz 0ms (cache hit)
496 http cache eslint-import-resolver-node@http://registry.npmjs.org/eslint-import-resolver-node/-/eslint-import-resolver-node-0.3.9.tgz 0ms (cache hit)
497 http cache estraverse@http://registry.npmjs.org/estraverse/-/estraverse-5.3.0.tgz 0ms (cache hit)
498 http cache eslint-visitor-keys@http://registry.npmjs.org/eslint-visitor-keys/-/eslint-visitor-keys-3.4.3.tgz 0ms (cache hit)
499 http cache color-name@http://registry.npmjs.org/color-name/-/color-name-1.1.4.tgz 0ms (cache hit)
500 http cache color-convert@http://registry.npmjs.org/color-convert/-/color-convert-2.0.1.tgz 0ms (cache hit)
501 http cache chalk@http://registry.npmjs.org/chalk/-/chalk-4.1.2.tgz 0ms (cache hit)
502 http cache eslint-scope@http://registry.npmjs.org/eslint-scope/-/eslint-scope-7.2.2.tgz 0ms (cache hit)
503 http cache ajv@http://registry.npmjs.org/ajv/-/ajv-6.12.6.tgz 0ms (cache hit)
504 http cache escalade@http://registry.npmjs.org/escalade/-/escalade-3.1.1.tgz 0ms (cache hit)
505 http cache escape-string-regexp@http://registry.npmjs.org/escape-string-regexp/-/escape-string-regexp-4.0.0.tgz 0ms (cache hit)
506 http cache es6-weak-map@http://registry.npmjs.org/es6-weak-map/-/es6-weak-map-2.0.3.tgz 0ms (cache hit)
507 http cache es6-symbol@http://registry.npmjs.org/es6-symbol/-/es6-symbol-3.1.3.tgz 0ms (cache hit)
508 http cache es6-iterator@http://registry.npmjs.org/es6-iterator/-/es6-iterator-2.0.3.tgz 0ms (cache hit)
509 http cache es5-ext@http://registry.npmjs.org/es5-ext/-/es5-ext-0.10.62.tgz 0ms (cache hit)
510 http cache es-to-primitive@http://registry.npmjs.org/es-to-primitive/-/es-to-primitive-1.2.1.tgz 0ms (cache hit)
511 http cache es-shim-unscopables@http://registry.npmjs.org/es-shim-unscopables/-/es-shim-unscopables-1.0.2.tgz 0ms (cache hit)
512 http cache es-set-tostringtag@http://registry.npmjs.org/es-set-tostringtag/-/es-set-tostringtag-2.0.2.tgz 0ms (cache hit)
513 http cache ansi-styles@http://registry.npmjs.org/ansi-styles/-/ansi-styles-4.3.0.tgz 0ms (cache hit)
514 http cache es-main@http://registry.npmjs.org/es-main/-/es-main-1.3.0.tgz 0ms (cache hit)
515 http cache es-abstract@http://registry.npmjs.org/es-abstract/-/es-abstract-1.22.3.tgz 0ms (cache hit)
516 http cache error-ex@http://registry.npmjs.org/error-ex/-/error-ex-1.3.2.tgz 0ms (cache hit)
517 http cache enhanced-resolve@http://registry.npmjs.org/enhanced-resolve/-/enhanced-resolve-5.15.0.tgz 0ms (cache hit)
518 http cache emoji-regex@http://registry.npmjs.org/emoji-regex/-/emoji-regex-10.3.0.tgz 0ms (cache hit)
519 http cache doctrine@http://registry.npmjs.org/doctrine/-/doctrine-3.0.0.tgz 0ms (cache hit)
520 http cache eastasianwidth@http://registry.npmjs.org/eastasianwidth/-/eastasianwidth-0.2.0.tgz 0ms (cache hit)
521 http cache end-of-stream@http://registry.npmjs.org/end-of-stream/-/end-of-stream-1.4.4.tgz 0ms (cache hit)
522 http cache dir-glob@http://registry.npmjs.org/dir-glob/-/dir-glob-3.0.1.tgz 0ms (cache hit)
523 http cache diff@http://registry.npmjs.org/diff/-/diff-5.0.0.tgz 0ms (cache hit)
524 http cache define-properties@http://registry.npmjs.org/define-properties/-/define-properties-1.2.1.tgz 0ms (cache hit)
525 http cache define-lazy-prop@http://registry.npmjs.org/define-lazy-prop/-/define-lazy-prop-3.0.0.tgz 0ms (cache hit)
526 http cache defer-to-connect@http://registry.npmjs.org/defer-to-connect/-/defer-to-connect-2.0.1.tgz 0ms (cache hit)
527 http cache strip-final-newline@http://registry.npmjs.org/strip-final-newline/-/strip-final-newline-3.0.0.tgz 0ms (cache hit)
528 http cache define-data-property@http://registry.npmjs.org/define-data-property/-/define-data-property-1.1.1.tgz 0ms (cache hit)
529 http cache default-browser@http://registry.npmjs.org/default-browser/-/default-browser-4.0.0.tgz 0ms (cache hit)
530 http cache default-browser-id@http://registry.npmjs.org/default-browser-id/-/default-browser-id-3.0.0.tgz 0ms (cache hit)
531 http cache path-key@http://registry.npmjs.org/path-key/-/path-key-4.0.0.tgz 0ms (cache hit)
532 http cache onetime@http://registry.npmjs.org/onetime/-/onetime-6.0.0.tgz 0ms (cache hit)
533 http cache npm-run-path@http://registry.npmjs.org/npm-run-path/-/npm-run-path-5.1.0.tgz 0ms (cache hit)
534 http cache mimic-fn@http://registry.npmjs.org/mimic-fn/-/mimic-fn-4.0.0.tgz 0ms (cache hit)
535 http cache execa@http://registry.npmjs.org/execa/-/execa-7.2.0.tgz 0ms (cache hit)
536 http cache is-stream@http://registry.npmjs.org/is-stream/-/is-stream-3.0.0.tgz 0ms (cache hit)
537 http cache deep-is@http://registry.npmjs.org/deep-is/-/deep-is-0.1.4.tgz 0ms (cache hit)
538 http cache get-stream@http://registry.npmjs.org/get-stream/-/get-stream-6.0.1.tgz 0ms (cache hit)
539 http cache human-signals@http://registry.npmjs.org/human-signals/-/human-signals-4.3.1.tgz 0ms (cache hit)
540 http cache decompress-response@http://registry.npmjs.org/decompress-response/-/decompress-response-6.0.0.tgz 0ms (cache hit)
541 http cache map-obj@http://registry.npmjs.org/map-obj/-/map-obj-1.0.1.tgz 0ms (cache hit)
542 http cache decamelize@http://registry.npmjs.org/decamelize/-/decamelize-1.2.0.tgz 0ms (cache hit)
543 http cache decamelize-keys@http://registry.npmjs.org/decamelize-keys/-/decamelize-keys-1.1.1.tgz 0ms (cache hit)
544 http cache mimic-response@http://registry.npmjs.org/mimic-response/-/mimic-response-3.1.0.tgz 0ms (cache hit)
545 http cache decamelize@http://registry.npmjs.org/decamelize/-/decamelize-6.0.0.tgz 0ms (cache hit)
546 http cache debug@http://registry.npmjs.org/debug/-/debug-4.3.4.tgz 0ms (cache hit)
547 http cache d@http://registry.npmjs.org/d/-/d-1.0.1.tgz 0ms (cache hit)
548 http cache crypto-random-string@http://registry.npmjs.org/crypto-random-string/-/crypto-random-string-4.0.0.tgz 1ms (cache hit)
549 http cache deep-diff@http://registry.npmjs.org/deep-diff/-/deep-diff-1.0.2.tgz 0ms (cache hit)
550 http cache cross-spawn@http://registry.npmjs.org/cross-spawn/-/cross-spawn-7.0.3.tgz 0ms (cache hit)
551 http cache create-require@http://registry.npmjs.org/create-require/-/create-require-1.1.1.tgz 1ms (cache hit)
552 http cache content-disposition@http://registry.npmjs.org/content-disposition/-/content-disposition-0.5.4.tgz 0ms (cache hit)
553 http cache concat-map@http://registry.npmjs.org/concat-map/-/concat-map-0.0.1.tgz 0ms (cache hit)
554 http cache comment-parser@http://registry.npmjs.org/comment-parser/-/comment-parser-1.4.1.tgz 0ms (cache hit)
555 http cache commander@http://registry.npmjs.org/commander/-/commander-7.2.0.tgz 0ms (cache hit)
556 http cache convert-source-map@http://registry.npmjs.org/convert-source-map/-/convert-source-map-2.0.0.tgz 0ms (cache hit)
557 http cache colorette@http://registry.npmjs.org/colorette/-/colorette-2.0.20.tgz 0ms (cache hit)
558 http cache compare-versions@http://registry.npmjs.org/compare-versions/-/compare-versions-6.1.0.tgz 0ms (cache hit)
559 http cache color-name@http://registry.npmjs.org/color-name/-/color-name-1.1.3.tgz 0ms (cache hit)
560 http cache clone-response@http://registry.npmjs.org/clone-response/-/clone-response-1.0.3.tgz 0ms (cache hit)
561 http cache color-convert@http://registry.npmjs.org/color-convert/-/color-convert-1.9.3.tgz 0ms (cache hit)
562 http cache wrap-ansi@http://registry.npmjs.org/wrap-ansi/-/wrap-ansi-7.0.0.tgz 0ms (cache hit)
563 http cache cliui@http://registry.npmjs.org/cliui/-/cliui-8.0.1.tgz 0ms (cache hit)
564 http cache string-width@http://registry.npmjs.org/string-width/-/string-width-4.2.3.tgz 0ms (cache hit)
565 http cache is-fullwidth-code-point@http://registry.npmjs.org/is-fullwidth-code-point/-/is-fullwidth-code-point-3.0.0.tgz 0ms (cache hit)
566 http cache emoji-regex@http://registry.npmjs.org/emoji-regex/-/emoji-regex-8.0.0.tgz 0ms (cache hit)
567 http cache color-name@http://registry.npmjs.org/color-name/-/color-name-1.1.4.tgz 0ms (cache hit)
568 http cache cli-truncate@http://registry.npmjs.org/cli-truncate/-/cli-truncate-4.0.0.tgz 0ms (cache hit)
569 http cache color-convert@http://registry.npmjs.org/color-convert/-/color-convert-2.0.1.tgz 0ms (cache hit)
570 http cache ansi-styles@http://registry.npmjs.org/ansi-styles/-/ansi-styles-4.3.0.tgz 0ms (cache hit)
571 http cache cli-spinners@http://registry.npmjs.org/cli-spinners/-/cli-spinners-2.9.1.tgz 0ms (cache hit)
572 http cache cli-cursor@http://registry.npmjs.org/cli-cursor/-/cli-cursor-4.0.0.tgz 0ms (cache hit)
573 http cache cli-color@http://registry.npmjs.org/cli-color/-/cli-color-2.0.3.tgz 0ms (cache hit)
574 http cache clean-regexp@http://registry.npmjs.org/clean-regexp/-/clean-regexp-1.0.0.tgz 0ms (cache hit)
575 http cache glob-parent@http://registry.npmjs.org/glob-parent/-/glob-parent-5.1.2.tgz 0ms (cache hit)
576 http cache chokidar@http://registry.npmjs.org/chokidar/-/chokidar-3.5.3.tgz 0ms (cache hit)
577 http cache ci-info@http://registry.npmjs.org/ci-info/-/ci-info-3.9.0.tgz 0ms (cache hit)
578 http cache escape-string-regexp@http://registry.npmjs.org/escape-string-regexp/-/escape-string-regexp-1.0.5.tgz 0ms (cache hit)
579 http cache chalk@http://registry.npmjs.org/chalk/-/chalk-5.3.0.tgz 0ms (cache hit)
580 http cache chalk-template@http://registry.npmjs.org/chalk-template/-/chalk-template-1.1.0.tgz 0ms (cache hit)
581 http cache camelcase-keys@http://registry.npmjs.org/camelcase-keys/-/camelcase-keys-8.0.2.tgz 0ms (cache hit)
582 http cache quick-lru@http://registry.npmjs.org/quick-lru/-/quick-lru-6.1.2.tgz 0ms (cache hit)
583 http cache camelcase@http://registry.npmjs.org/camelcase/-/camelcase-7.0.1.tgz 0ms (cache hit)
584 http cache type-fest@http://registry.npmjs.org/type-fest/-/type-fest-2.19.0.tgz 0ms (cache hit)
585 http cache callsites@http://registry.npmjs.org/callsites/-/callsites-3.1.0.tgz 0ms (cache hit)
586 http cache call-bind@http://registry.npmjs.org/call-bind/-/call-bind-1.0.5.tgz 0ms (cache hit)
587 http cache cacheable-request@http://registry.npmjs.org/cacheable-request/-/cacheable-request-7.0.4.tgz 0ms (cache hit)
588 http cache call-me-maybe@http://registry.npmjs.org/call-me-maybe/-/call-me-maybe-1.0.2.tgz 0ms (cache hit)
589 http cache get-stream@http://registry.npmjs.org/get-stream/-/get-stream-5.2.0.tgz 0ms (cache hit)
590 http cache cacheable-lookup@http://registry.npmjs.org/cacheable-lookup/-/cacheable-lookup-5.0.4.tgz 0ms (cache hit)
591 http cache c8@http://registry.npmjs.org/c8/-/c8-8.0.1.tgz 0ms (cache hit)
592 http cache bundle-name@http://registry.npmjs.org/bundle-name/-/bundle-name-3.0.0.tgz 0ms (cache hit)
593 http cache buffer@http://registry.npmjs.org/buffer/-/buffer-6.0.3.tgz 0ms (cache hit)
594 http cache builtin-modules@http://registry.npmjs.org/builtin-modules/-/builtin-modules-3.3.0.tgz 0ms (cache hit)
595 http cache braces@http://registry.npmjs.org/braces/-/braces-3.0.2.tgz 0ms (cache hit)
596 http cache bplist-parser@http://registry.npmjs.org/bplist-parser/-/bplist-parser-0.2.0.tgz 0ms (cache hit)
597 http cache bl@http://registry.npmjs.org/bl/-/bl-5.1.0.tgz 0ms (cache hit)
598 http cache bin-version-check@http://registry.npmjs.org/bin-version-check/-/bin-version-check-5.1.0.tgz 0ms (cache hit)
599 http cache brace-expansion@http://registry.npmjs.org/brace-expansion/-/brace-expansion-1.1.11.tgz 0ms (cache hit)
600 http cache bin-version@http://registry.npmjs.org/bin-version/-/bin-version-6.0.0.tgz 0ms (cache hit)
601 http cache yallist@http://registry.npmjs.org/yallist/-/yallist-4.0.0.tgz 0ms (cache hit)
602 http cache binary-extensions@http://registry.npmjs.org/binary-extensions/-/binary-extensions-2.2.0.tgz 0ms (cache hit)
603 http cache browser-stdout@http://registry.npmjs.org/browser-stdout/-/browser-stdout-1.3.1.tgz 0ms (cache hit)
604 http cache lru-cache@http://registry.npmjs.org/lru-cache/-/lru-cache-6.0.0.tgz 0ms (cache hit)
605 http cache npm-run-path@http://registry.npmjs.org/npm-run-path/-/npm-run-path-4.0.1.tgz 0ms (cache hit)
606 http cache semver@http://registry.npmjs.org/semver/-/semver-7.5.4.tgz 0ms (cache hit)
607 http cache is-stream@http://registry.npmjs.org/is-stream/-/is-stream-2.0.1.tgz 0ms (cache hit)
608 http cache get-stream@http://registry.npmjs.org/get-stream/-/get-stream-6.0.1.tgz 1ms (cache hit)
609 http cache execa@http://registry.npmjs.org/execa/-/execa-5.1.1.tgz 0ms (cache hit)
610 http cache bin-check@http://registry.npmjs.org/bin-check/-/bin-check-4.1.0.tgz 0ms (cache hit)
611 http cache big-integer@http://registry.npmjs.org/big-integer/-/big-integer-1.6.51.tgz 0ms (cache hit)
612 http cache color-name@http://registry.npmjs.org/color-name/-/color-name-1.1.4.tgz 0ms (cache hit)
613 http cache base64-js@http://registry.npmjs.org/base64-js/-/base64-js-1.5.1.tgz 0ms (cache hit)
614 http cache color-convert@http://registry.npmjs.org/color-convert/-/color-convert-2.0.1.tgz 0ms (cache hit)
615 http cache ansi-styles@http://registry.npmjs.org/ansi-styles/-/ansi-styles-4.3.0.tgz 1ms (cache hit)
616 http cache chalk@http://registry.npmjs.org/chalk/-/chalk-4.1.2.tgz 0ms (cache hit)
617 http cache balanced-match@http://registry.npmjs.org/balanced-match/-/balanced-match-1.0.2.tgz 0ms (cache hit)
618 http cache available-typed-arrays@http://registry.npmjs.org/available-typed-arrays/-/available-typed-arrays-1.0.5.tgz 0ms (cache hit)
619 http cache arrify@http://registry.npmjs.org/arrify/-/arrify-1.0.1.tgz 0ms (cache hit)
620 http cache arraybuffer.prototype.slice@http://registry.npmjs.org/arraybuffer.prototype.slice/-/arraybuffer.prototype.slice-1.0.2.tgz 0ms (cache hit)
621 http cache array.prototype.flatmap@http://registry.npmjs.org/array.prototype.flatmap/-/array.prototype.flatmap-1.3.2.tgz 1ms (cache hit)
622 http cache array.prototype.flat@http://registry.npmjs.org/array.prototype.flat/-/array.prototype.flat-1.3.2.tgz 0ms (cache hit)
623 http cache array.prototype.findlastindex@http://registry.npmjs.org/array.prototype.findlastindex/-/array.prototype.findlastindex-1.2.3.tgz 0ms (cache hit)
624 http cache array-includes@http://registry.npmjs.org/array-includes/-/array-includes-3.1.7.tgz 0ms (cache hit)
625 http cache array-union@http://registry.npmjs.org/array-union/-/array-union-2.1.0.tgz 0ms (cache hit)
626 http cache arg@http://registry.npmjs.org/arg/-/arg-4.1.3.tgz 0ms (cache hit)
627 http cache array-buffer-byte-length@http://registry.npmjs.org/array-buffer-byte-length/-/array-buffer-byte-length-1.0.0.tgz 0ms (cache hit)
628 http cache argparse@http://registry.npmjs.org/argparse/-/argparse-2.0.1.tgz 0ms (cache hit)
629 http cache picomatch@http://registry.npmjs.org/picomatch/-/picomatch-2.3.1.tgz 0ms (cache hit)
630 http cache arch@http://registry.npmjs.org/arch/-/arch-2.2.0.tgz 0ms (cache hit)
631 http cache are-docs-informative@http://registry.npmjs.org/are-docs-informative/-/are-docs-informative-0.0.2.tgz 0ms (cache hit)
632 http cache any-promise@http://registry.npmjs.org/any-promise/-/any-promise-1.3.0.tgz 0ms (cache hit)
633 http cache better-ajv-errors@http://registry.npmjs.org/better-ajv-errors/-/better-ajv-errors-1.2.0.tgz 0ms (cache hit)
634 http cache type-fest@http://registry.npmjs.org/type-fest/-/type-fest-3.13.1.tgz 0ms (cache hit)
635 http cache anymatch@http://registry.npmjs.org/anymatch/-/anymatch-3.1.3.tgz 0ms (cache hit)
636 http cache ansi-regex@http://registry.npmjs.org/ansi-regex/-/ansi-regex-5.0.1.tgz 0ms (cache hit)
637 http cache ansi-escapes@http://registry.npmjs.org/ansi-escapes/-/ansi-escapes-6.2.0.tgz 0ms (cache hit)
638 http cache ansi-styles@http://registry.npmjs.org/ansi-styles/-/ansi-styles-6.2.1.tgz 0ms (cache hit)
639 http cache ajv-formats@http://registry.npmjs.org/ajv-formats/-/ajv-formats-2.1.1.tgz 0ms (cache hit)
640 http cache ajv-errors@http://registry.npmjs.org/ajv-errors/-/ajv-errors-3.0.0.tgz 0ms (cache hit)
641 http cache ansi-colors@http://registry.npmjs.org/ansi-colors/-/ansi-colors-4.1.1.tgz 0ms (cache hit)
642 http cache ajv@http://registry.npmjs.org/ajv/-/ajv-8.12.0.tgz 0ms (cache hit)
643 http cache @ungap/structured-clone@http://registry.npmjs.org/@ungap/structured-clone/-/structured-clone-1.2.0.tgz 0ms (cache hit)
644 http cache acorn-jsx@http://registry.npmjs.org/acorn-jsx/-/acorn-jsx-5.3.2.tgz 0ms (cache hit)
645 http cache acorn@http://registry.npmjs.org/acorn/-/acorn-8.11.2.tgz 0ms (cache hit)
646 http cache @typescript-eslint/utils@http://registry.npmjs.org/@typescript-eslint/utils/-/utils-6.13.2.tgz 0ms (cache hit)
647 http cache yallist@http://registry.npmjs.org/yallist/-/yallist-4.0.0.tgz 0ms (cache hit)
648 http cache acorn-walk@http://registry.npmjs.org/acorn-walk/-/acorn-walk-8.3.0.tgz 0ms (cache hit)
649 http cache semver@http://registry.npmjs.org/semver/-/semver-7.5.4.tgz 0ms (cache hit)
650 http cache lru-cache@http://registry.npmjs.org/lru-cache/-/lru-cache-6.0.0.tgz 0ms (cache hit)
651 http cache @typescript-eslint/visitor-keys@http://registry.npmjs.org/@typescript-eslint/visitor-keys/-/visitor-keys-6.13.2.tgz 0ms (cache hit)
652 http cache eslint-visitor-keys@http://registry.npmjs.org/eslint-visitor-keys/-/eslint-visitor-keys-3.4.3.tgz 0ms (cache hit)
653 http cache @typescript-eslint/type-utils@http://registry.npmjs.org/@typescript-eslint/type-utils/-/type-utils-6.13.2.tgz 0ms (cache hit)
654 http cache @typescript-eslint/typescript-estree@http://registry.npmjs.org/@typescript-eslint/typescript-estree/-/typescript-estree-6.13.2.tgz 0ms (cache hit)
655 http cache @typescript-eslint/types@http://registry.npmjs.org/@typescript-eslint/types/-/types-6.13.2.tgz 0ms (cache hit)
656 http cache yallist@http://registry.npmjs.org/yallist/-/yallist-4.0.0.tgz 0ms (cache hit)
657 http cache @typescript-eslint/scope-manager@http://registry.npmjs.org/@typescript-eslint/scope-manager/-/scope-manager-6.13.2.tgz 0ms (cache hit)
658 http cache @typescript-eslint/visitor-keys@http://registry.npmjs.org/@typescript-eslint/visitor-keys/-/visitor-keys-6.13.2.tgz 0ms (cache hit)
659 http cache @typescript-eslint/types@http://registry.npmjs.org/@typescript-eslint/types/-/types-6.13.2.tgz 0ms (cache hit)
660 http cache semver@http://registry.npmjs.org/semver/-/semver-7.5.4.tgz 0ms (cache hit)
661 http cache @typescript-eslint/parser@http://registry.npmjs.org/@typescript-eslint/parser/-/parser-6.13.2.tgz 0ms (cache hit)
662 http cache yallist@http://registry.npmjs.org/yallist/-/yallist-4.0.0.tgz 0ms (cache hit)
663 http cache semver@http://registry.npmjs.org/semver/-/semver-7.5.4.tgz 0ms (cache hit)
664 http cache eslint-visitor-keys@http://registry.npmjs.org/eslint-visitor-keys/-/eslint-visitor-keys-3.4.3.tgz 0ms (cache hit)
665 http cache lru-cache@http://registry.npmjs.org/lru-cache/-/lru-cache-6.0.0.tgz 0ms (cache hit)
666 http cache lru-cache@http://registry.npmjs.org/lru-cache/-/lru-cache-6.0.0.tgz 0ms (cache hit)
667 http cache @typescript-eslint/visitor-keys@http://registry.npmjs.org/@typescript-eslint/visitor-keys/-/visitor-keys-6.13.2.tgz 0ms (cache hit)
668 http cache eslint-visitor-keys@http://registry.npmjs.org/eslint-visitor-keys/-/eslint-visitor-keys-3.4.3.tgz 0ms (cache hit)
669 http cache @typescript-eslint/typescript-estree@http://registry.npmjs.org/@typescript-eslint/typescript-estree/-/typescript-estree-6.13.2.tgz 0ms (cache hit)
670 http cache @typescript-eslint/scope-manager@http://registry.npmjs.org/@typescript-eslint/scope-manager/-/scope-manager-6.13.2.tgz 0ms (cache hit)
671 http cache @typescript-eslint/eslint-plugin@http://registry.npmjs.org/@typescript-eslint/eslint-plugin/-/eslint-plugin-6.13.2.tgz 0ms (cache hit)
672 http cache @typescript-eslint/types@http://registry.npmjs.org/@typescript-eslint/types/-/types-6.13.2.tgz 1ms (cache hit)
673 http cache yallist@http://registry.npmjs.org/yallist/-/yallist-4.0.0.tgz 0ms (cache hit)
674 http cache semver@http://registry.npmjs.org/semver/-/semver-7.5.4.tgz 0ms (cache hit)
675 http cache lru-cache@http://registry.npmjs.org/lru-cache/-/lru-cache-6.0.0.tgz 1ms (cache hit)
676 http cache eslint-visitor-keys@http://registry.npmjs.org/eslint-visitor-keys/-/eslint-visitor-keys-3.4.3.tgz 0ms (cache hit)
677 http cache @types/yargs-parser@http://registry.npmjs.org/@types/yargs-parser/-/yargs-parser-21.0.2.tgz 0ms (cache hit)
678 http cache @typescript-eslint/types@http://registry.npmjs.org/@typescript-eslint/types/-/types-6.13.2.tgz 0ms (cache hit)
679 http cache @typescript-eslint/visitor-keys@http://registry.npmjs.org/@typescript-eslint/visitor-keys/-/visitor-keys-6.13.2.tgz 0ms (cache hit)
680 http cache @types/sinonjs__fake-timers@http://registry.npmjs.org/@types/sinonjs__fake-timers/-/sinonjs__fake-timers-8.1.4.tgz 0ms (cache hit)
681 http cache @typescript-eslint/scope-manager@http://registry.npmjs.org/@typescript-eslint/scope-manager/-/scope-manager-6.13.2.tgz 0ms (cache hit)
682 http cache @types/sinon@http://registry.npmjs.org/@types/sinon/-/sinon-17.0.2.tgz 0ms (cache hit)
683 http cache @types/semver@http://registry.npmjs.org/@types/semver/-/semver-7.5.6.tgz 0ms (cache hit)
684 http cache @types/yargs@http://registry.npmjs.org/@types/yargs/-/yargs-17.0.32.tgz 0ms (cache hit)
685 http cache @types/responselike@http://registry.npmjs.org/@types/responselike/-/responselike-1.0.2.tgz 0ms (cache hit)
686 http cache @types/prettier@http://registry.npmjs.org/@types/prettier/-/prettier-2.7.3.tgz 0ms (cache hit)
687 http cache @types/normalize-package-data@http://registry.npmjs.org/@types/normalize-package-data/-/normalize-package-data-2.4.3.tgz 1ms (cache hit)
688 http cache @types/node@http://registry.npmjs.org/@types/node/-/node-20.10.3.tgz 0ms (cache hit)
689 http cache @types/mocha@http://registry.npmjs.org/@types/mocha/-/mocha-10.0.6.tgz 0ms (cache hit)
690 http cache @types/minimist@http://registry.npmjs.org/@types/minimist/-/minimist-1.2.4.tgz 0ms (cache hit)
691 http cache @types/keyv@http://registry.npmjs.org/@types/keyv/-/keyv-3.1.4.tgz 0ms (cache hit)
692 http cache @types/lodash@http://registry.npmjs.org/@types/lodash/-/lodash-4.14.200.tgz 0ms (cache hit)
693 http cache @types/minimatch@http://registry.npmjs.org/@types/minimatch/-/minimatch-5.1.2.tgz 0ms (cache hit)
694 http cache @types/json5@http://registry.npmjs.org/@types/json5/-/json5-0.0.29.tgz 0ms (cache hit)
695 http cache @types/json-schema@http://registry.npmjs.org/@types/json-schema/-/json-schema-7.0.14.tgz 0ms (cache hit)
696 http cache @types/http-cache-semantics@http://registry.npmjs.org/@types/http-cache-semantics/-/http-cache-semantics-4.0.3.tgz 0ms (cache hit)
697 http cache @types/istanbul-lib-coverage@http://registry.npmjs.org/@types/istanbul-lib-coverage/-/istanbul-lib-coverage-2.0.5.tgz 0ms (cache hit)
698 http cache @tsconfig/node16@http://registry.npmjs.org/@tsconfig/node16/-/node16-1.0.4.tgz 0ms (cache hit)
699 http cache @tsconfig/node14@http://registry.npmjs.org/@tsconfig/node14/-/node14-1.0.3.tgz 0ms (cache hit)
700 http cache @types/glob@http://registry.npmjs.org/@types/glob/-/glob-7.2.0.tgz 0ms (cache hit)
701 http cache @types/deep-diff@http://registry.npmjs.org/@types/deep-diff/-/deep-diff-1.0.5.tgz 0ms (cache hit)
702 http cache @types/cacheable-request@http://registry.npmjs.org/@types/cacheable-request/-/cacheable-request-6.0.3.tgz 0ms (cache hit)
703 http cache @tsconfig/node10@http://registry.npmjs.org/@tsconfig/node10/-/node10-1.0.9.tgz 1ms (cache hit)
704 http cache @szmarczak/http-timer@http://registry.npmjs.org/@szmarczak/http-timer/-/http-timer-4.0.6.tgz 0ms (cache hit)
705 http cache @tokenizer/token@http://registry.npmjs.org/@tokenizer/token/-/token-0.3.0.tgz 0ms (cache hit)
706 http cache @swc/types@http://registry.npmjs.org/@swc/types/-/types-0.1.5.tgz 0ms (cache hit)
707 http cache yallist@http://registry.npmjs.org/yallist/-/yallist-4.0.0.tgz 0ms (cache hit)
708 http cache @swc/core-win32-x64-msvc@http://registry.npmjs.org/@swc/core-win32-x64-msvc/-/core-win32-x64-msvc-1.3.80.tgz 0ms (cache hit)
709 http cache @typescript-eslint/typescript-estree@http://registry.npmjs.org/@typescript-eslint/typescript-estree/-/typescript-estree-6.13.2.tgz 0ms (cache hit)
710 http cache @swc/core@http://registry.npmjs.org/@swc/core/-/core-1.3.80.tgz 0ms (cache hit)
711 http cache @swc/cli@http://registry.npmjs.org/@swc/cli/-/cli-0.1.63.tgz 1ms (cache hit)
712 http cache lru-cache@http://registry.npmjs.org/lru-cache/-/lru-cache-6.0.0.tgz 0ms (cache hit)
713 http cache @sinonjs/samsam@http://registry.npmjs.org/@sinonjs/samsam/-/samsam-8.0.0.tgz 0ms (cache hit)
714 http cache @sinonjs/text-encoding@http://registry.npmjs.org/@sinonjs/text-encoding/-/text-encoding-0.7.2.tgz 0ms (cache hit)
715 http cache @tsconfig/node12@http://registry.npmjs.org/@tsconfig/node12/-/node12-1.0.11.tgz 0ms (cache hit)
716 http cache semver@http://registry.npmjs.org/semver/-/semver-7.5.4.tgz 0ms (cache hit)
717 http cache @sinonjs/fake-timers@http://registry.npmjs.org/@sinonjs/fake-timers/-/fake-timers-11.2.2.tgz 0ms (cache hit)
718 http cache @sinonjs/commons@http://registry.npmjs.org/@sinonjs/commons/-/commons-2.0.0.tgz 0ms (cache hit)
719 http cache @sinonjs/commons@http://registry.npmjs.org/@sinonjs/commons/-/commons-3.0.0.tgz 0ms (cache hit)
720 http cache @nodelib/fs.walk@http://registry.npmjs.org/@nodelib/fs.walk/-/fs.walk-1.2.8.tgz 0ms (cache hit)
721 http cache @nodelib/fs.stat@http://registry.npmjs.org/@nodelib/fs.stat/-/fs.stat-2.0.5.tgz 0ms (cache hit)
722 http cache @nicolo-ribaudo/eslint-scope-5-internals@http://registry.npmjs.org/@nicolo-ribaudo/eslint-scope-5-internals/-/eslint-scope-5-internals-5.1.1-v1.tgz 0ms (cache hit)
723 http cache @nodelib/fs.scandir@http://registry.npmjs.org/@nodelib/fs.scandir/-/fs.scandir-2.1.5.tgz 0ms (cache hit)
724 http cache @sindresorhus/is@http://registry.npmjs.org/@sindresorhus/is/-/is-4.6.0.tgz 0ms (cache hit)
725 http cache @mole-inc/bin-wrapper@http://registry.npmjs.org/@mole-inc/bin-wrapper/-/bin-wrapper-8.0.1.tgz 0ms (cache hit)
726 http cache @jsdevtools/ono@http://registry.npmjs.org/@jsdevtools/ono/-/ono-7.1.3.tgz 0ms (cache hit)
727 http cache @jridgewell/trace-mapping@http://registry.npmjs.org/@jridgewell/trace-mapping/-/trace-mapping-0.3.20.tgz 0ms (cache hit)
728 http cache @jridgewell/resolve-uri@http://registry.npmjs.org/@jridgewell/resolve-uri/-/resolve-uri-3.1.1.tgz 0ms (cache hit)
729 http cache @jridgewell/sourcemap-codec@http://registry.npmjs.org/@jridgewell/sourcemap-codec/-/sourcemap-codec-1.4.15.tgz 0ms (cache hit)
730 http cache @istanbuljs/schema@http://registry.npmjs.org/@istanbuljs/schema/-/schema-0.1.3.tgz 0ms (cache hit)
731 http cache @humanwhocodes/momoa@http://registry.npmjs.org/@humanwhocodes/momoa/-/momoa-2.0.4.tgz 0ms (cache hit)
732 http cache @humanwhocodes/module-importer@http://registry.npmjs.org/@humanwhocodes/module-importer/-/module-importer-1.0.1.tgz 0ms (cache hit)
733 http cache @humanwhocodes/object-schema@http://registry.npmjs.org/@humanwhocodes/object-schema/-/object-schema-2.0.1.tgz 0ms (cache hit)
734 http cache @humanwhocodes/config-array@http://registry.npmjs.org/@humanwhocodes/config-array/-/config-array-0.11.13.tgz 0ms (cache hit)
735 http cache @eslint/js@http://registry.npmjs.org/@eslint/js/-/js-8.55.0.tgz 0ms (cache hit)
736 http cache @eslint/eslintrc@http://registry.npmjs.org/@eslint/eslintrc/-/eslintrc-2.1.4.tgz 0ms (cache hit)
737 http cache json-schema-traverse@http://registry.npmjs.org/json-schema-traverse/-/json-schema-traverse-0.4.1.tgz 0ms (cache hit)
738 http cache type-fest@http://registry.npmjs.org/type-fest/-/type-fest-0.20.2.tgz 0ms (cache hit)
739 http cache @eslint-community/regexpp@http://registry.npmjs.org/@eslint-community/regexpp/-/regexpp-4.10.0.tgz 0ms (cache hit)
740 http cache @eslint-community/eslint-utils@http://registry.npmjs.org/@eslint-community/eslint-utils/-/eslint-utils-4.4.0.tgz 0ms (cache hit)
741 http cache eslint-visitor-keys@http://registry.npmjs.org/eslint-visitor-keys/-/eslint-visitor-keys-3.4.3.tgz 0ms (cache hit)
742 http cache globals@http://registry.npmjs.org/globals/-/globals-13.23.0.tgz 0ms (cache hit)
743 http cache @es-joy/jsdoccomment@http://registry.npmjs.org/@es-joy/jsdoccomment/-/jsdoccomment-0.41.0.tgz 0ms (cache hit)
744 http cache ajv@http://registry.npmjs.org/ajv/-/ajv-6.12.6.tgz 0ms (cache hit)
745 http cache @cspotcode/source-map-support@http://registry.npmjs.org/@cspotcode/source-map-support/-/source-map-support-0.8.1.tgz 0ms (cache hit)
746 http cache @jridgewell/trace-mapping@http://registry.npmjs.org/@jridgewell/trace-mapping/-/trace-mapping-0.3.9.tgz 0ms (cache hit)
747 http cache @desertnet/html-parser@http://registry.npmjs.org/@desertnet/html-parser/-/html-parser-1.0.1.tgz 0ms (cache hit)
748 http cache @desertnet/scanner@http://registry.npmjs.org/@desertnet/scanner/-/scanner-1.1.1.tgz 0ms (cache hit)
749 http cache @babel/plugin-syntax-import-assertions@http://registry.npmjs.org/@babel/plugin-syntax-import-assertions/-/plugin-syntax-import-assertions-7.23.3.tgz 0ms (cache hit)
750 http cache @babel/highlight@http://registry.npmjs.org/@babel/highlight/-/highlight-7.22.20.tgz 0ms (cache hit)
751 http cache @bcherny/json-schema-ref-parser@http://registry.npmjs.org/@bcherny/json-schema-ref-parser/-/json-schema-ref-parser-10.0.5-fork.tgz 0ms (cache hit)
752 http cache @bcoe/v8-coverage@http://registry.npmjs.org/@bcoe/v8-coverage/-/v8-coverage-0.2.3.tgz 0ms (cache hit)
753 http cache supports-color@http://registry.npmjs.org/supports-color/-/supports-color-5.5.0.tgz 0ms (cache hit)
754 http cache has-flag@http://registry.npmjs.org/has-flag/-/has-flag-3.0.0.tgz 0ms (cache hit)
755 http cache chalk@http://registry.npmjs.org/chalk/-/chalk-2.4.2.tgz 0ms (cache hit)
756 http cache escape-string-regexp@http://registry.npmjs.org/escape-string-regexp/-/escape-string-regexp-1.0.5.tgz 0ms (cache hit)
757 http cache ansi-styles@http://registry.npmjs.org/ansi-styles/-/ansi-styles-3.2.1.tgz 0ms (cache hit)
758 http cache @babel/helper-plugin-utils@http://registry.npmjs.org/@babel/helper-plugin-utils/-/helper-plugin-utils-7.22.5.tgz 0ms (cache hit)
759 http cache @babel/code-frame@http://registry.npmjs.org/@babel/code-frame/-/code-frame-7.22.13.tgz 0ms (cache hit)
760 http cache @babel/eslint-parser@http://registry.npmjs.org/@babel/eslint-parser/-/eslint-parser-7.23.3.tgz 0ms (cache hit)
761 http cache @babel/helper-validator-identifier@http://registry.npmjs.org/@babel/helper-validator-identifier/-/helper-validator-identifier-7.22.20.tgz 0ms (cache hit)
762 http cache supports-color@http://registry.npmjs.org/supports-color/-/supports-color-5.5.0.tgz 0ms (cache hit)
763 http cache has-flag@http://registry.npmjs.org/has-flag/-/has-flag-3.0.0.tgz 0ms (cache hit)
764 http cache @aashutoshrathi/word-wrap@http://registry.npmjs.org/@aashutoshrathi/word-wrap/-/word-wrap-1.2.6.tgz 0ms (cache hit)
765 silly tarball no local data for yn@http://registry.npmjs.org/yn/-/yn-3.1.1.tgz. Extracting by manifest.
766 silly tarball no local data for yargs-unparser@http://registry.npmjs.org/yargs-unparser/-/yargs-unparser-2.0.0.tgz. Extracting by manifest.
767 silly tarball no local data for is-plain-obj@http://registry.npmjs.org/is-plain-obj/-/is-plain-obj-2.1.0.tgz. Extracting by manifest.
768 silly tarball no local data for camelcase@http://registry.npmjs.org/camelcase/-/camelcase-6.3.0.tgz. Extracting by manifest.
769 silly tarball no local data for decamelize@http://registry.npmjs.org/decamelize/-/decamelize-4.0.0.tgz. Extracting by manifest.
770 silly tarball no local data for yargs@http://registry.npmjs.org/yargs/-/yargs-17.7.2.tgz. Extracting by manifest.
771 silly tarball no local data for yaml@http://registry.npmjs.org/yaml/-/yaml-2.3.4.tgz. Extracting by manifest.
772 http cache escape-string-regexp@http://registry.npmjs.org/escape-string-regexp/-/escape-string-regexp-1.0.5.tgz 0ms (cache hit)
773 http cache chalk@http://registry.npmjs.org/chalk/-/chalk-2.4.2.tgz 1ms (cache hit)
774 http cache ansi-styles@http://registry.npmjs.org/ansi-styles/-/ansi-styles-3.2.1.tgz 0ms (cache hit)
775 silly tarball no local data for strip-ansi@http://registry.npmjs.org/strip-ansi/-/strip-ansi-7.1.0.tgz. Extracting by manifest.
776 silly tarball no local data for wrappy@http://registry.npmjs.org/wrappy/-/wrappy-1.0.2.tgz. Extracting by manifest.
777 silly tarball no local data for wrap-ansi@http://registry.npmjs.org/wrap-ansi/-/wrap-ansi-9.0.0.tgz. Extracting by manifest.
778 silly tarball no local data for which-typed-array@http://registry.npmjs.org/which-typed-array/-/which-typed-array-1.1.13.tgz. Extracting by manifest.
779 silly tarball no local data for workerpool@http://registry.npmjs.org/workerpool/-/workerpool-6.2.1.tgz. Extracting by manifest.
780 silly tarball no local data for web-specs@http://registry.npmjs.org/web-specs/-/web-specs-2.75.1.tgz. Extracting by manifest.
781 silly tarball no local data for which-boxed-primitive@http://registry.npmjs.org/which-boxed-primitive/-/which-boxed-primitive-1.0.2.tgz. Extracting by manifest.
782 silly tarball no local data for v8-to-istanbul@http://registry.npmjs.org/v8-to-istanbul/-/v8-to-istanbul-9.1.3.tgz. Extracting by manifest.
783 silly tarball no local data for v8-compile-cache-lib@http://registry.npmjs.org/v8-compile-cache-lib/-/v8-compile-cache-lib-3.0.1.tgz. Extracting by manifest.
784 silly tarball no local data for uri-js@http://registry.npmjs.org/uri-js/-/uri-js-4.4.1.tgz. Extracting by manifest.
785 silly tarball no local data for util-deprecate@http://registry.npmjs.org/util-deprecate/-/util-deprecate-1.0.2.tgz. Extracting by manifest.
786 silly tarball no local data for unique-string@http://registry.npmjs.org/unique-string/-/unique-string-3.0.0.tgz. Extracting by manifest.
787 silly tarball no local data for undici-types@http://registry.npmjs.org/undici-types/-/undici-types-5.26.5.tgz. Extracting by manifest.
788 silly tarball no local data for untildify@http://registry.npmjs.org/untildify/-/untildify-4.0.0.tgz. Extracting by manifest.
789 silly tarball no local data for typescript@http://registry.npmjs.org/typescript/-/typescript-5.3.2.tgz. Extracting by manifest.
790 silly tarball no local data for typed-array-length@http://registry.npmjs.org/typed-array-length/-/typed-array-length-1.0.4.tgz. Extracting by manifest.
791 silly tarball no local data for unbox-primitive@http://registry.npmjs.org/unbox-primitive/-/unbox-primitive-1.0.2.tgz. Extracting by manifest.
792 silly tarball no local data for typed-array-buffer@http://registry.npmjs.org/typed-array-buffer/-/typed-array-buffer-1.0.0.tgz. Extracting by manifest.
793 silly tarball no local data for type-fest@http://registry.npmjs.org/type-fest/-/type-fest-1.4.0.tgz. Extracting by manifest.
794 silly tarball no local data for typed-array-byte-offset@http://registry.npmjs.org/typed-array-byte-offset/-/typed-array-byte-offset-1.0.0.tgz. Extracting by manifest.
795 silly tarball no local data for type-detect@http://registry.npmjs.org/type-detect/-/type-detect-4.0.8.tgz. Extracting by manifest.
796 silly tarball no local data for typed-array-byte-length@http://registry.npmjs.org/typed-array-byte-length/-/typed-array-byte-length-1.0.0.tgz. Extracting by manifest.
797 silly tarball no local data for json5@http://registry.npmjs.org/json5/-/json5-1.0.2.tgz. Extracting by manifest.
798 silly tarball no local data for diff@http://registry.npmjs.org/diff/-/diff-4.0.2.tgz. Extracting by manifest.
799 silly tarball no local data for tsconfig-paths@http://registry.npmjs.org/tsconfig-paths/-/tsconfig-paths-3.14.2.tgz. Extracting by manifest.
800 silly tarball no local data for type@http://registry.npmjs.org/type/-/type-1.2.0.tgz. Extracting by manifest.
801 silly tarball no local data for trim-repeated@http://registry.npmjs.org/trim-repeated/-/trim-repeated-2.0.0.tgz. Extracting by manifest.
802 silly tarball no local data for ts-node@http://registry.npmjs.org/ts-node/-/ts-node-10.9.1.tgz. Extracting by manifest.
803 silly tarball no local data for trim-newlines@http://registry.npmjs.org/trim-newlines/-/trim-newlines-4.1.1.tgz. Extracting by manifest.
804 silly tarball no local data for token-types@http://registry.npmjs.org/token-types/-/token-types-5.0.1.tgz. Extracting by manifest.
805 silly tarball no local data for titleize@http://registry.npmjs.org/titleize/-/titleize-3.0.0.tgz. Extracting by manifest.
806 silly tarball no local data for ts-api-utils@http://registry.npmjs.org/ts-api-utils/-/ts-api-utils-1.0.3.tgz. Extracting by manifest.
807 silly tarball no local data for thenify-all@http://registry.npmjs.org/thenify-all/-/thenify-all-1.6.0.tgz. Extracting by manifest.
808 silly tarball no local data for timers-ext@http://registry.npmjs.org/timers-ext/-/timers-ext-0.1.7.tgz. Extracting by manifest.
809 silly tarball no local data for test-exclude@http://registry.npmjs.org/test-exclude/-/test-exclude-6.0.0.tgz. Extracting by manifest.
810 silly tarball no local data for tempy@http://registry.npmjs.org/tempy/-/tempy-3.1.0.tgz. Extracting by manifest.
811 silly tarball no local data for text-table@http://registry.npmjs.org/text-table/-/text-table-0.2.0.tgz. Extracting by manifest.
812 silly tarball no local data for thenify@http://registry.npmjs.org/thenify/-/thenify-3.3.1.tgz. Extracting by manifest.
813 silly tarball no local data for type-fest@http://registry.npmjs.org/type-fest/-/type-fest-2.19.0.tgz. Extracting by manifest.
814 silly tarball no local data for supports-preserve-symlinks-flag@http://registry.npmjs.org/supports-preserve-symlinks-flag/-/supports-preserve-symlinks-flag-1.0.0.tgz. Extracting by manifest.
815 silly tarball no local data for tapable@http://registry.npmjs.org/tapable/-/tapable-2.2.1.tgz. Extracting by manifest.
816 silly tarball no local data for supports-color@http://registry.npmjs.org/supports-color/-/supports-color-7.2.0.tgz. Extracting by manifest.
817 silly tarball no local data for strip-outer@http://registry.npmjs.org/strip-outer/-/strip-outer-2.0.0.tgz. Extracting by manifest.
818 silly tarball no local data for strtok3@http://registry.npmjs.org/strtok3/-/strtok3-7.0.0.tgz. Extracting by manifest.
819 silly tarball no local data for strip-final-newline@http://registry.npmjs.org/strip-final-newline/-/strip-final-newline-2.0.0.tgz. Extracting by manifest.
820 silly tarball no local data for strip-eof@http://registry.npmjs.org/strip-eof/-/strip-eof-1.0.0.tgz. Extracting by manifest.
821 silly tarball no local data for strip-bom@http://registry.npmjs.org/strip-bom/-/strip-bom-3.0.0.tgz. Extracting by manifest.
822 silly tarball no local data for string.prototype.trimstart@http://registry.npmjs.org/string.prototype.trimstart/-/string.prototype.trimstart-1.0.7.tgz. Extracting by manifest.
823 silly tarball no local data for strip-ansi@http://registry.npmjs.org/strip-ansi/-/strip-ansi-7.1.0.tgz. Extracting by manifest.
824 silly tarball no local data for string-width@http://registry.npmjs.org/string-width/-/string-width-7.0.0.tgz. Extracting by manifest.
825 silly tarball no local data for string.prototype.trimend@http://registry.npmjs.org/string.prototype.trimend/-/string.prototype.trimend-1.0.7.tgz. Extracting by manifest.
826 silly tarball no local data for string.prototype.trim@http://registry.npmjs.org/string.prototype.trim/-/string.prototype.trim-1.2.8.tgz. Extracting by manifest.
827 silly tarball no local data for string-argv@http://registry.npmjs.org/string-argv/-/string-argv-0.3.2.tgz. Extracting by manifest.
828 silly tarball no local data for string_decoder@http://registry.npmjs.org/string_decoder/-/string_decoder-1.3.0.tgz. Extracting by manifest.
829 silly tarball no local data for spdx-license-ids@http://registry.npmjs.org/spdx-license-ids/-/spdx-license-ids-3.0.16.tgz. Extracting by manifest.
830 silly tarball no local data for stdin-discarder@http://registry.npmjs.org/stdin-discarder/-/stdin-discarder-0.1.0.tgz. Extracting by manifest.
831 silly tarball no local data for spdx-exceptions@http://registry.npmjs.org/spdx-exceptions/-/spdx-exceptions-2.3.0.tgz. Extracting by manifest.
832 silly tarball no local data for spdx-correct@http://registry.npmjs.org/spdx-correct/-/spdx-correct-3.2.0.tgz. Extracting by manifest.
833 silly tarball no local data for source-map@http://registry.npmjs.org/source-map/-/source-map-0.7.4.tgz. Extracting by manifest.
834 silly tarball no local data for sort-keys-length@http://registry.npmjs.org/sort-keys-length/-/sort-keys-length-1.0.1.tgz. Extracting by manifest.
835 silly tarball no local data for sort-keys@http://registry.npmjs.org/sort-keys/-/sort-keys-1.1.2.tgz. Extracting by manifest.
836 silly tarball no local data for diff@http://registry.npmjs.org/diff/-/diff-5.1.0.tgz. Extracting by manifest.
837 silly tarball no local data for sinon@http://registry.npmjs.org/sinon/-/sinon-17.0.1.tgz. Extracting by manifest.
838 silly tarball no local data for side-channel@http://registry.npmjs.org/side-channel/-/side-channel-1.0.4.tgz. Extracting by manifest.
839 silly tarball no local data for set-function-name@http://registry.npmjs.org/set-function-name/-/set-function-name-2.0.1.tgz. Extracting by manifest.
840 silly tarball no local data for set-function-length@http://registry.npmjs.org/set-function-length/-/set-function-length-1.1.1.tgz. Extracting by manifest.
841 silly tarball no local data for serialize-javascript@http://registry.npmjs.org/serialize-javascript/-/serialize-javascript-6.0.0.tgz. Extracting by manifest.
842 silly tarball no local data for semver-regex@http://registry.npmjs.org/semver-regex/-/semver-regex-4.0.5.tgz. Extracting by manifest.
843 silly tarball no local data for semver-truncate@http://registry.npmjs.org/semver-truncate/-/semver-truncate-3.0.0.tgz. Extracting by manifest.
844 silly tarball no local data for semver@http://registry.npmjs.org/semver/-/semver-7.5.4.tgz. Extracting by manifest.
845 silly tarball no local data for semver@http://registry.npmjs.org/semver/-/semver-6.3.1.tgz. Extracting by manifest.
846 silly tarball no local data for run-parallel@http://registry.npmjs.org/run-parallel/-/run-parallel-1.2.0.tgz. Extracting by manifest.
847 silly tarball no local data for safe-array-concat@http://registry.npmjs.org/safe-array-concat/-/safe-array-concat-1.0.1.tgz. Extracting by manifest.
848 silly tarball no local data for safe-buffer@http://registry.npmjs.org/safe-buffer/-/safe-buffer-5.2.1.tgz. Extracting by manifest.
849 silly tarball no local data for run-applescript@http://registry.npmjs.org/run-applescript/-/run-applescript-5.0.0.tgz. Extracting by manifest.
850 silly tarball no local data for npm-run-path@http://registry.npmjs.org/npm-run-path/-/npm-run-path-4.0.1.tgz. Extracting by manifest.
851 silly tarball no local data for is-stream@http://registry.npmjs.org/is-stream/-/is-stream-2.0.1.tgz. Extracting by manifest.
852 silly tarball no local data for safe-regex-test@http://registry.npmjs.org/safe-regex-test/-/safe-regex-test-1.0.0.tgz. Extracting by manifest.
853 silly tarball no local data for execa@http://registry.npmjs.org/execa/-/execa-5.1.1.tgz. Extracting by manifest.
854 silly tarball no local data for resolve-pkg-maps@http://registry.npmjs.org/resolve-pkg-maps/-/resolve-pkg-maps-1.0.0.tgz. Extracting by manifest.
855 silly tarball no local data for restore-cursor@http://registry.npmjs.org/restore-cursor/-/restore-cursor-4.0.0.tgz. Extracting by manifest.
856 silly tarball no local data for resolve@http://registry.npmjs.org/resolve/-/resolve-1.22.8.tgz. Extracting by manifest.
857 silly tarball no local data for jsesc@http://registry.npmjs.org/jsesc/-/jsesc-0.5.0.tgz. Extracting by manifest.
858 silly tarball no local data for regjsparser@http://registry.npmjs.org/regjsparser/-/regjsparser-0.10.0.tgz. Extracting by manifest.
859 silly tarball no local data for regexp.prototype.flags@http://registry.npmjs.org/regexp.prototype.flags/-/regexp.prototype.flags-1.5.1.tgz. Extracting by manifest.
860 silly tarball no local data for redent@http://registry.npmjs.org/redent/-/redent-4.0.0.tgz. Extracting by manifest.
861 silly tarball no local data for regexp-tree@http://registry.npmjs.org/regexp-tree/-/regexp-tree-0.1.27.tgz. Extracting by manifest.
862 silly tarball no local data for strip-indent@http://registry.npmjs.org/strip-indent/-/strip-indent-4.0.0.tgz. Extracting by manifest.
863 silly tarball no local data for readable-stream@http://registry.npmjs.org/readable-stream/-/readable-stream-3.6.2.tgz. Extracting by manifest.
864 silly tarball no local data for readable-web-to-node-stream@http://registry.npmjs.org/readable-web-to-node-stream/-/readable-web-to-node-stream-3.0.2.tgz. Extracting by manifest.
865 silly tarball no local data for semver@http://registry.npmjs.org/semver/-/semver-5.7.2.tgz. Extracting by manifest.
866 silly tarball no local data for hosted-git-info@http://registry.npmjs.org/hosted-git-info/-/hosted-git-info-2.8.9.tgz. Extracting by manifest.
867 silly tarball no local data for randombytes@http://registry.npmjs.org/randombytes/-/randombytes-2.1.0.tgz. Extracting by manifest.
868 silly tarball no local data for queue-microtask@http://registry.npmjs.org/queue-microtask/-/queue-microtask-1.2.3.tgz. Extracting by manifest.
869 silly tarball no local data for punycode@http://registry.npmjs.org/punycode/-/punycode-2.3.1.tgz. Extracting by manifest.
870 silly tarball no local data for pseudomap@http://registry.npmjs.org/pseudomap/-/pseudomap-1.0.2.tgz. Extracting by manifest.
871 silly tarball no local data for prettier@http://registry.npmjs.org/prettier/-/prettier-3.1.0.tgz. Extracting by manifest.
872 silly tarball no local data for pluralize@http://registry.npmjs.org/pluralize/-/pluralize-8.0.0.tgz. Extracting by manifest.
873 silly tarball no local data for pify@http://registry.npmjs.org/pify/-/pify-2.3.0.tgz. Extracting by manifest.
874 silly tarball no local data for peek-readable@http://registry.npmjs.org/peek-readable/-/peek-readable-5.0.0.tgz. Extracting by manifest.
875 silly tarball no local data for path-to-regexp@http://registry.npmjs.org/path-to-regexp/-/path-to-regexp-1.8.0.tgz. Extracting by manifest.
876 silly tarball no local data for isarray@http://registry.npmjs.org/isarray/-/isarray-0.0.1.tgz. Extracting by manifest.
877 silly tarball no local data for p-finally@http://registry.npmjs.org/p-finally/-/p-finally-1.0.0.tgz. Extracting by manifest.
878 silly tarball no local data for strip-ansi@http://registry.npmjs.org/strip-ansi/-/strip-ansi-7.1.0.tgz. Extracting by manifest.
879 silly tarball no local data for os-filter-obj@http://registry.npmjs.org/os-filter-obj/-/os-filter-obj-2.0.0.tgz. Extracting by manifest.
880 silly tarball no local data for ora@http://registry.npmjs.org/ora/-/ora-7.0.1.tgz. Extracting by manifest.
881 silly tarball no local data for open-cli@http://registry.npmjs.org/open-cli/-/open-cli-7.2.0.tgz. Extracting by manifest.
882 silly tarball no local data for string-width@http://registry.npmjs.org/string-width/-/string-width-6.1.0.tgz. Extracting by manifest.
883 silly tarball no local data for optionator@http://registry.npmjs.org/optionator/-/optionator-0.9.3.tgz. Extracting by manifest.
884 silly tarball no local data for log-symbols@http://registry.npmjs.org/log-symbols/-/log-symbols-5.1.0.tgz. Extracting by manifest.
885 silly tarball no local data for get-stdin@http://registry.npmjs.org/get-stdin/-/get-stdin-9.0.0.tgz. Extracting by manifest.
886 silly tarball no local data for file-type@http://registry.npmjs.org/file-type/-/file-type-18.6.0.tgz. Extracting by manifest.
887 silly tarball no local data for open@http://registry.npmjs.org/open/-/open-9.1.0.tgz. Extracting by manifest.
888 silly tarball no local data for once@http://registry.npmjs.org/once/-/once-1.4.0.tgz. Extracting by manifest.
889 silly tarball no local data for object.values@http://registry.npmjs.org/object.values/-/object.values-1.1.7.tgz. Extracting by manifest.
890 silly tarball no local data for object.groupby@http://registry.npmjs.org/object.groupby/-/object.groupby-1.0.1.tgz. Extracting by manifest.
891 silly tarball no local data for object.fromentries@http://registry.npmjs.org/object.fromentries/-/object.fromentries-2.0.7.tgz. Extracting by manifest.
892 silly tarball no local data for object.assign@http://registry.npmjs.org/object.assign/-/object.assign-4.1.4.tgz. Extracting by manifest.
893 silly tarball no local data for object-inspect@http://registry.npmjs.org/object-inspect/-/object-inspect-1.13.1.tgz. Extracting by manifest.
894 silly tarball no local data for path-key@http://registry.npmjs.org/path-key/-/path-key-2.0.1.tgz. Extracting by manifest.
895 silly tarball no local data for object-keys@http://registry.npmjs.org/object-keys/-/object-keys-1.1.1.tgz. Extracting by manifest.
896 silly tarball no local data for npm-run-path@http://registry.npmjs.org/npm-run-path/-/npm-run-path-2.0.2.tgz. Extracting by manifest.
897 silly tarball no local data for object-assign@http://registry.npmjs.org/object-assign/-/object-assign-4.1.1.tgz. Extracting by manifest.
898 silly tarball no local data for normalize-package-data@http://registry.npmjs.org/normalize-package-data/-/normalize-package-data-4.0.1.tgz. Extracting by manifest.
899 silly tarball no local data for semver@http://registry.npmjs.org/semver/-/semver-7.5.4.tgz. Extracting by manifest.
900 silly tarball no local data for next-tick@http://registry.npmjs.org/next-tick/-/next-tick-1.1.0.tgz. Extracting by manifest.
901 silly tarball no local data for @sinonjs/commons@http://registry.npmjs.org/@sinonjs/commons/-/commons-3.0.0.tgz. Extracting by manifest.
902 silly tarball no local data for @sinonjs/fake-timers@http://registry.npmjs.org/@sinonjs/fake-timers/-/fake-timers-10.3.0.tgz. Extracting by manifest.
903 silly tarball no local data for nise@http://registry.npmjs.org/nise/-/nise-5.1.5.tgz. Extracting by manifest.
904 silly tarball no local data for natural-compare@http://registry.npmjs.org/natural-compare/-/natural-compare-1.4.0.tgz. Extracting by manifest.
905 silly tarball no local data for @sinonjs/commons@http://registry.npmjs.org/@sinonjs/commons/-/commons-2.0.0.tgz. Extracting by manifest.
906 silly tarball no local data for mz@http://registry.npmjs.org/mz/-/mz-2.7.0.tgz. Extracting by manifest.
907 silly tarball no local data for nanoid@http://registry.npmjs.org/nanoid/-/nanoid-3.3.3.tgz. Extracting by manifest.
908 silly tarball no local data for mocha@http://registry.npmjs.org/mocha/-/mocha-10.2.0.tgz. Extracting by manifest.
909 silly tarball no local data for supports-color@http://registry.npmjs.org/supports-color/-/supports-color-8.1.1.tgz. Extracting by manifest.
910 silly tarball no local data for yargs@http://registry.npmjs.org/yargs/-/yargs-16.2.0.tgz. Extracting by manifest.
911 silly tarball no local data for minimatch@http://registry.npmjs.org/minimatch/-/minimatch-5.0.1.tgz. Extracting by manifest.
912 silly tarball no local data for glob@http://registry.npmjs.org/glob/-/glob-7.2.0.tgz. Extracting by manifest.
913 silly tarball no local data for minimist@http://registry.npmjs.org/minimist/-/minimist-1.2.8.tgz. Extracting by manifest.
914 silly tarball no local data for cliui@http://registry.npmjs.org/cliui/-/cliui-7.0.4.tgz. Extracting by manifest.
915 silly tarball no local data for ansi-styles@http://registry.npmjs.org/ansi-styles/-/ansi-styles-4.3.0.tgz. Extracting by manifest.
916 silly tarball no local data for mime-db@http://registry.npmjs.org/mime-db/-/mime-db-1.52.0.tgz. Extracting by manifest.
917 silly tarball no local data for meow@http://registry.npmjs.org/meow/-/meow-11.0.0.tgz. Extracting by manifest.
918 silly tarball no local data for read-pkg-up@http://registry.npmjs.org/read-pkg-up/-/read-pkg-up-9.1.0.tgz. Extracting by manifest.
919 silly tarball no local data for type-fest@http://registry.npmjs.org/type-fest/-/type-fest-3.13.1.tgz. Extracting by manifest.
920 silly tarball no local data for semver@http://registry.npmjs.org/semver/-/semver-7.5.4.tgz. Extracting by manifest.
921 silly tarball no local data for type-fest@http://registry.npmjs.org/type-fest/-/type-fest-2.19.0.tgz. Extracting by manifest.
922 silly tarball no local data for read-pkg@http://registry.npmjs.org/read-pkg/-/read-pkg-7.1.0.tgz. Extracting by manifest.
923 silly tarball no local data for type-fest@http://registry.npmjs.org/type-fest/-/type-fest-2.19.0.tgz. Extracting by manifest.
924 silly tarball no local data for memoizee@http://registry.npmjs.org/memoizee/-/memoizee-0.4.15.tgz. Extracting by manifest.
925 silly tarball no local data for normalize-package-data@http://registry.npmjs.org/normalize-package-data/-/normalize-package-data-3.0.3.tgz. Extracting by manifest.
926 silly tarball no local data for make-error@http://registry.npmjs.org/make-error/-/make-error-1.3.6.tgz. Extracting by manifest.
927 silly tarball no local data for make-dir@http://registry.npmjs.org/make-dir/-/make-dir-4.0.0.tgz. Extracting by manifest.
928 silly tarball no local data for map-obj@http://registry.npmjs.org/map-obj/-/map-obj-4.3.0.tgz. Extracting by manifest.
929 silly tarball no local data for hosted-git-info@http://registry.npmjs.org/hosted-git-info/-/hosted-git-info-4.1.0.tgz. Extracting by manifest.
930 silly tarball no local data for semver@http://registry.npmjs.org/semver/-/semver-7.5.4.tgz. Extracting by manifest.
931 silly tarball no local data for strip-ansi@http://registry.npmjs.org/strip-ansi/-/strip-ansi-7.1.0.tgz. Extracting by manifest.
932 silly tarball no local data for slice-ansi@http://registry.npmjs.org/slice-ansi/-/slice-ansi-7.1.0.tgz. Extracting by manifest.
933 silly tarball no local data for is-fullwidth-code-point@http://registry.npmjs.org/is-fullwidth-code-point/-/is-fullwidth-code-point-5.0.0.tgz. Extracting by manifest.
934 silly tarball no local data for lru-queue@http://registry.npmjs.org/lru-queue/-/lru-queue-0.1.0.tgz. Extracting by manifest.
935 silly tarball no local data for log-update@http://registry.npmjs.org/log-update/-/log-update-6.0.0.tgz. Extracting by manifest.
936 silly tarball no local data for log-symbols@http://registry.npmjs.org/log-symbols/-/log-symbols-4.1.0.tgz. Extracting by manifest.
937 silly tarball no local data for ansi-styles@http://registry.npmjs.org/ansi-styles/-/ansi-styles-4.3.0.tgz. Extracting by manifest.
938 silly tarball no local data for lodash.get@http://registry.npmjs.org/lodash.get/-/lodash.get-4.4.2.tgz. Extracting by manifest.
939 silly tarball no local data for listr2@http://registry.npmjs.org/listr2/-/listr2-8.0.0.tgz. Extracting by manifest.
940 silly tarball no local data for signal-exit@http://registry.npmjs.org/signal-exit/-/signal-exit-4.1.0.tgz. Extracting by manifest.
941 silly tarball no local data for lint-staged@http://registry.npmjs.org/lint-staged/-/lint-staged-15.2.0.tgz. Extracting by manifest.
942 silly tarball no local data for human-signals@http://registry.npmjs.org/human-signals/-/human-signals-5.0.0.tgz. Extracting by manifest.
943 silly tarball no local data for execa@http://registry.npmjs.org/execa/-/execa-8.0.1.tgz. Extracting by manifest.
944 silly tarball no local data for commander@http://registry.npmjs.org/commander/-/commander-11.1.0.tgz. Extracting by manifest.
945 silly tarball no local data for get-stream@http://registry.npmjs.org/get-stream/-/get-stream-8.0.1.tgz. Extracting by manifest.
946 silly tarball no local data for lines-and-columns@http://registry.npmjs.org/lines-and-columns/-/lines-and-columns-1.2.4.tgz. Extracting by manifest.
947 silly tarball no local data for lilconfig@http://registry.npmjs.org/lilconfig/-/lilconfig-3.0.0.tgz. Extracting by manifest.
948 silly tarball no local data for keyv@http://registry.npmjs.org/keyv/-/keyv-4.5.4.tgz. Extracting by manifest.
949 silly tarball no local data for leven@http://registry.npmjs.org/leven/-/leven-3.1.0.tgz. Extracting by manifest.
950 silly tarball no local data for just-extend@http://registry.npmjs.org/just-extend/-/just-extend-4.2.1.tgz. Extracting by manifest.
951 silly tarball no local data for jsonpointer@http://registry.npmjs.org/jsonpointer/-/jsonpointer-5.0.1.tgz. Extracting by manifest.
952 silly tarball no local data for json-stable-stringify-without-jsonify@http://registry.npmjs.org/json-stable-stringify-without-jsonify/-/json-stable-stringify-without-jsonify-1.0.1.tgz. Extracting by manifest.
953 silly tarball no local data for prettier@http://registry.npmjs.org/prettier/-/prettier-2.8.8.tgz. Extracting by manifest.
954 silly tarball no local data for json-schema-to-typescript@http://registry.npmjs.org/json-schema-to-typescript/-/json-schema-to-typescript-13.1.1.tgz. Extracting by manifest.
955 silly tarball no local data for jsdoc-type-pratt-parser@http://registry.npmjs.org/jsdoc-type-pratt-parser/-/jsdoc-type-pratt-parser-4.0.0.tgz. Extracting by manifest.
956 silly tarball no local data for istanbul-reports@http://registry.npmjs.org/istanbul-reports/-/istanbul-reports-3.1.6.tgz. Extracting by manifest.
957 silly tarball no local data for istanbul-lib-report@http://registry.npmjs.org/istanbul-lib-report/-/istanbul-lib-report-3.0.1.tgz. Extracting by manifest.
958 silly tarball no local data for isexe@http://registry.npmjs.org/isexe/-/isexe-2.0.0.tgz. Extracting by manifest.
959 silly tarball no local data for istanbul-lib-coverage@http://registry.npmjs.org/istanbul-lib-coverage/-/istanbul-lib-coverage-3.2.1.tgz. Extracting by manifest.
960 silly tarball no local data for isarray@http://registry.npmjs.org/isarray/-/isarray-2.0.5.tgz. Extracting by manifest.
961 silly tarball no local data for is-docker@http://registry.npmjs.org/is-docker/-/is-docker-2.2.1.tgz. Extracting by manifest.
962 silly tarball no local data for is-weakref@http://registry.npmjs.org/is-weakref/-/is-weakref-1.0.2.tgz. Extracting by manifest.
963 silly tarball no local data for is-unicode-supported@http://registry.npmjs.org/is-unicode-supported/-/is-unicode-supported-0.1.0.tgz. Extracting by manifest.
964 silly tarball no local data for is-typed-array@http://registry.npmjs.org/is-typed-array/-/is-typed-array-1.1.12.tgz. Extracting by manifest.
965 silly tarball no local data for is-wsl@http://registry.npmjs.org/is-wsl/-/is-wsl-2.2.0.tgz. Extracting by manifest.
966 silly tarball no local data for is-symbol@http://registry.npmjs.org/is-symbol/-/is-symbol-1.0.4.tgz. Extracting by manifest.
967 silly tarball no local data for is-string@http://registry.npmjs.org/is-string/-/is-string-1.0.7.tgz. Extracting by manifest.
968 silly tarball no local data for is-stream@http://registry.npmjs.org/is-stream/-/is-stream-1.1.0.tgz. Extracting by manifest.
969 silly tarball no local data for is-shared-array-buffer@http://registry.npmjs.org/is-shared-array-buffer/-/is-shared-array-buffer-1.0.2.tgz. Extracting by manifest.
970 silly tarball no local data for is-regex@http://registry.npmjs.org/is-regex/-/is-regex-1.1.4.tgz. Extracting by manifest.
971 silly tarball no local data for is-promise@http://registry.npmjs.org/is-promise/-/is-promise-2.2.2.tgz. Extracting by manifest.
972 silly tarball no local data for is-plain-obj@http://registry.npmjs.org/is-plain-obj/-/is-plain-obj-1.1.0.tgz. Extracting by manifest.
973 silly tarball no local data for is-number-object@http://registry.npmjs.org/is-number-object/-/is-number-object-1.0.7.tgz. Extracting by manifest.
974 silly tarball no local data for is-inside-container@http://registry.npmjs.org/is-inside-container/-/is-inside-container-1.0.0.tgz. Extracting by manifest.
975 silly tarball no local data for is-negative-zero@http://registry.npmjs.org/is-negative-zero/-/is-negative-zero-2.0.2.tgz. Extracting by manifest.
976 silly tarball no local data for is-path-inside@http://registry.npmjs.org/is-path-inside/-/is-path-inside-3.0.3.tgz. Extracting by manifest.
977 silly tarball no local data for is-extglob@http://registry.npmjs.org/is-extglob/-/is-extglob-2.1.1.tgz. Extracting by manifest.
978 silly tarball no local data for is-docker@http://registry.npmjs.org/is-docker/-/is-docker-3.0.0.tgz. Extracting by manifest.
979 silly tarball no local data for is-date-object@http://registry.npmjs.org/is-date-object/-/is-date-object-1.0.5.tgz. Extracting by manifest.
980 silly tarball no local data for is-core-module@http://registry.npmjs.org/is-core-module/-/is-core-module-2.13.1.tgz. Extracting by manifest.
981 silly tarball no local data for is-callable@http://registry.npmjs.org/is-callable/-/is-callable-1.2.7.tgz. Extracting by manifest.
982 silly tarball no local data for is-boolean-object@http://registry.npmjs.org/is-boolean-object/-/is-boolean-object-1.1.2.tgz. Extracting by manifest.
983 silly tarball no local data for is-builtin-module@http://registry.npmjs.org/is-builtin-module/-/is-builtin-module-3.2.1.tgz. Extracting by manifest.
984 silly tarball no local data for is-arrayish@http://registry.npmjs.org/is-arrayish/-/is-arrayish-0.2.1.tgz. Extracting by manifest.
985 silly tarball no local data for is-array-buffer@http://registry.npmjs.org/is-array-buffer/-/is-array-buffer-3.0.2.tgz. Extracting by manifest.
986 silly tarball no local data for is-bigint@http://registry.npmjs.org/is-bigint/-/is-bigint-1.0.4.tgz. Extracting by manifest.
987 silly tarball no local data for internal-slot@http://registry.npmjs.org/internal-slot/-/internal-slot-1.0.6.tgz. Extracting by manifest.
988 silly tarball no local data for inflight@http://registry.npmjs.org/inflight/-/inflight-1.0.6.tgz. Extracting by manifest.
989 silly tarball no local data for is-interactive@http://registry.npmjs.org/is-interactive/-/is-interactive-2.0.0.tgz. Extracting by manifest.
990 silly tarball no local data for imurmurhash@http://registry.npmjs.org/imurmurhash/-/imurmurhash-0.1.4.tgz. Extracting by manifest.
991 silly tarball no local data for ieee754@http://registry.npmjs.org/ieee754/-/ieee754-1.2.1.tgz. Extracting by manifest.
992 silly tarball no local data for human-signals@http://registry.npmjs.org/human-signals/-/human-signals-2.1.0.tgz. Extracting by manifest.
993 silly tarball no local data for html-escaper@http://registry.npmjs.org/html-escaper/-/html-escaper-2.0.2.tgz. Extracting by manifest.
994 silly tarball no local data for lru-cache@http://registry.npmjs.org/lru-cache/-/lru-cache-7.18.3.tgz. Extracting by manifest.
995 silly tarball no local data for hosted-git-info@http://registry.npmjs.org/hosted-git-info/-/hosted-git-info-5.2.1.tgz. Extracting by manifest.
996 silly tarball no local data for hasown@http://registry.npmjs.org/hasown/-/hasown-2.0.0.tgz. Extracting by manifest.
997 silly tarball no local data for has-tostringtag@http://registry.npmjs.org/has-tostringtag/-/has-tostringtag-1.0.0.tgz. Extracting by manifest.
998 silly tarball no local data for has-symbols@http://registry.npmjs.org/has-symbols/-/has-symbols-1.0.3.tgz. Extracting by manifest.
999 silly tarball no local data for has-proto@http://registry.npmjs.org/has-proto/-/has-proto-1.0.1.tgz. Extracting by manifest.
1000 silly tarball no local data for has-property-descriptors@http://registry.npmjs.org/has-property-descriptors/-/has-property-descriptors-1.0.1.tgz. Extracting by manifest.
1001 silly tarball no local data for graphemer@http://registry.npmjs.org/graphemer/-/graphemer-1.4.0.tgz. Extracting by manifest.
1002 silly tarball no local data for has-bigints@http://registry.npmjs.org/has-bigints/-/has-bigints-1.0.2.tgz. Extracting by manifest.
1003 silly tarball no local data for got@http://registry.npmjs.org/got/-/got-11.8.6.tgz. Extracting by manifest.
1004 silly tarball no local data for graceful-fs@http://registry.npmjs.org/graceful-fs/-/graceful-fs-4.2.11.tgz. Extracting by manifest.
1005 silly tarball no local data for gopd@http://registry.npmjs.org/gopd/-/gopd-1.0.1.tgz. Extracting by manifest.
1006 silly tarball no local data for glob-promise@http://registry.npmjs.org/glob-promise/-/glob-promise-4.2.2.tgz. Extracting by manifest.
1007 silly tarball no local data for globalthis@http://registry.npmjs.org/globalthis/-/globalthis-1.0.3.tgz. Extracting by manifest.
1008 silly tarball no local data for get-tsconfig@http://registry.npmjs.org/get-tsconfig/-/get-tsconfig-4.7.2.tgz. Extracting by manifest.
1009 silly tarball no local data for get-stream@http://registry.npmjs.org/get-stream/-/get-stream-3.0.0.tgz. Extracting by manifest.
1010 silly tarball no local data for get-symbol-description@http://registry.npmjs.org/get-symbol-description/-/get-symbol-description-1.0.0.tgz. Extracting by manifest.
1011 silly tarball no local data for get-intrinsic@http://registry.npmjs.org/get-intrinsic/-/get-intrinsic-1.2.2.tgz. Extracting by manifest.
1012 silly tarball no local data for get-east-asian-width@http://registry.npmjs.org/get-east-asian-width/-/get-east-asian-width-1.2.0.tgz. Extracting by manifest.
1013 silly tarball no local data for functions-have-names@http://registry.npmjs.org/functions-have-names/-/functions-have-names-1.2.3.tgz. Extracting by manifest.
1014 silly tarball no local data for function.prototype.name@http://registry.npmjs.org/function.prototype.name/-/function.prototype.name-1.1.6.tgz. Extracting by manifest.
1015 silly tarball no local data for function-bind@http://registry.npmjs.org/function-bind/-/function-bind-1.1.2.tgz. Extracting by manifest.
1016 silly tarball no local data for fs.realpath@http://registry.npmjs.org/fs.realpath/-/fs.realpath-1.0.0.tgz. Extracting by manifest.
1017 silly tarball no local data for foreground-child@http://registry.npmjs.org/foreground-child/-/foreground-child-2.0.0.tgz. Extracting by manifest.
1018 silly tarball no local data for for-each@http://registry.npmjs.org/for-each/-/for-each-0.3.3.tgz. Extracting by manifest.
1019 silly tarball no local data for flat-cache@http://registry.npmjs.org/flat-cache/-/flat-cache-3.1.1.tgz. Extracting by manifest.
1020 silly tarball no local data for flatted@http://registry.npmjs.org/flatted/-/flatted-3.2.9.tgz. Extracting by manifest.
1021 silly tarball no local data for flat@http://registry.npmjs.org/flat/-/flat-5.0.2.tgz. Extracting by manifest.
1022 silly tarball no local data for find-versions@http://registry.npmjs.org/find-versions/-/find-versions-5.1.0.tgz. Extracting by manifest.
1023 silly tarball no local data for filenamify@http://registry.npmjs.org/filenamify/-/filenamify-5.1.1.tgz. Extracting by manifest.
1024 silly tarball no local data for filename-reserved-regex@http://registry.npmjs.org/filename-reserved-regex/-/filename-reserved-regex-3.0.0.tgz. Extracting by manifest.
1025 silly tarball no local data for file-type@http://registry.npmjs.org/file-type/-/file-type-17.1.6.tgz. Extracting by manifest.
1026 silly tarball no local data for fdir@http://registry.npmjs.org/fdir/-/fdir-6.1.1.tgz. Extracting by manifest.
1027 silly tarball no local data for fastq@http://registry.npmjs.org/fastq/-/fastq-1.15.0.tgz. Extracting by manifest.
1028 silly tarball no local data for fast-levenshtein@http://registry.npmjs.org/fast-levenshtein/-/fast-levenshtein-2.0.6.tgz. Extracting by manifest.
1029 silly tarball no local data for fast-glob@http://registry.npmjs.org/fast-glob/-/fast-glob-3.3.2.tgz. Extracting by manifest.
1030 silly tarball no local data for type@http://registry.npmjs.org/type/-/type-2.7.2.tgz. Extracting by manifest.
1031 silly tarball no local data for ext-name@http://registry.npmjs.org/ext-name/-/ext-name-5.0.0.tgz. Extracting by manifest.
1032 silly tarball no local data for ext@http://registry.npmjs.org/ext/-/ext-1.7.0.tgz. Extracting by manifest.
1033 silly tarball no local data for executable@http://registry.npmjs.org/executable/-/executable-4.1.1.tgz. Extracting by manifest.
1034 silly tarball no local data for ext-list@http://registry.npmjs.org/ext-list/-/ext-list-2.2.2.tgz. Extracting by manifest.
1035 silly tarball no local data for execa@http://registry.npmjs.org/execa/-/execa-0.7.0.tgz. Extracting by manifest.
1036 silly tarball no local data for yallist@http://registry.npmjs.org/yallist/-/yallist-2.1.2.tgz. Extracting by manifest.
1037 silly tarball no local data for shebang-regex@http://registry.npmjs.org/shebang-regex/-/shebang-regex-1.0.0.tgz. Extracting by manifest.
1038 silly tarball no local data for shebang-command@http://registry.npmjs.org/shebang-command/-/shebang-command-1.2.0.tgz. Extracting by manifest.
1039 silly tarball no local data for lru-cache@http://registry.npmjs.org/lru-cache/-/lru-cache-4.1.5.tgz. Extracting by manifest.
1040 silly tarball no local data for cross-spawn@http://registry.npmjs.org/cross-spawn/-/cross-spawn-5.1.0.tgz. Extracting by manifest.
1041 silly tarball no local data for eventemitter3@http://registry.npmjs.org/eventemitter3/-/eventemitter3-5.0.1.tgz. Extracting by manifest.
1042 silly tarball no local data for event-emitter@http://registry.npmjs.org/event-emitter/-/event-emitter-0.3.5.tgz. Extracting by manifest.
1043 silly tarball no local data for esquery@http://registry.npmjs.org/esquery/-/esquery-1.5.0.tgz. Extracting by manifest.
1044 silly tarball no local data for espree@http://registry.npmjs.org/espree/-/espree-9.6.1.tgz. Extracting by manifest.
1045 silly tarball no local data for eslint-visitor-keys@http://registry.npmjs.org/eslint-visitor-keys/-/eslint-visitor-keys-3.4.3.tgz. Extracting by manifest.
1046 silly tarball no local data for eslint-visitor-keys@http://registry.npmjs.org/eslint-visitor-keys/-/eslint-visitor-keys-1.3.0.tgz. Extracting by manifest.
1047 silly tarball no local data for eslint-utils@http://registry.npmjs.org/eslint-utils/-/eslint-utils-2.1.0.tgz. Extracting by manifest.
1048 silly tarball no local data for eslint-plugin-promise@http://registry.npmjs.org/eslint-plugin-promise/-/eslint-plugin-promise-6.1.1.tgz. Extracting by manifest.
1049 silly tarball no local data for eslint-plugin-unicorn@http://registry.npmjs.org/eslint-plugin-unicorn/-/eslint-plugin-unicorn-49.0.0.tgz. Extracting by manifest.
1050 silly tarball no local data for jsesc@http://registry.npmjs.org/jsesc/-/jsesc-3.0.2.tgz. Extracting by manifest.
1051 silly tarball no local data for semver@http://registry.npmjs.org/semver/-/semver-7.5.4.tgz. Extracting by manifest.
1052 silly tarball no local data for semver@http://registry.npmjs.org/semver/-/semver-7.5.4.tgz. Extracting by manifest.
1053 silly tarball no local data for eslint-plugin-prefer-arrow-functions@http://registry.npmjs.org/eslint-plugin-prefer-arrow-functions/-/eslint-plugin-prefer-arrow-functions-3.2.4.tgz. Extracting by manifest.
1054 silly tarball no local data for doctrine@http://registry.npmjs.org/doctrine/-/doctrine-2.1.0.tgz. Extracting by manifest.
1055 silly tarball no local data for eslint-plugin-node@http://registry.npmjs.org/eslint-plugin-node/-/eslint-plugin-node-11.1.0.tgz. Extracting by manifest.
1056 silly tarball no local data for debug@http://registry.npmjs.org/debug/-/debug-3.2.7.tgz. Extracting by manifest.
1057 silly tarball no local data for debug@http://registry.npmjs.org/debug/-/debug-3.2.7.tgz. Extracting by manifest.
1058 silly tarball no local data for eslint-plugin-jsdoc@http://registry.npmjs.org/eslint-plugin-jsdoc/-/eslint-plugin-jsdoc-46.9.0.tgz. Extracting by manifest.
1059 silly tarball no local data for debug@http://registry.npmjs.org/debug/-/debug-3.2.7.tgz. Extracting by manifest.
1060 silly tarball no local data for eslint-plugin-import@http://registry.npmjs.org/eslint-plugin-import/-/eslint-plugin-import-2.29.0.tgz. Extracting by manifest.
1061 silly tarball no local data for eslint-plugin-es@http://registry.npmjs.org/eslint-plugin-es/-/eslint-plugin-es-3.0.1.tgz. Extracting by manifest.
1062 silly tarball no local data for eslint-module-utils@http://registry.npmjs.org/eslint-module-utils/-/eslint-module-utils-2.8.0.tgz. Extracting by manifest.
1063 silly tarball no local data for eslint-import-resolver-typescript@http://registry.npmjs.org/eslint-import-resolver-typescript/-/eslint-import-resolver-typescript-3.6.1.tgz. Extracting by manifest.
1064 silly tarball no local data for eslint-config-standard@http://registry.npmjs.org/eslint-config-standard/-/eslint-config-standard-17.1.0.tgz. Extracting by manifest.
1065 silly tarball no local data for eslint@http://registry.npmjs.org/eslint/-/eslint-8.55.0.tgz. Extracting by manifest.
1066 silly tarball no local data for globals@http://registry.npmjs.org/globals/-/globals-13.23.0.tgz. Extracting by manifest.
1067 silly tarball no local data for eslint-import-resolver-node@http://registry.npmjs.org/eslint-import-resolver-node/-/eslint-import-resolver-node-0.3.9.tgz. Extracting by manifest.
1068 silly tarball no local data for eslint-visitor-keys@http://registry.npmjs.org/eslint-visitor-keys/-/eslint-visitor-keys-3.4.3.tgz. Extracting by manifest.
1069 silly tarball no local data for eslint-scope@http://registry.npmjs.org/eslint-scope/-/eslint-scope-7.2.2.tgz. Extracting by manifest.
1070 silly tarball no local data for es6-weak-map@http://registry.npmjs.org/es6-weak-map/-/es6-weak-map-2.0.3.tgz. Extracting by manifest.
1071 silly tarball no local data for es6-symbol@http://registry.npmjs.org/es6-symbol/-/es6-symbol-3.1.3.tgz. Extracting by manifest.
1072 silly tarball no local data for es6-iterator@http://registry.npmjs.org/es6-iterator/-/es6-iterator-2.0.3.tgz. Extracting by manifest.
1073 silly tarball no local data for es5-ext@http://registry.npmjs.org/es5-ext/-/es5-ext-0.10.62.tgz. Extracting by manifest.
1074 silly tarball no local data for es-to-primitive@http://registry.npmjs.org/es-to-primitive/-/es-to-primitive-1.2.1.tgz. Extracting by manifest.
1075 silly tarball no local data for es-shim-unscopables@http://registry.npmjs.org/es-shim-unscopables/-/es-shim-unscopables-1.0.2.tgz. Extracting by manifest.
1076 silly tarball no local data for es-set-tostringtag@http://registry.npmjs.org/es-set-tostringtag/-/es-set-tostringtag-2.0.2.tgz. Extracting by manifest.
1077 silly tarball no local data for ansi-styles@http://registry.npmjs.org/ansi-styles/-/ansi-styles-4.3.0.tgz. Extracting by manifest.
1078 silly tarball no local data for es-main@http://registry.npmjs.org/es-main/-/es-main-1.3.0.tgz. Extracting by manifest.
1079 silly tarball no local data for es-abstract@http://registry.npmjs.org/es-abstract/-/es-abstract-1.22.3.tgz. Extracting by manifest.
1080 silly tarball no local data for enhanced-resolve@http://registry.npmjs.org/enhanced-resolve/-/enhanced-resolve-5.15.0.tgz. Extracting by manifest.
1081 silly tarball no local data for emoji-regex@http://registry.npmjs.org/emoji-regex/-/emoji-regex-10.3.0.tgz. Extracting by manifest.
1082 silly tarball no local data for diff@http://registry.npmjs.org/diff/-/diff-5.0.0.tgz. Extracting by manifest.
1083 silly tarball no local data for define-properties@http://registry.npmjs.org/define-properties/-/define-properties-1.2.1.tgz. Extracting by manifest.
1084 silly tarball no local data for define-lazy-prop@http://registry.npmjs.org/define-lazy-prop/-/define-lazy-prop-3.0.0.tgz. Extracting by manifest.
1085 silly tarball no local data for define-data-property@http://registry.npmjs.org/define-data-property/-/define-data-property-1.1.1.tgz. Extracting by manifest.
1086 silly tarball no local data for default-browser@http://registry.npmjs.org/default-browser/-/default-browser-4.0.0.tgz. Extracting by manifest.
1087 silly tarball no local data for default-browser-id@http://registry.npmjs.org/default-browser-id/-/default-browser-id-3.0.0.tgz. Extracting by manifest.
1088 silly tarball no local data for execa@http://registry.npmjs.org/execa/-/execa-7.2.0.tgz. Extracting by manifest.
1089 silly tarball no local data for human-signals@http://registry.npmjs.org/human-signals/-/human-signals-4.3.1.tgz. Extracting by manifest.
1090 silly tarball no local data for map-obj@http://registry.npmjs.org/map-obj/-/map-obj-1.0.1.tgz. Extracting by manifest.
1091 silly tarball no local data for decamelize@http://registry.npmjs.org/decamelize/-/decamelize-1.2.0.tgz. Extracting by manifest.
1092 silly tarball no local data for decamelize-keys@http://registry.npmjs.org/decamelize-keys/-/decamelize-keys-1.1.1.tgz. Extracting by manifest.
1093 silly tarball no local data for decamelize@http://registry.npmjs.org/decamelize/-/decamelize-6.0.0.tgz. Extracting by manifest.
1094 silly tarball no local data for d@http://registry.npmjs.org/d/-/d-1.0.1.tgz. Extracting by manifest.
1095 silly tarball no local data for crypto-random-string@http://registry.npmjs.org/crypto-random-string/-/crypto-random-string-4.0.0.tgz. Extracting by manifest.
1096 silly tarball no local data for deep-diff@http://registry.npmjs.org/deep-diff/-/deep-diff-1.0.2.tgz. Extracting by manifest.
1097 silly tarball no local data for create-require@http://registry.npmjs.org/create-require/-/create-require-1.1.1.tgz. Extracting by manifest.
1098 silly tarball no local data for content-disposition@http://registry.npmjs.org/content-disposition/-/content-disposition-0.5.4.tgz. Extracting by manifest.
1099 silly tarball no local data for concat-map@http://registry.npmjs.org/concat-map/-/concat-map-0.0.1.tgz. Extracting by manifest.
1100 silly tarball no local data for comment-parser@http://registry.npmjs.org/comment-parser/-/comment-parser-1.4.1.tgz. Extracting by manifest.
1101 silly tarball no local data for commander@http://registry.npmjs.org/commander/-/commander-7.2.0.tgz. Extracting by manifest.
1102 silly tarball no local data for convert-source-map@http://registry.npmjs.org/convert-source-map/-/convert-source-map-2.0.0.tgz. Extracting by manifest.
1103 silly tarball no local data for colorette@http://registry.npmjs.org/colorette/-/colorette-2.0.20.tgz. Extracting by manifest.
1104 silly tarball no local data for compare-versions@http://registry.npmjs.org/compare-versions/-/compare-versions-6.1.0.tgz. Extracting by manifest.
1105 silly tarball no local data for cli-truncate@http://registry.npmjs.org/cli-truncate/-/cli-truncate-4.0.0.tgz. Extracting by manifest.
1106 silly tarball no local data for ansi-styles@http://registry.npmjs.org/ansi-styles/-/ansi-styles-4.3.0.tgz. Extracting by manifest.
1107 silly tarball no local data for cli-spinners@http://registry.npmjs.org/cli-spinners/-/cli-spinners-2.9.1.tgz. Extracting by manifest.
1108 silly tarball no local data for cli-cursor@http://registry.npmjs.org/cli-cursor/-/cli-cursor-4.0.0.tgz. Extracting by manifest.
1109 silly tarball no local data for cli-color@http://registry.npmjs.org/cli-color/-/cli-color-2.0.3.tgz. Extracting by manifest.
1110 silly tarball no local data for clean-regexp@http://registry.npmjs.org/clean-regexp/-/clean-regexp-1.0.0.tgz. Extracting by manifest.
1111 silly tarball no local data for ci-info@http://registry.npmjs.org/ci-info/-/ci-info-3.9.0.tgz. Extracting by manifest.
1112 silly tarball no local data for chalk@http://registry.npmjs.org/chalk/-/chalk-5.3.0.tgz. Extracting by manifest.
1113 silly tarball no local data for chalk-template@http://registry.npmjs.org/chalk-template/-/chalk-template-1.1.0.tgz. Extracting by manifest.
1114 silly tarball no local data for camelcase-keys@http://registry.npmjs.org/camelcase-keys/-/camelcase-keys-8.0.2.tgz. Extracting by manifest.
1115 silly tarball no local data for quick-lru@http://registry.npmjs.org/quick-lru/-/quick-lru-6.1.2.tgz. Extracting by manifest.
1116 silly tarball no local data for camelcase@http://registry.npmjs.org/camelcase/-/camelcase-7.0.1.tgz. Extracting by manifest.
1117 silly tarball no local data for type-fest@http://registry.npmjs.org/type-fest/-/type-fest-2.19.0.tgz. Extracting by manifest.
1118 silly tarball no local data for call-bind@http://registry.npmjs.org/call-bind/-/call-bind-1.0.5.tgz. Extracting by manifest.
1119 silly tarball no local data for cacheable-request@http://registry.npmjs.org/cacheable-request/-/cacheable-request-7.0.4.tgz. Extracting by manifest.
1120 silly tarball no local data for call-me-maybe@http://registry.npmjs.org/call-me-maybe/-/call-me-maybe-1.0.2.tgz. Extracting by manifest.
1121 silly tarball no local data for c8@http://registry.npmjs.org/c8/-/c8-8.0.1.tgz. Extracting by manifest.
1122 silly tarball no local data for bundle-name@http://registry.npmjs.org/bundle-name/-/bundle-name-3.0.0.tgz. Extracting by manifest.
1123 silly tarball no local data for buffer@http://registry.npmjs.org/buffer/-/buffer-6.0.3.tgz. Extracting by manifest.
1124 silly tarball no local data for builtin-modules@http://registry.npmjs.org/builtin-modules/-/builtin-modules-3.3.0.tgz. Extracting by manifest.
1125 silly tarball no local data for bplist-parser@http://registry.npmjs.org/bplist-parser/-/bplist-parser-0.2.0.tgz. Extracting by manifest.
1126 silly tarball no local data for bl@http://registry.npmjs.org/bl/-/bl-5.1.0.tgz. Extracting by manifest.
1127 silly tarball no local data for bin-version-check@http://registry.npmjs.org/bin-version-check/-/bin-version-check-5.1.0.tgz. Extracting by manifest.
1128 silly tarball no local data for bin-version@http://registry.npmjs.org/bin-version/-/bin-version-6.0.0.tgz. Extracting by manifest.
1129 silly tarball no local data for browser-stdout@http://registry.npmjs.org/browser-stdout/-/browser-stdout-1.3.1.tgz. Extracting by manifest.
1130 silly tarball no local data for npm-run-path@http://registry.npmjs.org/npm-run-path/-/npm-run-path-4.0.1.tgz. Extracting by manifest.
1131 silly tarball no local data for semver@http://registry.npmjs.org/semver/-/semver-7.5.4.tgz. Extracting by manifest.
1132 silly tarball no local data for is-stream@http://registry.npmjs.org/is-stream/-/is-stream-2.0.1.tgz. Extracting by manifest.
1133 silly tarball no local data for execa@http://registry.npmjs.org/execa/-/execa-5.1.1.tgz. Extracting by manifest.
1134 silly tarball no local data for bin-check@http://registry.npmjs.org/bin-check/-/bin-check-4.1.0.tgz. Extracting by manifest.
1135 silly tarball no local data for big-integer@http://registry.npmjs.org/big-integer/-/big-integer-1.6.51.tgz. Extracting by manifest.
1136 silly tarball no local data for base64-js@http://registry.npmjs.org/base64-js/-/base64-js-1.5.1.tgz. Extracting by manifest.
1137 silly tarball no local data for ansi-styles@http://registry.npmjs.org/ansi-styles/-/ansi-styles-4.3.0.tgz. Extracting by manifest.
1138 silly tarball no local data for balanced-match@http://registry.npmjs.org/balanced-match/-/balanced-match-1.0.2.tgz. Extracting by manifest.
1139 silly tarball no local data for available-typed-arrays@http://registry.npmjs.org/available-typed-arrays/-/available-typed-arrays-1.0.5.tgz. Extracting by manifest.
1140 silly tarball no local data for arrify@http://registry.npmjs.org/arrify/-/arrify-1.0.1.tgz. Extracting by manifest.
1141 silly tarball no local data for arraybuffer.prototype.slice@http://registry.npmjs.org/arraybuffer.prototype.slice/-/arraybuffer.prototype.slice-1.0.2.tgz. Extracting by manifest.
1142 silly tarball no local data for array.prototype.flatmap@http://registry.npmjs.org/array.prototype.flatmap/-/array.prototype.flatmap-1.3.2.tgz. Extracting by manifest.
1143 silly tarball no local data for array.prototype.flat@http://registry.npmjs.org/array.prototype.flat/-/array.prototype.flat-1.3.2.tgz. Extracting by manifest.
1144 silly tarball no local data for array.prototype.findlastindex@http://registry.npmjs.org/array.prototype.findlastindex/-/array.prototype.findlastindex-1.2.3.tgz. Extracting by manifest.
1145 silly tarball no local data for array-includes@http://registry.npmjs.org/array-includes/-/array-includes-3.1.7.tgz. Extracting by manifest.
1146 silly tarball no local data for arg@http://registry.npmjs.org/arg/-/arg-4.1.3.tgz. Extracting by manifest.
1147 silly tarball no local data for array-buffer-byte-length@http://registry.npmjs.org/array-buffer-byte-length/-/array-buffer-byte-length-1.0.0.tgz. Extracting by manifest.
1148 silly tarball no local data for arch@http://registry.npmjs.org/arch/-/arch-2.2.0.tgz. Extracting by manifest.
1149 silly tarball no local data for are-docs-informative@http://registry.npmjs.org/are-docs-informative/-/are-docs-informative-0.0.2.tgz. Extracting by manifest.
1150 silly tarball no local data for any-promise@http://registry.npmjs.org/any-promise/-/any-promise-1.3.0.tgz. Extracting by manifest.
1151 silly tarball no local data for better-ajv-errors@http://registry.npmjs.org/better-ajv-errors/-/better-ajv-errors-1.2.0.tgz. Extracting by manifest.
1152 silly tarball no local data for type-fest@http://registry.npmjs.org/type-fest/-/type-fest-3.13.1.tgz. Extracting by manifest.
1153 silly tarball no local data for ansi-escapes@http://registry.npmjs.org/ansi-escapes/-/ansi-escapes-6.2.0.tgz. Extracting by manifest.
1154 silly tarball no local data for ajv-formats@http://registry.npmjs.org/ajv-formats/-/ajv-formats-2.1.1.tgz. Extracting by manifest.
1155 silly tarball no local data for ajv-errors@http://registry.npmjs.org/ajv-errors/-/ajv-errors-3.0.0.tgz. Extracting by manifest.
1156 silly tarball no local data for ansi-colors@http://registry.npmjs.org/ansi-colors/-/ansi-colors-4.1.1.tgz. Extracting by manifest.
1157 silly tarball no local data for @ungap/structured-clone@http://registry.npmjs.org/@ungap/structured-clone/-/structured-clone-1.2.0.tgz. Extracting by manifest.
1158 silly tarball no local data for acorn@http://registry.npmjs.org/acorn/-/acorn-8.11.2.tgz. Extracting by manifest.
1159 silly tarball no local data for @typescript-eslint/utils@http://registry.npmjs.org/@typescript-eslint/utils/-/utils-6.13.2.tgz. Extracting by manifest.
1160 silly tarball no local data for acorn-walk@http://registry.npmjs.org/acorn-walk/-/acorn-walk-8.3.0.tgz. Extracting by manifest.
1161 silly tarball no local data for semver@http://registry.npmjs.org/semver/-/semver-7.5.4.tgz. Extracting by manifest.
1162 silly tarball no local data for @typescript-eslint/visitor-keys@http://registry.npmjs.org/@typescript-eslint/visitor-keys/-/visitor-keys-6.13.2.tgz. Extracting by manifest.
1163 silly tarball no local data for eslint-visitor-keys@http://registry.npmjs.org/eslint-visitor-keys/-/eslint-visitor-keys-3.4.3.tgz. Extracting by manifest.
1164 silly tarball no local data for @typescript-eslint/type-utils@http://registry.npmjs.org/@typescript-eslint/type-utils/-/type-utils-6.13.2.tgz. Extracting by manifest.
1165 silly tarball no local data for @typescript-eslint/typescript-estree@http://registry.npmjs.org/@typescript-eslint/typescript-estree/-/typescript-estree-6.13.2.tgz. Extracting by manifest.
1166 silly tarball no local data for @typescript-eslint/types@http://registry.npmjs.org/@typescript-eslint/types/-/types-6.13.2.tgz. Extracting by manifest.
1167 silly tarball no local data for @typescript-eslint/scope-manager@http://registry.npmjs.org/@typescript-eslint/scope-manager/-/scope-manager-6.13.2.tgz. Extracting by manifest.
1168 silly tarball no local data for @typescript-eslint/visitor-keys@http://registry.npmjs.org/@typescript-eslint/visitor-keys/-/visitor-keys-6.13.2.tgz. Extracting by manifest.
1169 silly tarball no local data for @typescript-eslint/types@http://registry.npmjs.org/@typescript-eslint/types/-/types-6.13.2.tgz. Extracting by manifest.
1170 silly tarball no local data for semver@http://registry.npmjs.org/semver/-/semver-7.5.4.tgz. Extracting by manifest.
1171 silly tarball no local data for @typescript-eslint/parser@http://registry.npmjs.org/@typescript-eslint/parser/-/parser-6.13.2.tgz. Extracting by manifest.
1172 silly tarball no local data for semver@http://registry.npmjs.org/semver/-/semver-7.5.4.tgz. Extracting by manifest.
1173 silly tarball no local data for eslint-visitor-keys@http://registry.npmjs.org/eslint-visitor-keys/-/eslint-visitor-keys-3.4.3.tgz. Extracting by manifest.
1174 silly tarball no local data for @typescript-eslint/visitor-keys@http://registry.npmjs.org/@typescript-eslint/visitor-keys/-/visitor-keys-6.13.2.tgz. Extracting by manifest.
1175 silly tarball no local data for eslint-visitor-keys@http://registry.npmjs.org/eslint-visitor-keys/-/eslint-visitor-keys-3.4.3.tgz. Extracting by manifest.
1176 silly tarball no local data for @typescript-eslint/typescript-estree@http://registry.npmjs.org/@typescript-eslint/typescript-estree/-/typescript-estree-6.13.2.tgz. Extracting by manifest.
1177 silly tarball no local data for @typescript-eslint/scope-manager@http://registry.npmjs.org/@typescript-eslint/scope-manager/-/scope-manager-6.13.2.tgz. Extracting by manifest.
1178 silly tarball no local data for @typescript-eslint/eslint-plugin@http://registry.npmjs.org/@typescript-eslint/eslint-plugin/-/eslint-plugin-6.13.2.tgz. Extracting by manifest.
1179 silly tarball no local data for @typescript-eslint/types@http://registry.npmjs.org/@typescript-eslint/types/-/types-6.13.2.tgz. Extracting by manifest.
1180 silly tarball no local data for semver@http://registry.npmjs.org/semver/-/semver-7.5.4.tgz. Extracting by manifest.
1181 silly tarball no local data for eslint-visitor-keys@http://registry.npmjs.org/eslint-visitor-keys/-/eslint-visitor-keys-3.4.3.tgz. Extracting by manifest.
1182 silly tarball no local data for @types/yargs-parser@http://registry.npmjs.org/@types/yargs-parser/-/yargs-parser-21.0.2.tgz. Extracting by manifest.
1183 silly tarball no local data for @typescript-eslint/types@http://registry.npmjs.org/@typescript-eslint/types/-/types-6.13.2.tgz. Extracting by manifest.
1184 silly tarball no local data for @typescript-eslint/visitor-keys@http://registry.npmjs.org/@typescript-eslint/visitor-keys/-/visitor-keys-6.13.2.tgz. Extracting by manifest.
1185 silly tarball no local data for @types/sinonjs__fake-timers@http://registry.npmjs.org/@types/sinonjs__fake-timers/-/sinonjs__fake-timers-8.1.4.tgz. Extracting by manifest.
1186 silly tarball no local data for @typescript-eslint/scope-manager@http://registry.npmjs.org/@typescript-eslint/scope-manager/-/scope-manager-6.13.2.tgz. Extracting by manifest.
1187 silly tarball no local data for @types/sinon@http://registry.npmjs.org/@types/sinon/-/sinon-17.0.2.tgz. Extracting by manifest.
1188 silly tarball no local data for @types/semver@http://registry.npmjs.org/@types/semver/-/semver-7.5.6.tgz. Extracting by manifest.
1189 silly tarball no local data for @types/yargs@http://registry.npmjs.org/@types/yargs/-/yargs-17.0.32.tgz. Extracting by manifest.
1190 silly tarball no local data for @types/responselike@http://registry.npmjs.org/@types/responselike/-/responselike-1.0.2.tgz. Extracting by manifest.
1191 silly tarball no local data for @types/prettier@http://registry.npmjs.org/@types/prettier/-/prettier-2.7.3.tgz. Extracting by manifest.
1192 silly tarball no local data for @types/normalize-package-data@http://registry.npmjs.org/@types/normalize-package-data/-/normalize-package-data-2.4.3.tgz. Extracting by manifest.
1193 silly tarball no local data for @types/node@http://registry.npmjs.org/@types/node/-/node-20.10.3.tgz. Extracting by manifest.
1194 silly tarball no local data for @types/mocha@http://registry.npmjs.org/@types/mocha/-/mocha-10.0.6.tgz. Extracting by manifest.
1195 silly tarball no local data for @types/minimist@http://registry.npmjs.org/@types/minimist/-/minimist-1.2.4.tgz. Extracting by manifest.
1196 silly tarball no local data for @types/lodash@http://registry.npmjs.org/@types/lodash/-/lodash-4.14.200.tgz. Extracting by manifest.
1197 silly tarball no local data for @types/minimatch@http://registry.npmjs.org/@types/minimatch/-/minimatch-5.1.2.tgz. Extracting by manifest.
1198 silly tarball no local data for @types/json5@http://registry.npmjs.org/@types/json5/-/json5-0.0.29.tgz. Extracting by manifest.
1199 silly tarball no local data for @types/json-schema@http://registry.npmjs.org/@types/json-schema/-/json-schema-7.0.14.tgz. Extracting by manifest.
1200 silly tarball no local data for @types/http-cache-semantics@http://registry.npmjs.org/@types/http-cache-semantics/-/http-cache-semantics-4.0.3.tgz. Extracting by manifest.
1201 silly tarball no local data for @types/istanbul-lib-coverage@http://registry.npmjs.org/@types/istanbul-lib-coverage/-/istanbul-lib-coverage-2.0.5.tgz. Extracting by manifest.
1202 silly tarball no local data for @tsconfig/node16@http://registry.npmjs.org/@tsconfig/node16/-/node16-1.0.4.tgz. Extracting by manifest.
1203 silly tarball no local data for @tsconfig/node14@http://registry.npmjs.org/@tsconfig/node14/-/node14-1.0.3.tgz. Extracting by manifest.
1204 silly tarball no local data for @types/glob@http://registry.npmjs.org/@types/glob/-/glob-7.2.0.tgz. Extracting by manifest.
1205 silly tarball no local data for @types/deep-diff@http://registry.npmjs.org/@types/deep-diff/-/deep-diff-1.0.5.tgz. Extracting by manifest.
1206 silly tarball no local data for @tsconfig/node10@http://registry.npmjs.org/@tsconfig/node10/-/node10-1.0.9.tgz. Extracting by manifest.
1207 silly tarball no local data for @tokenizer/token@http://registry.npmjs.org/@tokenizer/token/-/token-0.3.0.tgz. Extracting by manifest.
1208 silly tarball no local data for @swc/types@http://registry.npmjs.org/@swc/types/-/types-0.1.5.tgz. Extracting by manifest.
1209 silly tarball no local data for @swc/core-win32-x64-msvc@http://registry.npmjs.org/@swc/core-win32-x64-msvc/-/core-win32-x64-msvc-1.3.80.tgz. Extracting by manifest.
1210 silly tarball no local data for @typescript-eslint/typescript-estree@http://registry.npmjs.org/@typescript-eslint/typescript-estree/-/typescript-estree-6.13.2.tgz. Extracting by manifest.
1211 silly tarball no local data for @swc/core@http://registry.npmjs.org/@swc/core/-/core-1.3.80.tgz. Extracting by manifest.
1212 silly tarball no local data for @swc/cli@http://registry.npmjs.org/@swc/cli/-/cli-0.1.63.tgz. Extracting by manifest.
1213 silly tarball no local data for @sinonjs/samsam@http://registry.npmjs.org/@sinonjs/samsam/-/samsam-8.0.0.tgz. Extracting by manifest.
1214 silly tarball no local data for @sinonjs/text-encoding@http://registry.npmjs.org/@sinonjs/text-encoding/-/text-encoding-0.7.2.tgz. Extracting by manifest.
1215 silly tarball no local data for @tsconfig/node12@http://registry.npmjs.org/@tsconfig/node12/-/node12-1.0.11.tgz. Extracting by manifest.
1216 silly tarball no local data for semver@http://registry.npmjs.org/semver/-/semver-7.5.4.tgz. Extracting by manifest.
1217 silly tarball no local data for @sinonjs/fake-timers@http://registry.npmjs.org/@sinonjs/fake-timers/-/fake-timers-11.2.2.tgz. Extracting by manifest.
1218 silly tarball no local data for @sinonjs/commons@http://registry.npmjs.org/@sinonjs/commons/-/commons-2.0.0.tgz. Extracting by manifest.
1219 silly tarball no local data for @sinonjs/commons@http://registry.npmjs.org/@sinonjs/commons/-/commons-3.0.0.tgz. Extracting by manifest.
1220 silly tarball no local data for @nodelib/fs.walk@http://registry.npmjs.org/@nodelib/fs.walk/-/fs.walk-1.2.8.tgz. Extracting by manifest.
1221 silly tarball no local data for @nodelib/fs.stat@http://registry.npmjs.org/@nodelib/fs.stat/-/fs.stat-2.0.5.tgz. Extracting by manifest.
1222 silly tarball no local data for @nicolo-ribaudo/eslint-scope-5-internals@http://registry.npmjs.org/@nicolo-ribaudo/eslint-scope-5-internals/-/eslint-scope-5-internals-5.1.1-v1.tgz. Extracting by manifest.
1223 silly tarball no local data for @nodelib/fs.scandir@http://registry.npmjs.org/@nodelib/fs.scandir/-/fs.scandir-2.1.5.tgz. Extracting by manifest.
1224 silly tarball no local data for @mole-inc/bin-wrapper@http://registry.npmjs.org/@mole-inc/bin-wrapper/-/bin-wrapper-8.0.1.tgz. Extracting by manifest.
1225 silly tarball no local data for @jsdevtools/ono@http://registry.npmjs.org/@jsdevtools/ono/-/ono-7.1.3.tgz. Extracting by manifest.
1226 silly tarball no local data for @jridgewell/trace-mapping@http://registry.npmjs.org/@jridgewell/trace-mapping/-/trace-mapping-0.3.20.tgz. Extracting by manifest.
1227 silly tarball no local data for @jridgewell/resolve-uri@http://registry.npmjs.org/@jridgewell/resolve-uri/-/resolve-uri-3.1.1.tgz. Extracting by manifest.
1228 silly tarball no local data for @jridgewell/sourcemap-codec@http://registry.npmjs.org/@jridgewell/sourcemap-codec/-/sourcemap-codec-1.4.15.tgz. Extracting by manifest.
1229 silly tarball no local data for @istanbuljs/schema@http://registry.npmjs.org/@istanbuljs/schema/-/schema-0.1.3.tgz. Extracting by manifest.
1230 silly tarball no local data for @humanwhocodes/momoa@http://registry.npmjs.org/@humanwhocodes/momoa/-/momoa-2.0.4.tgz. Extracting by manifest.
1231 silly tarball no local data for @humanwhocodes/module-importer@http://registry.npmjs.org/@humanwhocodes/module-importer/-/module-importer-1.0.1.tgz. Extracting by manifest.
1232 silly tarball no local data for @humanwhocodes/object-schema@http://registry.npmjs.org/@humanwhocodes/object-schema/-/object-schema-2.0.1.tgz. Extracting by manifest.
1233 silly tarball no local data for @humanwhocodes/config-array@http://registry.npmjs.org/@humanwhocodes/config-array/-/config-array-0.11.13.tgz. Extracting by manifest.
1234 silly tarball no local data for @eslint/js@http://registry.npmjs.org/@eslint/js/-/js-8.55.0.tgz. Extracting by manifest.
1235 silly tarball no local data for @eslint/eslintrc@http://registry.npmjs.org/@eslint/eslintrc/-/eslintrc-2.1.4.tgz. Extracting by manifest.
1236 silly tarball no local data for @eslint-community/regexpp@http://registry.npmjs.org/@eslint-community/regexpp/-/regexpp-4.10.0.tgz. Extracting by manifest.
1237 silly tarball no local data for @eslint-community/eslint-utils@http://registry.npmjs.org/@eslint-community/eslint-utils/-/eslint-utils-4.4.0.tgz. Extracting by manifest.
1238 silly tarball no local data for eslint-visitor-keys@http://registry.npmjs.org/eslint-visitor-keys/-/eslint-visitor-keys-3.4.3.tgz. Extracting by manifest.
1239 silly tarball no local data for globals@http://registry.npmjs.org/globals/-/globals-13.23.0.tgz. Extracting by manifest.
1240 silly tarball no local data for @es-joy/jsdoccomment@http://registry.npmjs.org/@es-joy/jsdoccomment/-/jsdoccomment-0.41.0.tgz. Extracting by manifest.
1241 silly tarball no local data for @cspotcode/source-map-support@http://registry.npmjs.org/@cspotcode/source-map-support/-/source-map-support-0.8.1.tgz. Extracting by manifest.
1242 silly tarball no local data for @jridgewell/trace-mapping@http://registry.npmjs.org/@jridgewell/trace-mapping/-/trace-mapping-0.3.9.tgz. Extracting by manifest.
1243 silly tarball no local data for @desertnet/html-parser@http://registry.npmjs.org/@desertnet/html-parser/-/html-parser-1.0.1.tgz. Extracting by manifest.
1244 silly tarball no local data for @desertnet/scanner@http://registry.npmjs.org/@desertnet/scanner/-/scanner-1.1.1.tgz. Extracting by manifest.
1245 silly tarball no local data for @babel/plugin-syntax-import-assertions@http://registry.npmjs.org/@babel/plugin-syntax-import-assertions/-/plugin-syntax-import-assertions-7.23.3.tgz. Extracting by manifest.
1246 silly tarball no local data for @babel/highlight@http://registry.npmjs.org/@babel/highlight/-/highlight-7.22.20.tgz. Extracting by manifest.
1247 silly tarball no local data for @bcherny/json-schema-ref-parser@http://registry.npmjs.org/@bcherny/json-schema-ref-parser/-/json-schema-ref-parser-10.0.5-fork.tgz. Extracting by manifest.
1248 silly tarball no local data for @bcoe/v8-coverage@http://registry.npmjs.org/@bcoe/v8-coverage/-/v8-coverage-0.2.3.tgz. Extracting by manifest.
1249 silly tarball no local data for @babel/helper-plugin-utils@http://registry.npmjs.org/@babel/helper-plugin-utils/-/helper-plugin-utils-7.22.5.tgz. Extracting by manifest.
1250 silly tarball no local data for @babel/code-frame@http://registry.npmjs.org/@babel/code-frame/-/code-frame-7.22.13.tgz. Extracting by manifest.
1251 silly tarball no local data for @babel/eslint-parser@http://registry.npmjs.org/@babel/eslint-parser/-/eslint-parser-7.23.3.tgz. Extracting by manifest.
1252 silly tarball no local data for @babel/helper-validator-identifier@http://registry.npmjs.org/@babel/helper-validator-identifier/-/helper-validator-identifier-7.22.20.tgz. Extracting by manifest.
1253 silly tarball no local data for @aashutoshrathi/word-wrap@http://registry.npmjs.org/@aashutoshrathi/word-wrap/-/word-wrap-1.2.6.tgz. Extracting by manifest.
1254 http fetch GET 200 https://registry.npmjs.org/unique-string/-/unique-string-3.0.0.tgz 5335ms (cache miss)
1255 http fetch GET 200 https://registry.npmjs.org/untildify/-/untildify-4.0.0.tgz 5332ms (cache miss)
1256 http fetch GET 200 https://registry.npmjs.org/decamelize/-/decamelize-4.0.0.tgz 5640ms (cache miss)
1257 http fetch GET 200 https://registry.npmjs.org/trim-newlines/-/trim-newlines-4.1.1.tgz 5588ms (cache miss)
1258 http fetch GET 200 https://registry.npmjs.org/titleize/-/titleize-3.0.0.tgz 5587ms (cache miss)
1259 http fetch GET 200 https://registry.npmjs.org/strip-ansi/-/strip-ansi-7.1.0.tgz 5734ms (cache miss)
1260 http fetch GET 200 https://registry.npmjs.org/is-plain-obj/-/is-plain-obj-2.1.0.tgz 5754ms (cache miss)
1261 http fetch GET 200 https://registry.npmjs.org/trim-repeated/-/trim-repeated-2.0.0.tgz 5696ms (cache miss)
1262 http fetch GET 200 https://registry.npmjs.org/tempy/-/tempy-3.1.0.tgz 5689ms (cache miss)
1263 http fetch GET 200 https://registry.npmjs.org/wrap-ansi/-/wrap-ansi-9.0.0.tgz 5818ms (cache miss)
1264 http fetch GET 200 https://registry.npmjs.org/strip-eof/-/strip-eof-1.0.0.tgz 5750ms (cache miss)
1265 http fetch GET 200 https://registry.npmjs.org/strip-outer/-/strip-outer-2.0.0.tgz 5771ms (cache miss)
1266 http fetch GET 200 https://registry.npmjs.org/strtok3/-/strtok3-7.0.0.tgz 5769ms (cache miss)
1267 http fetch GET 200 https://registry.npmjs.org/strip-final-newline/-/strip-final-newline-2.0.0.tgz 5768ms (cache miss)
1268 http fetch GET 200 https://registry.npmjs.org/camelcase/-/camelcase-6.3.0.tgz 5973ms (cache miss)
1269 http fetch GET 200 https://registry.npmjs.org/strip-bom/-/strip-bom-3.0.0.tgz 5914ms (cache miss)
1270 http fetch GET 200 https://registry.npmjs.org/supports-color/-/supports-color-7.2.0.tgz 5941ms (cache miss)
1271 http fetch GET 200 https://registry.npmjs.org/string-argv/-/string-argv-0.3.2.tgz 5914ms (cache miss)
1272 http fetch GET 200 https://registry.npmjs.org/sort-keys-length/-/sort-keys-length-1.0.1.tgz 6094ms (cache miss)
1273 http fetch GET 200 https://registry.npmjs.org/spdx-exceptions/-/spdx-exceptions-2.3.0.tgz 6109ms (cache miss)
1274 http fetch GET 200 https://registry.npmjs.org/stdin-discarder/-/stdin-discarder-0.1.0.tgz 6112ms (cache miss)
1275 http fetch GET 200 https://registry.npmjs.org/thenify/-/thenify-3.3.1.tgz 6280ms (cache miss)
1276 http fetch GET 200 https://registry.npmjs.org/spdx-license-ids/-/spdx-license-ids-3.0.16.tgz 6250ms (cache miss)
1277 http fetch GET 200 https://registry.npmjs.org/semver-regex/-/semver-regex-4.0.5.tgz 6200ms (cache miss)
1278 http fetch GET 200 https://registry.npmjs.org/yn/-/yn-3.1.1.tgz 6527ms (cache miss)
1279 http fetch GET 200 https://registry.npmjs.org/v8-compile-cache-lib/-/v8-compile-cache-lib-3.0.1.tgz 6492ms (cache miss)
1280 http fetch GET 200 https://registry.npmjs.org/thenify-all/-/thenify-all-1.6.0.tgz 6467ms (cache miss)
1281 http fetch GET 200 https://registry.npmjs.org/string-width/-/string-width-7.0.0.tgz 6431ms (cache miss)
1282 http fetch GET 200 https://registry.npmjs.org/serialize-javascript/-/serialize-javascript-6.0.0.tgz 6383ms (cache miss)
1283 http fetch GET 200 https://registry.npmjs.org/safe-array-concat/-/safe-array-concat-1.0.1.tgz 6376ms (cache miss)
1284 http fetch GET 200 https://registry.npmjs.org/semver-truncate/-/semver-truncate-3.0.0.tgz 6383ms (cache miss)
1285 http fetch GET 200 https://registry.npmjs.org/run-parallel/-/run-parallel-1.2.0.tgz 6381ms (cache miss)
1286 http fetch GET 200 https://registry.npmjs.org/string_decoder/-/string_decoder-1.3.0.tgz 6635ms (cache miss)
1287 http fetch GET 200 https://registry.npmjs.org/sort-keys/-/sort-keys-1.1.2.tgz 6606ms (cache miss)
1288 http fetch GET 200 https://registry.npmjs.org/npm-run-path/-/npm-run-path-4.0.1.tgz 6575ms (cache miss)
1289 http fetch GET 200 https://registry.npmjs.org/run-applescript/-/run-applescript-5.0.0.tgz 6576ms (cache miss)
1290 http fetch GET 200 https://registry.npmjs.org/is-stream/-/is-stream-2.0.1.tgz 6574ms (cache miss)
1291 http fetch GET 200 https://registry.npmjs.org/safe-regex-test/-/safe-regex-test-1.0.0.tgz 6574ms (cache miss)
1292 http fetch GET 200 https://registry.npmjs.org/type-detect/-/type-detect-4.0.8.tgz 6800ms (cache miss)
1293 http fetch GET 200 https://registry.npmjs.org/strip-ansi/-/strip-ansi-7.1.0.tgz 6749ms (cache miss)
1294 http fetch GET 200 https://registry.npmjs.org/redent/-/redent-4.0.0.tgz 6675ms (cache miss)
1295 http fetch GET 200 https://registry.npmjs.org/jsesc/-/jsesc-0.5.0.tgz 6679ms (cache miss)
1296 http fetch GET 200 https://registry.npmjs.org/strip-indent/-/strip-indent-4.0.0.tgz 6767ms (cache miss)
1297 http fetch GET 200 https://registry.npmjs.org/randombytes/-/randombytes-2.1.0.tgz 6758ms (cache miss)
1298 http fetch GET 200 https://registry.npmjs.org/yargs-unparser/-/yargs-unparser-2.0.0.tgz 7060ms (cache miss)
1299 http fetch GET 200 https://registry.npmjs.org/pseudomap/-/pseudomap-1.0.2.tgz 6870ms (cache miss)
1300 http fetch GET 200 https://registry.npmjs.org/pluralize/-/pluralize-8.0.0.tgz 6874ms (cache miss)
1301 http fetch GET 200 https://registry.npmjs.org/token-types/-/token-types-5.0.1.tgz 7135ms (cache miss)
1302 http fetch GET 200 https://registry.npmjs.org/spdx-correct/-/spdx-correct-3.2.0.tgz 7090ms (cache miss)
1303 http fetch GET 200 https://registry.npmjs.org/restore-cursor/-/restore-cursor-4.0.0.tgz 7030ms (cache miss)
1304 http fetch GET 200 https://registry.npmjs.org/pify/-/pify-2.3.0.tgz 7016ms (cache miss)
1305 http fetch GET 200 https://registry.npmjs.org/p-finally/-/p-finally-1.0.0.tgz 7014ms (cache miss)
1306 http fetch GET 200 https://registry.npmjs.org/os-filter-obj/-/os-filter-obj-2.0.0.tgz 7012ms (cache miss)
1307 http fetch GET 200 https://registry.npmjs.org/string-width/-/string-width-6.1.0.tgz 7008ms (cache miss)
1308 http fetch GET 200 https://registry.npmjs.org/open-cli/-/open-cli-7.2.0.tgz 7011ms (cache miss)
1309 http fetch GET 200 https://registry.npmjs.org/strip-ansi/-/strip-ansi-7.1.0.tgz 7121ms (cache miss)
1310 http fetch GET 200 https://registry.npmjs.org/isarray/-/isarray-0.0.1.tgz 7127ms (cache miss)
1311 http fetch GET 200 https://registry.npmjs.org/log-symbols/-/log-symbols-5.1.0.tgz 7125ms (cache miss)
1312 http fetch GET 200 https://registry.npmjs.org/queue-microtask/-/queue-microtask-1.2.3.tgz 7230ms (cache miss)
1313 http fetch GET 200 https://registry.npmjs.org/npm-run-path/-/npm-run-path-2.0.2.tgz 7307ms (cache miss)
1314 http fetch GET 200 https://registry.npmjs.org/path-key/-/path-key-2.0.1.tgz 7314ms (cache miss)
1315 http fetch GET 200 https://registry.npmjs.org/punycode/-/punycode-2.3.1.tgz 7431ms (cache miss)
1316 http fetch GET 200 https://registry.npmjs.org/ora/-/ora-7.0.1.tgz 7419ms (cache miss)
1317 http fetch GET 200 https://registry.npmjs.org/readable-web-to-node-stream/-/readable-web-to-node-stream-3.0.2.tgz 7591ms (cache miss)
1318 http fetch GET 200 https://registry.npmjs.org/object-assign/-/object-assign-4.1.1.tgz 7550ms (cache miss)
1319 http fetch GET 200 https://registry.npmjs.org/mz/-/mz-2.7.0.tgz 7535ms (cache miss)
1320 http fetch GET 200 https://registry.npmjs.org/glob/-/glob-7.2.0.tgz 7600ms (cache miss)
1321 http fetch GET 200 https://registry.npmjs.org/test-exclude/-/test-exclude-6.0.0.tgz 7962ms (cache miss)
1322 http fetch GET 200 https://registry.npmjs.org/set-function-name/-/set-function-name-2.0.1.tgz 7873ms (cache miss)
1323 http fetch GET 200 https://registry.npmjs.org/get-stdin/-/get-stdin-9.0.0.tgz 7817ms (cache miss)
1324 http fetch GET 200 https://registry.npmjs.org/read-pkg-up/-/read-pkg-up-9.1.0.tgz 7771ms (cache miss)
1325 http fetch GET 200 https://registry.npmjs.org/read-pkg/-/read-pkg-7.1.0.tgz 7768ms (cache miss)
1326 http fetch GET 200 https://registry.npmjs.org/ansi-styles/-/ansi-styles-4.3.0.tgz 7891ms (cache miss)
1327 http fetch GET 200 https://registry.npmjs.org/make-dir/-/make-dir-4.0.0.tgz 7884ms (cache miss)
1328 http fetch GET 200 https://registry.npmjs.org/normalize-package-data/-/normalize-package-data-3.0.3.tgz 7889ms (cache miss)
1329 http fetch GET 200 https://registry.npmjs.org/resolve-pkg-maps/-/resolve-pkg-maps-1.0.0.tgz 8149ms (cache miss)
1330 http fetch GET 200 https://registry.npmjs.org/regjsparser/-/regjsparser-0.10.0.tgz 8146ms (cache miss)
1331 http fetch GET 200 https://registry.npmjs.org/strip-ansi/-/strip-ansi-7.1.0.tgz 8042ms (cache miss)
1332 http fetch GET 200 https://registry.npmjs.org/lru-queue/-/lru-queue-0.1.0.tgz 8041ms (cache miss)
1333 http fetch GET 200 https://registry.npmjs.org/map-obj/-/map-obj-4.3.0.tgz 8046ms (cache miss)
1334 http fetch GET 200 https://registry.npmjs.org/supports-color/-/supports-color-8.1.1.tgz 8191ms (cache miss)
1335 http fetch GET 200 https://registry.npmjs.org/log-update/-/log-update-6.0.0.tgz 8164ms (cache miss)
1336 http fetch GET 200 https://registry.npmjs.org/log-symbols/-/log-symbols-4.1.0.tgz 8164ms (cache miss)
1337 http fetch GET 200 https://registry.npmjs.org/slice-ansi/-/slice-ansi-7.1.0.tgz 8167ms (cache miss)
1338 http fetch GET 200 https://registry.npmjs.org/typed-array-buffer/-/typed-array-buffer-1.0.0.tgz 8491ms (cache miss)
1339 http fetch GET 200 https://registry.npmjs.org/typed-array-byte-length/-/typed-array-byte-length-1.0.0.tgz 8500ms (cache miss)
1340 http fetch GET 200 https://registry.npmjs.org/minimatch/-/minimatch-5.0.1.tgz 8294ms (cache miss)
1341 http fetch GET 200 https://registry.npmjs.org/signal-exit/-/signal-exit-4.1.0.tgz 8266ms (cache miss)
1342 http fetch GET 200 https://registry.npmjs.org/is-fullwidth-code-point/-/is-fullwidth-code-point-5.0.0.tgz 8276ms (cache miss)
1343 http fetch GET 200 https://registry.npmjs.org/typed-array-byte-offset/-/typed-array-byte-offset-1.0.0.tgz 8695ms (cache miss)
1344 http fetch GET 200 https://registry.npmjs.org/semver/-/semver-6.3.1.tgz 8595ms (cache miss)
1345 http fetch GET 200 https://registry.npmjs.org/hosted-git-info/-/hosted-git-info-2.8.9.tgz 8571ms (cache miss)
1346 http fetch GET 200 https://registry.npmjs.org/open/-/open-9.1.0.tgz 8548ms (cache miss)
1347 http fetch GET 200 https://registry.npmjs.org/@sinonjs/fake-timers/-/fake-timers-10.3.0.tgz 8518ms (cache miss)
1348 http fetch GET 200 https://registry.npmjs.org/meow/-/meow-11.0.0.tgz 8498ms (cache miss)
1349 http fetch GET 200 https://registry.npmjs.org/get-stream/-/get-stream-8.0.1.tgz 8475ms (cache miss)
1350 http fetch GET 200 https://registry.npmjs.org/human-signals/-/human-signals-5.0.0.tgz 8477ms (cache miss)
1351 http fetch GET 200 https://registry.npmjs.org/lines-and-columns/-/lines-and-columns-1.2.4.tgz 8476ms (cache miss)
1352 http fetch GET 200 https://registry.npmjs.org/lodash.get/-/lodash.get-4.4.2.tgz 8490ms (cache miss)
1353 http fetch GET 200 https://registry.npmjs.org/semver/-/semver-5.7.2.tgz 8703ms (cache miss)
1354 http fetch GET 200 https://registry.npmjs.org/just-extend/-/just-extend-4.2.1.tgz 8601ms (cache miss)
1355 http fetch GET 200 https://registry.npmjs.org/jsonpointer/-/jsonpointer-5.0.1.tgz 8600ms (cache miss)
1356 http fetch GET 200 https://registry.npmjs.org/leven/-/leven-3.1.0.tgz 8604ms (cache miss)
1357 http fetch GET 200 https://registry.npmjs.org/istanbul-lib-report/-/istanbul-lib-report-3.0.1.tgz 8597ms (cache miss)
1358 http fetch GET 200 https://registry.npmjs.org/typed-array-length/-/typed-array-length-1.0.4.tgz 9001ms (cache miss)
1359 http fetch GET 200 https://registry.npmjs.org/set-function-length/-/set-function-length-1.1.1.tgz 8888ms (cache miss)
1360 http fetch GET 200 https://registry.npmjs.org/is-weakref/-/is-weakref-1.0.2.tgz 8734ms (cache miss)
1361 http fetch GET 200 https://registry.npmjs.org/istanbul-lib-coverage/-/istanbul-lib-coverage-3.2.1.tgz 8736ms (cache miss)
1362 http fetch GET 200 https://registry.npmjs.org/isarray/-/isarray-2.0.5.tgz 8736ms (cache miss)
1363 http fetch GET 200 https://registry.npmjs.org/is-unicode-supported/-/is-unicode-supported-0.1.0.tgz 8734ms (cache miss)
1364 http fetch GET 200 https://registry.npmjs.org/is-docker/-/is-docker-2.2.1.tgz 8741ms (cache miss)
1365 http fetch GET 200 https://registry.npmjs.org/ansi-styles/-/ansi-styles-4.3.0.tgz 8881ms (cache miss)
1366 http fetch GET 200 https://registry.npmjs.org/is-wsl/-/is-wsl-2.2.0.tgz 8844ms (cache miss)
1367 http fetch GET 200 https://registry.npmjs.org/is-symbol/-/is-symbol-1.0.4.tgz 8844ms (cache miss)
1368 http fetch GET 200 https://registry.npmjs.org/is-regex/-/is-regex-1.1.4.tgz 8841ms (cache miss)
1369 http fetch GET 200 https://registry.npmjs.org/is-stream/-/is-stream-1.1.0.tgz 8843ms (cache miss)
1370 http fetch GET 200 https://registry.npmjs.org/is-string/-/is-string-1.0.7.tgz 8846ms (cache miss)
1371 http fetch GET 200 https://registry.npmjs.org/is-promise/-/is-promise-2.2.2.tgz 8844ms (cache miss)
1372 http fetch GET 200 https://registry.npmjs.org/unbox-primitive/-/unbox-primitive-1.0.2.tgz 9265ms (cache miss)
1373 http fetch GET 200 https://registry.npmjs.org/make-error/-/make-error-1.3.6.tgz 9037ms (cache miss)
1374 http fetch GET 200 https://registry.npmjs.org/keyv/-/keyv-4.5.4.tgz 9018ms (cache miss)
1375 http fetch GET 200 https://registry.npmjs.org/is-number-object/-/is-number-object-1.0.7.tgz 8986ms (cache miss)
1376 http fetch GET 200 https://registry.npmjs.org/is-inside-container/-/is-inside-container-1.0.0.tgz 8985ms (cache miss)
1377 http fetch GET 200 https://registry.npmjs.org/is-path-inside/-/is-path-inside-3.0.3.tgz 8984ms (cache miss)
1378 http fetch GET 200 https://registry.npmjs.org/safe-buffer/-/safe-buffer-5.2.1.tgz 9296ms (cache miss)
1379 http fetch GET 200 https://registry.npmjs.org/optionator/-/optionator-0.9.3.tgz 9259ms (cache miss)
1380 http fetch GET 200 https://registry.npmjs.org/is-docker/-/is-docker-3.0.0.tgz 9156ms (cache miss)
1381 http fetch GET 200 https://registry.npmjs.org/is-callable/-/is-callable-1.2.7.tgz 9256ms (cache miss)
1382 http fetch GET 200 https://registry.npmjs.org/is-boolean-object/-/is-boolean-object-1.1.2.tgz 9256ms (cache miss)
1383 http fetch GET 200 https://registry.npmjs.org/hosted-git-info/-/hosted-git-info-4.1.0.tgz 9330ms (cache miss)
1384 http fetch GET 200 https://registry.npmjs.org/lilconfig/-/lilconfig-3.0.0.tgz 9311ms (cache miss)
1385 http fetch GET 200 https://registry.npmjs.org/is-core-module/-/is-core-module-2.13.1.tgz 9272ms (cache miss)
1386 http fetch GET 200 https://registry.npmjs.org/is-bigint/-/is-bigint-1.0.4.tgz 9330ms (cache miss)
1387 http fetch GET 200 https://registry.npmjs.org/is-builtin-module/-/is-builtin-module-3.2.1.tgz 9361ms (cache miss)
1388 http fetch GET 200 https://registry.npmjs.org/which-boxed-primitive/-/which-boxed-primitive-1.0.2.tgz 9689ms (cache miss)
1389 http fetch GET 200 https://registry.npmjs.org/which-typed-array/-/which-typed-array-1.1.13.tgz 9708ms (cache miss)
1390 http fetch GET 200 https://registry.npmjs.org/side-channel/-/side-channel-1.0.4.tgz 9584ms (cache miss)
1391 http fetch GET 200 https://registry.npmjs.org/internal-slot/-/internal-slot-1.0.6.tgz 9449ms (cache miss)
1392 http fetch GET 200 https://registry.npmjs.org/ieee754/-/ieee754-1.2.1.tgz 9445ms (cache miss)
1393 http fetch GET 200 https://registry.npmjs.org/is-interactive/-/is-interactive-2.0.0.tgz 9449ms (cache miss)
1394 http fetch GET 200 https://registry.npmjs.org/hosted-git-info/-/hosted-git-info-5.2.1.tgz 9443ms (cache miss)
1395 http fetch GET 200 https://registry.npmjs.org/hasown/-/hasown-2.0.0.tgz 9445ms (cache miss)
1396 http fetch GET 200 https://registry.npmjs.org/has-symbols/-/has-symbols-1.0.3.tgz 9444ms (cache miss)
1397 http fetch GET 200 https://registry.npmjs.org/has-proto/-/has-proto-1.0.1.tgz 9444ms (cache miss)
1398 http fetch GET 200 https://registry.npmjs.org/has-bigints/-/has-bigints-1.0.2.tgz 9437ms (cache miss)
1399 http fetch GET 200 https://registry.npmjs.org/glob-promise/-/glob-promise-4.2.2.tgz 9431ms (cache miss)
1400 http fetch GET 200 https://registry.npmjs.org/gopd/-/gopd-1.0.1.tgz 9433ms (cache miss)
1401 http fetch GET 200 https://registry.npmjs.org/graceful-fs/-/graceful-fs-4.2.11.tgz 9436ms (cache miss)
1402 http fetch GET 200 https://registry.npmjs.org/get-east-asian-width/-/get-east-asian-width-1.2.0.tgz 9426ms (cache miss)
1403 http fetch GET 200 https://registry.npmjs.org/get-stream/-/get-stream-3.0.0.tgz 9430ms (cache miss)
1404 http fetch GET 200 https://registry.npmjs.org/foreground-child/-/foreground-child-2.0.0.tgz 9425ms (cache miss)
1405 http fetch GET 200 https://registry.npmjs.org/supports-preserve-symlinks-flag/-/supports-preserve-symlinks-flag-1.0.0.tgz 9745ms (cache miss)
1406 http fetch GET 200 https://registry.npmjs.org/get-intrinsic/-/get-intrinsic-1.2.2.tgz 9439ms (cache miss)
1407 http fetch GET 200 https://registry.npmjs.org/get-symbol-description/-/get-symbol-description-1.0.0.tgz 9450ms (cache miss)
1408 http fetch GET 200 https://registry.npmjs.org/functions-have-names/-/functions-have-names-1.2.3.tgz 9450ms (cache miss)
1409 http fetch GET 200 https://registry.npmjs.org/human-signals/-/human-signals-2.1.0.tgz 9544ms (cache miss)
1410 http fetch GET 200 https://registry.npmjs.org/path-to-regexp/-/path-to-regexp-1.8.0.tgz 9714ms (cache miss)
1411 http fetch GET 200 https://registry.npmjs.org/function.prototype.name/-/function.prototype.name-1.1.6.tgz 9541ms (cache miss)
1412 http fetch GET 200 https://registry.npmjs.org/function-bind/-/function-bind-1.1.2.tgz 9560ms (cache miss)
1413 http fetch GET 200 https://registry.npmjs.org/for-each/-/for-each-0.3.3.tgz 9569ms (cache miss)
1414 http fetch GET 200 https://registry.npmjs.org/flat-cache/-/flat-cache-3.1.1.tgz 9570ms (cache miss)
1415 http cache https://registry.npmjs.org/npm-run-path/-/npm-run-path-4.0.1.tgz 9528ms (cache hit)
1416 http fetch GET 200 https://registry.npmjs.org/filename-reserved-regex/-/filename-reserved-regex-3.0.0.tgz 9673ms (cache miss)
1417 http fetch GET 200 https://registry.npmjs.org/find-versions/-/find-versions-5.1.0.tgz 9680ms (cache miss)
1418 http fetch GET 200 https://registry.npmjs.org/flat/-/flat-5.0.2.tgz 9684ms (cache miss)
1419 http fetch GET 200 https://registry.npmjs.org/filenamify/-/filenamify-5.1.1.tgz 9682ms (cache miss)
1420 http fetch GET 200 https://registry.npmjs.org/ext-name/-/ext-name-5.0.0.tgz 9675ms (cache miss)
1421 http fetch GET 200 https://registry.npmjs.org/fdir/-/fdir-6.1.1.tgz 9680ms (cache miss)
1422 http fetch GET 200 https://registry.npmjs.org/fastq/-/fastq-1.15.0.tgz 9680ms (cache miss)
1423 http cache https://registry.npmjs.org/execa/-/execa-5.1.1.tgz 9696ms (cache hit)
1424 http cache https://registry.npmjs.org/is-stream/-/is-stream-2.0.1.tgz 9700ms (cache hit)
1425 http fetch GET 200 https://registry.npmjs.org/ext/-/ext-1.7.0.tgz 9833ms (cache miss)
1426 http fetch GET 200 https://registry.npmjs.org/ext-list/-/ext-list-2.2.2.tgz 9832ms (cache miss)
1427 http fetch GET 200 https://registry.npmjs.org/executable/-/executable-4.1.1.tgz 9833ms (cache miss)
1428 http fetch GET 200 https://registry.npmjs.org/yallist/-/yallist-2.1.2.tgz 9831ms (cache miss)
1429 http fetch GET 200 https://registry.npmjs.org/lru-cache/-/lru-cache-4.1.5.tgz 10112ms (cache miss)
1430 http fetch GET 200 https://registry.npmjs.org/shebang-regex/-/shebang-regex-1.0.0.tgz 10116ms (cache miss)
1431 http fetch GET 200 https://registry.npmjs.org/shebang-command/-/shebang-command-1.2.0.tgz 10116ms (cache miss)
1432 http fetch GET 200 https://registry.npmjs.org/eventemitter3/-/eventemitter3-5.0.1.tgz 10120ms (cache miss)
1433 http fetch GET 200 https://registry.npmjs.org/eslint-visitor-keys/-/eslint-visitor-keys-3.4.3.tgz 10116ms (cache miss)
1434 http fetch GET 200 https://registry.npmjs.org/event-emitter/-/event-emitter-0.3.5.tgz 10123ms (cache miss)
1435 http fetch GET 200 https://registry.npmjs.org/eslint-visitor-keys/-/eslint-visitor-keys-1.3.0.tgz 10117ms (cache miss)
1436 http fetch GET 200 https://registry.npmjs.org/cross-spawn/-/cross-spawn-5.1.0.tgz 10127ms (cache miss)
1437 http fetch GET 200 https://registry.npmjs.org/eslint-plugin-promise/-/eslint-plugin-promise-6.1.1.tgz 10331ms (cache miss)
1438 http fetch GET 200 https://registry.npmjs.org/mime-db/-/mime-db-1.52.0.tgz 10677ms (cache miss)
1439 http fetch GET 200 https://registry.npmjs.org/cliui/-/cliui-7.0.4.tgz 10681ms (cache miss)
1440 http cache https://registry.npmjs.org/semver/-/semver-7.5.4.tgz 10418ms (cache hit)
1441 http fetch GET 200 https://registry.npmjs.org/jsesc/-/jsesc-3.0.2.tgz 10621ms (cache miss)
1442 http fetch GET 200 https://registry.npmjs.org/espree/-/espree-9.6.1.tgz 10636ms (cache miss)
1443 http fetch GET 200 https://registry.npmjs.org/v8-to-istanbul/-/v8-to-istanbul-9.1.3.tgz 11116ms (cache miss)
1444 http fetch GET 200 https://registry.npmjs.org/eslint-config-standard/-/eslint-config-standard-17.1.0.tgz 10717ms (cache miss)
1445 http fetch GET 200 https://registry.npmjs.org/es6-symbol/-/es6-symbol-3.1.3.tgz 10800ms (cache miss)
1446 http fetch GET 200 https://registry.npmjs.org/globals/-/globals-13.23.0.tgz 10807ms (cache miss)
1447 http fetch GET 200 https://registry.npmjs.org/es-to-primitive/-/es-to-primitive-1.2.1.tgz 10798ms (cache miss)
1448 http fetch GET 200 https://registry.npmjs.org/eslint-plugin-prefer-arrow-functions/-/eslint-plugin-prefer-arrow-functions-3.2.4.tgz 10824ms (cache miss)
1449 http fetch GET 200 https://registry.npmjs.org/es6-weak-map/-/es6-weak-map-2.0.3.tgz 10806ms (cache miss)
1450 http fetch GET 200 https://registry.npmjs.org/eslint-import-resolver-node/-/eslint-import-resolver-node-0.3.9.tgz 10810ms (cache miss)
1451 http cache https://registry.npmjs.org/semver/-/semver-7.5.4.tgz 10744ms (cache hit)
1452 http cache https://registry.npmjs.org/semver/-/semver-7.5.4.tgz 10741ms (cache hit)
1453 http fetch GET 200 https://registry.npmjs.org/peek-readable/-/peek-readable-5.0.0.tgz 11130ms (cache miss)
1454 http fetch GET 200 https://registry.npmjs.org/es-shim-unscopables/-/es-shim-unscopables-1.0.2.tgz 10935ms (cache miss)
1455 http fetch GET 200 https://registry.npmjs.org/es6-iterator/-/es6-iterator-2.0.3.tgz 10940ms (cache miss)
1456 http fetch GET 200 https://registry.npmjs.org/es-set-tostringtag/-/es-set-tostringtag-2.0.2.tgz 10936ms (cache miss)
1457 http fetch GET 200 https://registry.npmjs.org/es-main/-/es-main-1.3.0.tgz 10936ms (cache miss)
1458 http fetch GET 200 https://registry.npmjs.org/next-tick/-/next-tick-1.1.0.tgz 11228ms (cache miss)
1459 http fetch GET 200 https://registry.npmjs.org/normalize-package-data/-/normalize-package-data-4.0.1.tgz 11243ms (cache miss)
1460 http fetch GET 200 https://registry.npmjs.org/execa/-/execa-5.1.1.tgz 11320ms (cache miss)
1461 http fetch GET 200 https://registry.npmjs.org/ansi-styles/-/ansi-styles-4.3.0.tgz 11061ms (cache miss)
1462 http fetch GET 200 https://registry.npmjs.org/define-properties/-/define-properties-1.2.1.tgz 11055ms (cache miss)
1463 http fetch GET 200 https://registry.npmjs.org/default-browser-id/-/default-browser-id-3.0.0.tgz 11053ms (cache miss)
1464 http fetch GET 200 https://registry.npmjs.org/default-browser/-/default-browser-4.0.0.tgz 11055ms (cache miss)
1465 http cache https://registry.npmjs.org/@sinonjs/commons/-/commons-2.0.0.tgz 11035ms (cache hit)
1466 http cache https://registry.npmjs.org/@sinonjs/commons/-/commons-3.0.0.tgz 11042ms (cache hit)
1467 http fetch GET 200 https://registry.npmjs.org/emoji-regex/-/emoji-regex-10.3.0.tgz 11207ms (cache miss)
1468 http fetch GET 200 https://registry.npmjs.org/human-signals/-/human-signals-4.3.1.tgz 11203ms (cache miss)
1469 http fetch GET 200 https://registry.npmjs.org/decamelize/-/decamelize-6.0.0.tgz 11199ms (cache miss)
1470 http fetch GET 200 https://registry.npmjs.org/define-lazy-prop/-/define-lazy-prop-3.0.0.tgz 11210ms (cache miss)
1471 http fetch GET 200 https://registry.npmjs.org/crypto-random-string/-/crypto-random-string-4.0.0.tgz 11195ms (cache miss)
1472 http fetch GET 200 https://registry.npmjs.org/decamelize-keys/-/decamelize-keys-1.1.1.tgz 11202ms (cache miss)
1473 http cache https://registry.npmjs.org/semver/-/semver-7.5.4.tgz 11177ms (cache hit)
1474 http fetch GET 200 https://registry.npmjs.org/object-keys/-/object-keys-1.1.1.tgz 11563ms (cache miss)
1475 http fetch GET 200 https://registry.npmjs.org/create-require/-/create-require-1.1.1.tgz 11334ms (cache miss)
1476 http fetch GET 200 https://registry.npmjs.org/content-disposition/-/content-disposition-0.5.4.tgz 11334ms (cache miss)
1477 http fetch GET 200 https://registry.npmjs.org/d/-/d-1.0.1.tgz 11342ms (cache miss)
1478 http fetch GET 200 https://registry.npmjs.org/convert-source-map/-/convert-source-map-2.0.0.tgz 11332ms (cache miss)
1479 http fetch GET 200 https://registry.npmjs.org/cli-truncate/-/cli-truncate-4.0.0.tgz 11327ms (cache miss)
1480 http fetch GET 200 https://registry.npmjs.org/cli-spinners/-/cli-spinners-2.9.1.tgz 11325ms (cache miss)
1481 http fetch GET 200 https://registry.npmjs.org/execa/-/execa-0.7.0.tgz 11487ms (cache miss)
1482 http fetch GET 200 https://registry.npmjs.org/ansi-styles/-/ansi-styles-4.3.0.tgz 11418ms (cache miss)
1483 http fetch GET 200 https://registry.npmjs.org/cli-cursor/-/cli-cursor-4.0.0.tgz 11421ms (cache miss)
1484 http fetch GET 200 https://registry.npmjs.org/colorette/-/colorette-2.0.20.tgz 11433ms (cache miss)
1485 http fetch GET 200 https://registry.npmjs.org/compare-versions/-/compare-versions-6.1.0.tgz 11432ms (cache miss)
1486 http fetch GET 200 https://registry.npmjs.org/clean-regexp/-/clean-regexp-1.0.0.tgz 11424ms (cache miss)
1487 http fetch GET 200 https://registry.npmjs.org/cli-color/-/cli-color-2.0.3.tgz 11426ms (cache miss)
1488 http cache https://registry.npmjs.org/semver/-/semver-7.5.4.tgz 11361ms (cache hit)
1489 http fetch GET 200 https://registry.npmjs.org/ci-info/-/ci-info-3.9.0.tgz 11484ms (cache miss)
1490 http fetch GET 200 https://registry.npmjs.org/chalk/-/chalk-5.3.0.tgz 11484ms (cache miss)
1491 http fetch GET 200 https://registry.npmjs.org/call-bind/-/call-bind-1.0.5.tgz 11480ms (cache miss)
1492 http fetch GET 200 https://registry.npmjs.org/cacheable-request/-/cacheable-request-7.0.4.tgz 11481ms (cache miss)
1493 http fetch GET 200 https://registry.npmjs.org/camelcase/-/camelcase-7.0.1.tgz 11485ms (cache miss)
1494 http fetch GET 200 https://registry.npmjs.org/lru-cache/-/lru-cache-7.18.3.tgz 11701ms (cache miss)
1495 http fetch GET 200 https://registry.npmjs.org/call-me-maybe/-/call-me-maybe-1.0.2.tgz 11564ms (cache miss)
1496 http fetch GET 200 https://registry.npmjs.org/camelcase-keys/-/camelcase-keys-8.0.2.tgz 11568ms (cache miss)
1497 http fetch GET 200 https://registry.npmjs.org/chalk-template/-/chalk-template-1.1.0.tgz 11571ms (cache miss)
1498 http fetch GET 200 https://registry.npmjs.org/bundle-name/-/bundle-name-3.0.0.tgz 11564ms (cache miss)
1499 http fetch GET 200 https://registry.npmjs.org/quick-lru/-/quick-lru-6.1.2.tgz 11571ms (cache miss)
1500 http fetch GET 200 https://registry.npmjs.org/file-type/-/file-type-18.6.0.tgz 11953ms (cache miss)
1501 http fetch GET 200 https://registry.npmjs.org/bin-version/-/bin-version-6.0.0.tgz 11651ms (cache miss)
1502 http fetch GET 200 https://registry.npmjs.org/bin-version-check/-/bin-version-check-5.1.0.tgz 11653ms (cache miss)
1503 http fetch GET 200 https://registry.npmjs.org/browser-stdout/-/browser-stdout-1.3.1.tgz 11651ms (cache miss)
1504 http fetch GET 200 https://registry.npmjs.org/c8/-/c8-8.0.1.tgz 11668ms (cache miss)
1505 http fetch GET 200 https://registry.npmjs.org/builtin-modules/-/builtin-modules-3.3.0.tgz 11667ms (cache miss)
1506 http fetch GET 200 https://registry.npmjs.org/base64-js/-/base64-js-1.5.1.tgz 11646ms (cache miss)
1507 http fetch GET 200 https://registry.npmjs.org/balanced-match/-/balanced-match-1.0.2.tgz 11768ms (cache miss)
1508 http fetch GET 200 https://registry.npmjs.org/bin-check/-/bin-check-4.1.0.tgz 11772ms (cache miss)
1509 http fetch GET 200 https://registry.npmjs.org/ansi-styles/-/ansi-styles-4.3.0.tgz 11770ms (cache miss)
1510 http fetch GET 200 https://registry.npmjs.org/array.prototype.flatmap/-/array.prototype.flatmap-1.3.2.tgz 11766ms (cache miss)
1511 http fetch GET 200 https://registry.npmjs.org/available-typed-arrays/-/available-typed-arrays-1.0.5.tgz 11769ms (cache miss)
1512 http fetch GET 200 https://registry.npmjs.org/arraybuffer.prototype.slice/-/arraybuffer.prototype.slice-1.0.2.tgz 11768ms (cache miss)
1513 http fetch GET 200 https://registry.npmjs.org/array-includes/-/array-includes-3.1.7.tgz 11768ms (cache miss)
1514 http fetch GET 200 https://registry.npmjs.org/get-tsconfig/-/get-tsconfig-4.7.2.tgz 11943ms (cache miss)
1515 http fetch GET 200 https://registry.npmjs.org/array.prototype.flat/-/array.prototype.flat-1.3.2.tgz 11812ms (cache miss)
1516 http fetch GET 200 https://registry.npmjs.org/arg/-/arg-4.1.3.tgz 11811ms (cache miss)
1517 http fetch GET 200 https://registry.npmjs.org/array-buffer-byte-length/-/array-buffer-byte-length-1.0.0.tgz 11814ms (cache miss)
1518 http fetch GET 200 https://registry.npmjs.org/array.prototype.findlastindex/-/array.prototype.findlastindex-1.2.3.tgz 11817ms (cache miss)
1519 http fetch GET 200 https://registry.npmjs.org/arch/-/arch-2.2.0.tgz 11813ms (cache miss)
1520 http fetch GET 200 https://registry.npmjs.org/listr2/-/listr2-8.0.0.tgz 12086ms (cache miss)
1521 http fetch GET 200 https://registry.npmjs.org/ajv-errors/-/ajv-errors-3.0.0.tgz 11851ms (cache miss)
1522 http fetch GET 200 https://registry.npmjs.org/ajv-formats/-/ajv-formats-2.1.1.tgz 11854ms (cache miss)
1523 http fetch GET 200 https://registry.npmjs.org/ansi-escapes/-/ansi-escapes-6.2.0.tgz 11856ms (cache miss)
1524 http fetch GET 200 https://registry.npmjs.org/are-docs-informative/-/are-docs-informative-0.0.2.tgz 11860ms (cache miss)
1525 http fetch GET 200 https://registry.npmjs.org/ansi-colors/-/ansi-colors-4.1.1.tgz 11856ms (cache miss)
1526 http fetch GET 200 https://registry.npmjs.org/any-promise/-/any-promise-1.3.0.tgz 11862ms (cache miss)
1527 http fetch GET 200 https://registry.npmjs.org/eslint-visitor-keys/-/eslint-visitor-keys-3.4.3.tgz 11915ms (cache miss)
1528 http fetch GET 200 https://registry.npmjs.org/acorn-walk/-/acorn-walk-8.3.0.tgz 11920ms (cache miss)
1529 http fetch GET 200 https://registry.npmjs.org/string.prototype.trimstart/-/string.prototype.trimstart-1.0.7.tgz 12383ms (cache miss)
1530 http fetch GET 200 https://registry.npmjs.org/string.prototype.trimend/-/string.prototype.trimend-1.0.7.tgz 12383ms (cache miss)
1531 http fetch GET 200 https://registry.npmjs.org/is-array-buffer/-/is-array-buffer-3.0.2.tgz 12163ms (cache miss)
1532 http fetch GET 200 https://registry.npmjs.org/has-property-descriptors/-/has-property-descriptors-1.0.1.tgz 12156ms (cache miss)
1533 http fetch GET 200 https://registry.npmjs.org/is-typed-array/-/is-typed-array-1.1.12.tgz 12207ms (cache miss)
1534 http fetch GET 200 https://registry.npmjs.org/@types/yargs-parser/-/yargs-parser-21.0.2.tgz 11986ms (cache miss)
1535 http fetch GET 200 https://registry.npmjs.org/@types/semver/-/semver-7.5.6.tgz 11984ms (cache miss)
1536 http fetch GET 200 https://registry.npmjs.org/is-shared-array-buffer/-/is-shared-array-buffer-1.0.2.tgz 12243ms (cache miss)
1537 http fetch GET 200 https://registry.npmjs.org/@typescript-eslint/visitor-keys/-/visitor-keys-6.13.2.tgz 12127ms (cache miss)
1538 http fetch GET 200 https://registry.npmjs.org/ts-api-utils/-/ts-api-utils-1.0.3.tgz 12638ms (cache miss)
1539 http fetch GET 200 https://registry.npmjs.org/is-negative-zero/-/is-negative-zero-2.0.2.tgz 12359ms (cache miss)
1540 http fetch GET 200 https://registry.npmjs.org/@ungap/structured-clone/-/structured-clone-1.2.0.tgz 12166ms (cache miss)
1541 http fetch GET 200 https://registry.npmjs.org/html-escaper/-/html-escaper-2.0.2.tgz 12365ms (cache miss)
1542 http fetch GET 200 https://registry.npmjs.org/@types/yargs/-/yargs-17.0.32.tgz 12175ms (cache miss)
1543 http fetch GET 200 https://registry.npmjs.org/@typescript-eslint/parser/-/parser-6.13.2.tgz 12191ms (cache miss)
1544 http fetch GET 200 https://registry.npmjs.org/regexp.prototype.flags/-/regexp.prototype.flags-1.5.1.tgz 12595ms (cache miss)
1545 http fetch GET 200 https://registry.npmjs.org/is-date-object/-/is-date-object-1.0.5.tgz 12429ms (cache miss)
1546 http fetch GET 200 https://registry.npmjs.org/buffer/-/buffer-6.0.3.tgz 12274ms (cache miss)
1547 http fetch GET 200 https://registry.npmjs.org/@types/sinonjs__fake-timers/-/sinonjs__fake-timers-8.1.4.tgz 12217ms (cache miss)
1548 http fetch GET 200 https://registry.npmjs.org/@types/responselike/-/responselike-1.0.2.tgz 12220ms (cache miss)
1549 http fetch GET 200 https://registry.npmjs.org/json5/-/json5-1.0.2.tgz 12758ms (cache miss)
1550 http fetch GET 200 https://registry.npmjs.org/debug/-/debug-3.2.7.tgz 12386ms (cache miss)
1551 http fetch GET 200 https://registry.npmjs.org/debug/-/debug-3.2.7.tgz 12386ms (cache miss)
1552 http fetch GET 200 https://registry.npmjs.org/debug/-/debug-3.2.7.tgz 12389ms (cache miss)
1553 http fetch GET 200 https://registry.npmjs.org/@typescript-eslint/visitor-keys/-/visitor-keys-6.13.2.tgz 12263ms (cache miss)
1554 http fetch GET 200 https://registry.npmjs.org/@types/json5/-/json5-0.0.29.tgz 12243ms (cache miss)
1555 http fetch GET 200 https://registry.npmjs.org/eslint-import-resolver-typescript/-/eslint-import-resolver-typescript-3.6.1.tgz 12426ms (cache miss)
1556 http fetch GET 200 https://registry.npmjs.org/eslint-visitor-keys/-/eslint-visitor-keys-3.4.3.tgz 12428ms (cache miss)
1557 http fetch GET 200 https://registry.npmjs.org/@types/minimatch/-/minimatch-5.1.2.tgz 12306ms (cache miss)
1558 http fetch GET 200 https://registry.npmjs.org/@types/prettier/-/prettier-2.7.3.tgz 12317ms (cache miss)
1559 http fetch GET 200 https://registry.npmjs.org/object.fromentries/-/object.fromentries-2.0.7.tgz 12685ms (cache miss)
1560 http fetch GET 200 https://registry.npmjs.org/doctrine/-/doctrine-2.1.0.tgz 12488ms (cache miss)
1561 http fetch GET 200 https://registry.npmjs.org/@types/istanbul-lib-coverage/-/istanbul-lib-coverage-2.0.5.tgz 12337ms (cache miss)
1562 http fetch GET 200 https://registry.npmjs.org/@types/normalize-package-data/-/normalize-package-data-2.4.3.tgz 12355ms (cache miss)
1563 http fetch GET 200 https://registry.npmjs.org/eslint-visitor-keys/-/eslint-visitor-keys-3.4.3.tgz 12375ms (cache miss)
1564 http fetch GET 200 https://registry.npmjs.org/eslint-visitor-keys/-/eslint-visitor-keys-3.4.3.tgz 12373ms (cache miss)
1565 http fetch GET 200 https://registry.npmjs.org/eslint-visitor-keys/-/eslint-visitor-keys-3.4.3.tgz 12369ms (cache miss)
1566 http fetch GET 200 https://registry.npmjs.org/@types/glob/-/glob-7.2.0.tgz 12353ms (cache miss)
1567 http fetch GET 200 https://registry.npmjs.org/@types/deep-diff/-/deep-diff-1.0.5.tgz 12394ms (cache miss)
1568 http fetch GET 200 https://registry.npmjs.org/file-type/-/file-type-17.1.6.tgz 12598ms (cache miss)
1569 http fetch GET 200 https://registry.npmjs.org/@tsconfig/node14/-/node14-1.0.3.tgz 12424ms (cache miss)
1570 http fetch GET 200 https://registry.npmjs.org/@typescript-eslint/visitor-keys/-/visitor-keys-6.13.2.tgz 12491ms (cache miss)
1571 http fetch GET 200 https://registry.npmjs.org/string.prototype.trim/-/string.prototype.trim-1.2.8.tgz 12997ms (cache miss)
1572 http fetch GET 200 https://registry.npmjs.org/@tsconfig/node10/-/node10-1.0.9.tgz 12566ms (cache miss)
1573 http fetch GET 200 https://registry.npmjs.org/object.values/-/object.values-1.1.7.tgz 12957ms (cache miss)
1574 http fetch GET 200 https://registry.npmjs.org/has-tostringtag/-/has-tostringtag-1.0.0.tgz 12868ms (cache miss)
1575 http fetch GET 200 https://registry.npmjs.org/@types/sinon/-/sinon-17.0.2.tgz 12694ms (cache miss)
1576 http fetch GET 200 https://registry.npmjs.org/@types/mocha/-/mocha-10.0.6.tgz 12693ms (cache miss)
1577 http fetch GET 200 https://registry.npmjs.org/execa/-/execa-8.0.1.tgz 12980ms (cache miss)
1578 http fetch GET 200 https://registry.npmjs.org/@typescript-eslint/visitor-keys/-/visitor-keys-6.13.2.tgz 12752ms (cache miss)
1579 http fetch GET 200 https://registry.npmjs.org/commander/-/commander-7.2.0.tgz 12850ms (cache miss)
1580 http fetch GET 200 https://registry.npmjs.org/eslint-utils/-/eslint-utils-2.1.0.tgz 12944ms (cache miss)
1581 http fetch GET 200 https://registry.npmjs.org/@tsconfig/node16/-/node16-1.0.4.tgz 12813ms (cache miss)
1582 http fetch GET 200 https://registry.npmjs.org/object.groupby/-/object.groupby-1.0.1.tgz 13199ms (cache miss)
1583 http fetch GET 200 https://registry.npmjs.org/@tokenizer/token/-/token-0.3.0.tgz 12853ms (cache miss)
1584 http fetch GET 200 https://registry.npmjs.org/@types/json-schema/-/json-schema-7.0.14.tgz 12947ms (cache miss)
1585 http fetch GET 200 https://registry.npmjs.org/big-integer/-/big-integer-1.6.51.tgz 13027ms (cache miss)
1586 http fetch GET 200 https://registry.npmjs.org/@types/http-cache-semantics/-/http-cache-semantics-4.0.3.tgz 12966ms (cache miss)
1587 http fetch GET 200 https://registry.npmjs.org/commander/-/commander-11.1.0.tgz 13293ms (cache miss)
1588 http fetch GET 200 https://registry.npmjs.org/define-data-property/-/define-data-property-1.1.1.tgz 13150ms (cache miss)
1589 http fetch GET 200 https://registry.npmjs.org/@types/minimist/-/minimist-1.2.4.tgz 13030ms (cache miss)
1590 http fetch GET 200 https://registry.npmjs.org/@nodelib/fs.walk/-/fs.walk-1.2.8.tgz 13052ms (cache miss)
1591 http fetch GET 200 https://registry.npmjs.org/web-specs/-/web-specs-2.75.1.tgz 13667ms (cache miss)
1592 http fetch GET 200 https://registry.npmjs.org/tapable/-/tapable-2.2.1.tgz 13629ms (cache miss)
1593 http fetch GET 200 https://registry.npmjs.org/@tsconfig/node12/-/node12-1.0.11.tgz 13148ms (cache miss)
1594 http fetch GET 200 https://registry.npmjs.org/@nodelib/fs.scandir/-/fs.scandir-2.1.5.tgz 13217ms (cache miss)
1595 http fetch GET 200 https://registry.npmjs.org/@nicolo-ribaudo/eslint-scope-5-internals/-/eslint-scope-5-internals-5.1.1-v1.tgz 13298ms (cache miss)
1596 http fetch GET 200 https://registry.npmjs.org/timers-ext/-/timers-ext-0.1.7.tgz 13883ms (cache miss)
1597 http fetch GET 200 https://registry.npmjs.org/@jridgewell/resolve-uri/-/resolve-uri-3.1.1.tgz 13398ms (cache miss)
1598 http fetch GET 200 https://registry.npmjs.org/@nodelib/fs.stat/-/fs.stat-2.0.5.tgz 13406ms (cache miss)
1599 http fetch GET 200 https://registry.npmjs.org/@jridgewell/sourcemap-codec/-/sourcemap-codec-1.4.15.tgz 13398ms (cache miss)
1600 http fetch GET 200 https://registry.npmjs.org/execa/-/execa-7.2.0.tgz 13661ms (cache miss)
1601 http fetch GET 200 https://registry.npmjs.org/globalthis/-/globalthis-1.0.3.tgz 13764ms (cache miss)
1602 http fetch GET 200 https://registry.npmjs.org/flatted/-/flatted-3.2.9.tgz 13794ms (cache miss)
1603 http fetch GET 200 https://registry.npmjs.org/eslint-scope/-/eslint-scope-7.2.2.tgz 13743ms (cache miss)
1604 http fetch GET 200 https://registry.npmjs.org/@humanwhocodes/module-importer/-/module-importer-1.0.1.tgz 13567ms (cache miss)
1605 http fetch GET 200 https://registry.npmjs.org/bplist-parser/-/bplist-parser-0.2.0.tgz 13683ms (cache miss)
1606 http fetch GET 200 https://registry.npmjs.org/@humanwhocodes/config-array/-/config-array-0.11.13.tgz 13617ms (cache miss)
1607 http fetch GET 200 https://registry.npmjs.org/@istanbuljs/schema/-/schema-0.1.3.tgz 13678ms (cache miss)
1608 http fetch GET 200 https://registry.npmjs.org/eslint-module-utils/-/eslint-module-utils-2.8.0.tgz 14068ms (cache miss)
1609 http fetch GET 200 https://registry.npmjs.org/@humanwhocodes/object-schema/-/object-schema-2.0.1.tgz 13904ms (cache miss)
1610 http fetch GET 200 https://registry.npmjs.org/source-map/-/source-map-0.7.4.tgz 14457ms (cache miss)
1611 http fetch GET 200 https://registry.npmjs.org/globals/-/globals-13.23.0.tgz 14032ms (cache miss)
1612 http fetch GET 200 https://registry.npmjs.org/bl/-/bl-5.1.0.tgz 14221ms (cache miss)
1613 http fetch GET 200 https://registry.npmjs.org/eslint-visitor-keys/-/eslint-visitor-keys-3.4.3.tgz 14139ms (cache miss)
1614 http fetch GET 200 https://registry.npmjs.org/@humanwhocodes/momoa/-/momoa-2.0.4.tgz 14205ms (cache miss)
1615 http fetch GET 200 https://registry.npmjs.org/@babel/highlight/-/highlight-7.22.20.tgz 14193ms (cache miss)
1616 http fetch GET 200 https://registry.npmjs.org/@babel/plugin-syntax-import-assertions/-/plugin-syntax-import-assertions-7.23.3.tgz 14194ms (cache miss)
1617 http fetch GET 200 https://registry.npmjs.org/@babel/code-frame/-/code-frame-7.22.13.tgz 14216ms (cache miss)
1618 http fetch GET 200 https://registry.npmjs.org/@babel/helper-plugin-utils/-/helper-plugin-utils-7.22.5.tgz 14257ms (cache miss)
1619 http fetch GET 200 https://registry.npmjs.org/nanoid/-/nanoid-3.3.3.tgz 14806ms (cache miss)
1620 http fetch GET 200 https://registry.npmjs.org/minimist/-/minimist-1.2.8.tgz 14797ms (cache miss)
1621 http fetch GET 200 https://registry.npmjs.org/wrappy/-/wrappy-1.0.2.tgz 15053ms (cache miss)
1622 http fetch GET 200 https://registry.npmjs.org/util-deprecate/-/util-deprecate-1.0.2.tgz 15040ms (cache miss)
1623 http fetch GET 200 https://registry.npmjs.org/natural-compare/-/natural-compare-1.4.0.tgz 14815ms (cache miss)
1624 http fetch GET 200 https://registry.npmjs.org/text-table/-/text-table-0.2.0.tgz 15036ms (cache miss)
1625 http fetch GET 200 https://registry.npmjs.org/once/-/once-1.4.0.tgz 14889ms (cache miss)
1626 http fetch GET 200 https://registry.npmjs.org/@sinonjs/fake-timers/-/fake-timers-11.2.2.tgz 14497ms (cache miss)
1627 http fetch GET 200 https://registry.npmjs.org/isexe/-/isexe-2.0.0.tgz 14830ms (cache miss)
1628 http fetch GET 200 https://registry.npmjs.org/json-stable-stringify-without-jsonify/-/json-stable-stringify-without-jsonify-1.0.1.tgz 14837ms (cache miss)
1629 http fetch GET 200 https://registry.npmjs.org/is-extglob/-/is-extglob-2.1.1.tgz 14836ms (cache miss)
1630 http fetch GET 200 https://registry.npmjs.org/@eslint/js/-/js-8.55.0.tgz 14555ms (cache miss)
1631 http fetch GET 200 https://registry.npmjs.org/is-plain-obj/-/is-plain-obj-1.1.0.tgz 14842ms (cache miss)
1632 http fetch GET 200 https://registry.npmjs.org/readable-stream/-/readable-stream-3.6.2.tgz 14998ms (cache miss)
1633 http fetch GET 200 https://registry.npmjs.org/fs.realpath/-/fs.realpath-1.0.0.tgz 14826ms (cache miss)
1634 http fetch GET 200 https://registry.npmjs.org/imurmurhash/-/imurmurhash-0.1.4.tgz 14858ms (cache miss)
1635 http fetch GET 200 https://registry.npmjs.org/@aashutoshrathi/word-wrap/-/word-wrap-1.2.6.tgz 14561ms (cache miss)
1636 http fetch GET 200 https://registry.npmjs.org/inflight/-/inflight-1.0.6.tgz 14862ms (cache miss)
1637 http fetch GET 200 https://registry.npmjs.org/fast-levenshtein/-/fast-levenshtein-2.0.6.tgz 14837ms (cache miss)
1638 http fetch GET 200 https://registry.npmjs.org/map-obj/-/map-obj-1.0.1.tgz 14837ms (cache miss)
1639 http fetch GET 200 https://registry.npmjs.org/is-arrayish/-/is-arrayish-0.2.1.tgz 14959ms (cache miss)
1640 http fetch GET 200 https://registry.npmjs.org/arrify/-/arrify-1.0.1.tgz 14797ms (cache miss)
1641 http fetch GET 200 https://registry.npmjs.org/decamelize/-/decamelize-1.2.0.tgz 14861ms (cache miss)
1642 http fetch GET 200 https://registry.npmjs.org/concat-map/-/concat-map-0.0.1.tgz 14850ms (cache miss)
1643 http fetch GET 200 https://registry.npmjs.org/acorn/-/acorn-8.11.2.tgz 14818ms (cache miss)
1644 http fetch GET 200 https://registry.npmjs.org/@babel/helper-validator-identifier/-/helper-validator-identifier-7.22.20.tgz 14801ms (cache miss)
1645 http fetch GET 200 https://registry.npmjs.org/@swc/types/-/types-0.1.5.tgz 14878ms (cache miss)
1646 http fetch GET 200 https://registry.npmjs.org/memoizee/-/memoizee-0.4.15.tgz 15280ms (cache miss)
1647 http fetch GET 200 https://registry.npmjs.org/workerpool/-/workerpool-6.2.1.tgz 15598ms (cache miss)
1648 http fetch GET 200 https://registry.npmjs.org/@eslint-community/eslint-utils/-/eslint-utils-4.4.0.tgz 15007ms (cache miss)
1649 http fetch GET 200 https://registry.npmjs.org/undici-types/-/undici-types-5.26.5.tgz 15620ms (cache miss)
1650 http fetch GET 200 https://registry.npmjs.org/@cspotcode/source-map-support/-/source-map-support-0.8.1.tgz 15040ms (cache miss)
1651 http fetch GET 200 https://registry.npmjs.org/@eslint-community/regexpp/-/regexpp-4.10.0.tgz 15266ms (cache miss)
1652 http fetch GET 200 https://registry.npmjs.org/esquery/-/esquery-1.5.0.tgz 15486ms (cache miss)
1653 http fetch GET 200 https://registry.npmjs.org/graphemer/-/graphemer-1.4.0.tgz 15593ms (cache miss)
1654 http fetch GET 200 https://registry.npmjs.org/nise/-/nise-5.1.5.tgz 15728ms (cache miss)
1655 http fetch GET 200 https://registry.npmjs.org/object-inspect/-/object-inspect-1.13.1.tgz 15762ms (cache miss)
1656 http fetch GET 200 https://registry.npmjs.org/@typescript-eslint/types/-/types-6.13.2.tgz 15469ms (cache miss)
1657 http fetch GET 200 https://registry.npmjs.org/@typescript-eslint/types/-/types-6.13.2.tgz 15510ms (cache miss)
1658 http fetch GET 200 https://registry.npmjs.org/@jridgewell/trace-mapping/-/trace-mapping-0.3.9.tgz 15441ms (cache miss)
1659 http fetch GET 200 https://registry.npmjs.org/lint-staged/-/lint-staged-15.2.0.tgz 15922ms (cache miss)
1660 http fetch GET 200 https://registry.npmjs.org/@typescript-eslint/types/-/types-6.13.2.tgz 15705ms (cache miss)
1661 http fetch GET 200 https://registry.npmjs.org/@jridgewell/trace-mapping/-/trace-mapping-0.3.20.tgz 15737ms (cache miss)
1662 http fetch GET 200 https://registry.npmjs.org/@sinonjs/text-encoding/-/text-encoding-0.7.2.tgz 15754ms (cache miss)
1663 http fetch GET 200 https://registry.npmjs.org/diff/-/diff-5.1.0.tgz 16294ms (cache miss)
1664 http fetch GET 200 https://registry.npmjs.org/@mole-inc/bin-wrapper/-/bin-wrapper-8.0.1.tgz 15855ms (cache miss)
1665 http fetch GET 200 https://registry.npmjs.org/diff/-/diff-4.0.2.tgz 16457ms (cache miss)
1666 http fetch GET 200 https://registry.npmjs.org/@typescript-eslint/types/-/types-6.13.2.tgz 15938ms (cache miss)
1667 http fetch GET 200 https://registry.npmjs.org/object.assign/-/object.assign-4.1.4.tgz 16310ms (cache miss)
1668 http fetch GET 200 https://registry.npmjs.org/diff/-/diff-5.0.0.tgz 16225ms (cache miss)
1669 http fetch GET 200 https://registry.npmjs.org/@swc/core/-/core-1.3.80.tgz 16655ms (cache miss)
1670 http fetch GET 200 https://registry.npmjs.org/@desertnet/scanner/-/scanner-1.1.1.tgz 16861ms (cache miss)
1671 http fetch GET 200 https://registry.npmjs.org/semver/-/semver-7.5.4.tgz 17507ms (cache miss)
1672 http fetch GET 200 https://registry.npmjs.org/semver/-/semver-7.5.4.tgz 17423ms (cache miss)
1673 http fetch GET 200 https://registry.npmjs.org/semver/-/semver-7.5.4.tgz 17439ms (cache miss)
1674 http fetch GET 200 https://registry.npmjs.org/semver/-/semver-7.5.4.tgz 17885ms (cache miss)
1675 http fetch GET 200 https://registry.npmjs.org/enhanced-resolve/-/enhanced-resolve-5.15.0.tgz 17787ms (cache miss)
1676 http fetch GET 200 https://registry.npmjs.org/deep-diff/-/deep-diff-1.0.2.tgz 17832ms (cache miss)
1677 http fetch GET 200 https://registry.npmjs.org/@sinonjs/commons/-/commons-3.0.0.tgz 18085ms (cache miss)
1678 http fetch GET 200 https://registry.npmjs.org/@sinonjs/commons/-/commons-2.0.0.tgz 18086ms (cache miss)
1679 http fetch GET 200 https://registry.npmjs.org/uri-js/-/uri-js-4.4.1.tgz 18393ms (cache miss)
1680 http fetch GET 200 https://registry.npmjs.org/semver/-/semver-7.5.4.tgz 18004ms (cache miss)
1681 http fetch GET 200 https://registry.npmjs.org/semver/-/semver-7.5.4.tgz 18017ms (cache miss)
1682 http fetch GET 200 https://registry.npmjs.org/@eslint/eslintrc/-/eslintrc-2.1.4.tgz 17822ms (cache miss)
1683 http fetch GET 200 https://registry.npmjs.org/@es-joy/jsdoccomment/-/jsdoccomment-0.41.0.tgz 17957ms (cache miss)
1684 http fetch GET 200 https://registry.npmjs.org/got/-/got-11.8.6.tgz 18217ms (cache miss)
1685 http fetch GET 200 https://registry.npmjs.org/istanbul-reports/-/istanbul-reports-3.1.6.tgz 18294ms (cache miss)
1686 http fetch GET 200 https://registry.npmjs.org/semver/-/semver-7.5.4.tgz 18085ms (cache miss)
1687 http fetch GET 200 https://registry.npmjs.org/@swc/cli/-/cli-0.1.63.tgz 18014ms (cache miss)
1688 http fetch GET 200 https://registry.npmjs.org/type-fest/-/type-fest-1.4.0.tgz 18717ms (cache miss)
1689 http fetch GET 200 https://registry.npmjs.org/fast-glob/-/fast-glob-3.3.2.tgz 18386ms (cache miss)
1690 http fetch GET 200 https://registry.npmjs.org/yargs/-/yargs-16.2.0.tgz 18650ms (cache miss)
1691 http fetch GET 200 https://registry.npmjs.org/@babel/eslint-parser/-/eslint-parser-7.23.3.tgz 18291ms (cache miss)
1692 http fetch GET 200 https://registry.npmjs.org/yargs/-/yargs-17.7.2.tgz 19069ms (cache miss)
1693 http fetch GET 200 https://registry.npmjs.org/regexp-tree/-/regexp-tree-0.1.27.tgz 18975ms (cache miss)
1694 http fetch GET 200 https://registry.npmjs.org/@desertnet/html-parser/-/html-parser-1.0.1.tgz 18683ms (cache miss)
1695 http fetch GET 200 https://registry.npmjs.org/@typescript-eslint/type-utils/-/type-utils-6.13.2.tgz 18970ms (cache miss)
1696 http fetch GET 200 https://registry.npmjs.org/@bcherny/json-schema-ref-parser/-/json-schema-ref-parser-10.0.5-fork.tgz 18934ms (cache miss)
1697 http fetch GET 200 https://registry.npmjs.org/better-ajv-errors/-/better-ajv-errors-1.2.0.tgz 19077ms (cache miss)
1698 http fetch GET 200 https://registry.npmjs.org/tsconfig-paths/-/tsconfig-paths-3.14.2.tgz 19603ms (cache miss)
1699 http fetch GET 200 https://registry.npmjs.org/@jsdevtools/ono/-/ono-7.1.3.tgz 19062ms (cache miss)
1700 http fetch GET 200 https://registry.npmjs.org/@bcoe/v8-coverage/-/v8-coverage-0.2.3.tgz 19069ms (cache miss)
1701 http fetch GET 200 https://registry.npmjs.org/eslint-plugin-node/-/eslint-plugin-node-11.1.0.tgz 19331ms (cache miss)
1702 http fetch GET 200 https://registry.npmjs.org/@sinonjs/samsam/-/samsam-8.0.0.tgz 19164ms (cache miss)
1703 http fetch GET 200 https://registry.npmjs.org/type-fest/-/type-fest-2.19.0.tgz 19757ms (cache miss)
1704 http fetch GET 200 https://registry.npmjs.org/type-fest/-/type-fest-2.19.0.tgz 19634ms (cache miss)
1705 http fetch GET 200 https://registry.npmjs.org/type-fest/-/type-fest-2.19.0.tgz 19644ms (cache miss)
1706 http fetch GET 200 https://registry.npmjs.org/type-fest/-/type-fest-2.19.0.tgz 19752ms (cache miss)
1707 http fetch GET 200 https://registry.npmjs.org/json-schema-to-typescript/-/json-schema-to-typescript-13.1.1.tgz 20726ms (cache miss)
1708 http fetch GET 200 https://registry.npmjs.org/mocha/-/mocha-10.2.0.tgz 20831ms (cache miss)
1709 http fetch GET 200 https://registry.npmjs.org/type-fest/-/type-fest-3.13.1.tgz 21089ms (cache miss)
1710 http fetch GET 200 https://registry.npmjs.org/resolve/-/resolve-1.22.8.tgz 21303ms (cache miss)
1711 http fetch GET 200 https://registry.npmjs.org/eslint-plugin-es/-/eslint-plugin-es-3.0.1.tgz 21050ms (cache miss)
1712 http fetch GET 200 https://registry.npmjs.org/type-fest/-/type-fest-3.13.1.tgz 21000ms (cache miss)
1713 http fetch GET 200 https://registry.npmjs.org/type/-/type-1.2.0.tgz 21522ms (cache miss)
1714 http fetch GET 200 https://registry.npmjs.org/ts-node/-/ts-node-10.9.1.tgz 21980ms (cache miss)
1715 http fetch GET 200 https://registry.npmjs.org/jsdoc-type-pratt-parser/-/jsdoc-type-pratt-parser-4.0.0.tgz 21741ms (cache miss)
1716 http fetch GET 200 https://registry.npmjs.org/sinon/-/sinon-17.0.1.tgz 22327ms (cache miss)
1717 http fetch GET 200 https://registry.npmjs.org/eslint-plugin-import/-/eslint-plugin-import-2.29.0.tgz 22113ms (cache miss)
1718 http fetch GET 200 https://registry.npmjs.org/eslint-plugin-jsdoc/-/eslint-plugin-jsdoc-46.9.0.tgz 22769ms (cache miss)
1719 http fetch GET 200 https://registry.npmjs.org/@typescript-eslint/utils/-/utils-6.13.2.tgz 22783ms (cache miss)
1720 http fetch GET 200 https://registry.npmjs.org/type/-/type-2.7.2.tgz 22993ms (cache miss)
1721 http fetch GET 200 https://registry.npmjs.org/comment-parser/-/comment-parser-1.4.1.tgz 23010ms (cache miss)
1722 http fetch GET 200 https://registry.npmjs.org/@typescript-eslint/typescript-estree/-/typescript-estree-6.13.2.tgz 23068ms (cache miss)
1723 http fetch GET 200 https://registry.npmjs.org/@typescript-eslint/typescript-estree/-/typescript-estree-6.13.2.tgz 23116ms (cache miss)
1724 http fetch GET 200 https://registry.npmjs.org/@typescript-eslint/typescript-estree/-/typescript-estree-6.13.2.tgz 23109ms (cache miss)
1725 http fetch GET 200 https://registry.npmjs.org/prettier/-/prettier-3.1.0.tgz 24193ms (cache miss)
1726 http fetch GET 200 https://registry.npmjs.org/@types/node/-/node-20.10.3.tgz 23836ms (cache miss)
1727 http fetch GET 200 https://registry.npmjs.org/prettier/-/prettier-2.8.8.tgz 24892ms (cache miss)
1728 http fetch GET 200 https://registry.npmjs.org/eslint-plugin-unicorn/-/eslint-plugin-unicorn-49.0.0.tgz 24906ms (cache miss)
1729 http fetch GET 200 https://registry.npmjs.org/yaml/-/yaml-2.3.4.tgz 25862ms (cache miss)
1730 http fetch GET 200 https://registry.npmjs.org/es5-ext/-/es5-ext-0.10.62.tgz 30354ms (cache miss)
1731 http fetch GET 200 https://registry.npmjs.org/eslint/-/eslint-8.55.0.tgz 30796ms (cache miss)
1732 http fetch GET 200 https://registry.npmjs.org/@typescript-eslint/eslint-plugin/-/eslint-plugin-6.13.2.tgz 33044ms (cache miss)
1733 http fetch GET 200 https://registry.npmjs.org/@typescript-eslint/scope-manager/-/scope-manager-6.13.2.tgz 33675ms (cache miss)
1734 http fetch GET 200 https://registry.npmjs.org/@typescript-eslint/scope-manager/-/scope-manager-6.13.2.tgz 33700ms (cache miss)
1735 http fetch GET 200 https://registry.npmjs.org/@typescript-eslint/scope-manager/-/scope-manager-6.13.2.tgz 33712ms (cache miss)
1736 http fetch GET 200 https://registry.npmjs.org/typescript/-/typescript-5.3.2.tgz 34263ms (cache miss)
1737 http fetch GET 200 https://registry.npmjs.org/@swc/core-win32-x64-msvc/-/core-win32-x64-msvc-1.3.80.tgz 34047ms (cache miss)
1738 http fetch GET 200 https://registry.npmjs.org/@types/lodash/-/lodash-4.14.200.tgz 34384ms (cache miss)
1739 http fetch GET 200 https://registry.npmjs.org/es-abstract/-/es-abstract-1.22.3.tgz 40407ms (cache miss)
1740 info run @swc/core@1.3.80 postinstall node_modules/@swc/core node postinstall.js
1741 info run es5-ext@0.10.62 postinstall node_modules/es5-ext  node -e "try{require('./_postinstall')}catch(e){}" || exit 0
1742 info run @swc/core@1.3.80 postinstall { code: 0, signal: null }
1743 info run es5-ext@0.10.62 postinstall { code: 0, signal: null }
1744 verbose stack Error: command failed
1744 verbose stack     at promiseSpawn (C:\Program Files\nodejs\node_modules\npm\node_modules\@npmcli\promise-spawn\lib\index.js:22:22)
1744 verbose stack     at spawnWithShell (C:\Program Files\nodejs\node_modules\npm\node_modules\@npmcli\promise-spawn\lib\index.js:124:10)
1744 verbose stack     at promiseSpawn (C:\Program Files\nodejs\node_modules\npm\node_modules\@npmcli\promise-spawn\lib\index.js:12:12)
1744 verbose stack     at runScriptPkg (C:\Program Files\nodejs\node_modules\npm\node_modules\@npmcli\run-script\lib\run-script-pkg.js:77:13)
1744 verbose stack     at runScript (C:\Program Files\nodejs\node_modules\npm\node_modules\@npmcli\run-script\lib\run-script.js:12:10)
1744 verbose stack     at async Install.exec (C:\Program Files\nodejs\node_modules\npm\lib\commands\install.js:163:9)
1744 verbose stack     at async Npm.exec (C:\Program Files\nodejs\node_modules\npm\lib\npm.js:207:9)
1744 verbose stack     at async module.exports (C:\Program Files\nodejs\node_modules\npm\lib\cli\entry.js:74:5)
1745 verbose pkgid @mdn/browser-compat-data@5.4.4
1746 error code 1
1747 error path C:\Users\sohar\OneDrive\Desktop\doodlepad\doodlepad\clear\_cacache\tmp\git-clone73Y0Sa
1748 error command failed
1749 error command C:\WINDOWS\system32\cmd.exe /d /s /c husky install && npm run gentypes
1750 verbose cwd C:\Users\sohar\OneDrive\Desktop\doodlepad\doodlepad\clear\_cacache\tmp\git-clone73Y0Sa
1751 verbose os Windows_NT 10.0.26100
1752 verbose node v22.17.0
1753 verbose npm  v10.9.2
1754 verbose exit 1
1755 verbose code 1
1756 error A complete log of this run can be found in: C:\Users\sohar\OneDrive\Desktop\doodlepad\doodlepad\clear\_logs\2025-07-17T19_01_58_468Z-debug-0.log
